p_val,avg_log2FC,pct.1,pct.2,p_val_adj,cluster,gene
0,0.9216689665113815,1,0.981,0,0,MT-CYB
0,0.904450434446844,1,0.983,0,0,MT-ND4
0,0.8053003560470735,0.997,0.929,0,0,MT-ND5
0,0.7922575514155721,1,0.986,0,0,MT-ATP6
0,0.773377776633243,0.999,0.984,0,0,MT-CO3
0,0.7210210983249419,0.999,0.973,0,0,MT-ND2
0,0.698278284874533,0.999,0.985,0,0,MT-CO2
0,0.6836859831950801,0.754,0.465,0,0,IL7R
0,0.6658817624354052,1,0.98,0,0,MT-ND3
0,0.5809627716228536,0.999,0.961,0,0,MT-ND1
0,0.5504203547829292,1,0.99,0,0,MT-CO1
6.1678843450700226e-204,0.29425693899378036,0.908,0.827,1.8721996141025546e-199,0,JUND
6.443284351704741e-175,0.25979440267454024,0.906,0.848,1.955794532116457e-170,0,HSP90AB1
3.225086784080834e-165,0.39241477495271715,0.503,0.4,9.789428424398963e-161,0,CNOT6L
7.871981403099067e-160,0.28891908683559064,0.793,0.701,2.389461235096691e-155,0,ZFP36L2
1.894710938941949e-108,0.3270532498839459,0.365,0.279,5.751205584064392e-104,0,AC058791.1
1.1499908867412476e-107,0.2933178879989409,0.633,0.571,3.490682337614383e-103,0,SRSF7
2.512175342852626e-97,0.35538129288137,0.507,0.463,7.625457035694861e-93,0,DYNLL1
1.0961142631673614e-90,0.32677428241784157,0.526,0.484,3.327145234418209e-86,0,FUS
3.300458275619602e-84,0.301852415134259,0.571,0.535,1.001821104981574e-79,0,DDX3X
4.542273363692518e-75,0.2760251630301884,0.582,0.566,1.3787616568152268e-70,0,XIST
1.8699799670441418e-47,0.27746204734791147,0.624,0.614,5.676137191965788e-43,0,ANXA1
0,2.387008654206991,0.983,0.672,0,1,HSPA1A
0,2.1148168025605654,0.976,0.496,0,1,HSPA1B
0,1.784781815959958,0.944,0.636,0,1,DNAJB1
0,1.5918198101466525,0.993,0.93,0,1,HSP90AA1
0,1.3790462879485204,0.861,0.523,0,1,HSPE1
0,1.3034856303223854,0.838,0.438,0,1,HSPH1
0,1.3019415423574467,0.727,0.43,0,1,HSPD1
0,1.1867624579307952,0.495,0.144,0,1,HSPA6
0,1.0842275110813935,0.975,0.952,0,1,UBC
0,1.0425820434714006,0.896,0.849,0,1,HSP90AB1
0,0.8259500750870341,0.675,0.562,0,1,DNAJA1
0,0.6943064932203249,0.58,0.29,0,1,CACYBP
0,0.6630680932835735,0.85,0.736,0,1,HSPA8
0,0.6264163090471708,0.808,0.584,0,1,CCL5
0,0.5738600247472954,0.893,0.809,0,1,UBB
0,0.5623836006102498,0.747,0.487,0,1,IL32
0,0.5354501413892939,0.497,0.247,0,1,CHORDC1
0,0.4922770178215405,0.385,0.155,0,1,ZFAND2A
0,0.4734861831340988,0.475,0.22,0,1,TCP1
0,0.46620969508456667,0.314,0.094,0,1,BAG3
0,0.4660210410027261,0.997,0.991,0,1,RPS3
0,0.452448086313551,0.352,0.143,0,1,MRPL18
0,0.4084462489296011,0.408,0.202,0,1,AHSA1
0,0.40609845161140645,0.573,0.338,0,1,TRAC
0,0.3852997836683727,1,0.993,0,1,MALAT1
0,0.3522059074701079,0.335,0.148,0,1,DEDD2
0,0.33341438119551614,0.25,0.092,0,1,DNAJA4
0,0.33292807631459465,0.606,0.387,0,1,CD3E
0,0.33159164539739816,0.997,0.993,0,1,RPL3
0,0.3269161815296691,0.475,0.27,0,1,RARRES3
0,0.32392581481811256,0.997,0.988,0,1,RPL23A
0,0.315980876683735,0.264,0.089,0,1,DNAJB4
0,0.3036452274651493,0.997,0.992,0,1,RPL19
0,0.29924752678245037,0.998,0.997,0,1,RPS14
0,0.2935423817895435,1,0.997,0,1,RPS27
6.089347854524186e-304,0.31987345544365087,0.465,0.269,1.8483606477622715e-299,1,HSPB1
2.349703446204309e-292,0.4971346667243135,0.521,0.326,7.13228984060856e-288,1,GZMK
1.223702306894417e-289,0.3362034486906741,0.437,0.259,3.714425982347314e-285,1,TAF7
5.489442182859122e-288,0.2942130534215788,0.998,0.987,1.666265280185058e-283,1,RPS29
3.200890907532114e-286,0.2986770011013484,0.991,0.984,9.715984260722978e-282,1,RPL7A
3.868497086689709e-283,0.2854303265599012,0.998,0.993,1.1742436056937943e-278,1,RPL30
2.724918320150206e-274,0.2800947779502242,0.311,0.159,8.271217068983934e-270,1,TECR
9.807458895923584e-270,0.2605685901768453,1,0.999,2.976956073268645e-265,1,RPL10
1.556196049916657e-269,0.30536528892309944,0.636,0.417,4.7236774899170207e-265,1,CD3D
1.8124933894482102e-266,0.3617012901209926,0.76,0.599,5.501642434331097e-262,1,MYL12A
7.179980552254154e-259,0.26996990385307607,0.998,0.996,2.179411296831226e-254,1,RPS4X
5.274155410400687e-245,0.3017502246322563,0.353,0.199,1.6009171332730247e-240,1,NABP1
1.696112348025956e-242,0.25281384693783004,0.453,0.272,5.1483794211979866e-238,1,CD3G
9.998245924802616e-226,0.8009127386179955,0.748,0.666,3.034867568014586e-221,1,JUN
6.412430842255697e-206,0.2638484412626627,0.81,0.64,1.9464292578582942e-201,1,TXNIP
7.463718979989134e-205,0.34838166988302355,0.732,0.577,2.2655372591859017e-200,1,CD52
2.2405642063755174e-190,0.2992492942180853,0.792,0.688,6.801008592032246e-186,1,HNRNPA2B1
8.544338877992481e-185,0.4299442783224654,0.457,0.306,2.5935486230258378e-180,1,LTB
2.9911685155881745e-180,0.2695210623539288,0.624,0.467,9.079392912216345e-176,1,CD48
7.932568284982922e-180,0.2627781828317497,0.828,0.737,2.407851777223716e-175,1,TOMM7
1.3412939410592759e-174,0.307666774233721,0.533,0.383,4.071363628691326e-170,1,SOD1
6.370176907078833e-171,0.25077856555202116,0.944,0.896,1.933603498374709e-166,1,HLA-C
9.9071431756959e-169,0.25667440220617993,0.337,0.207,3.0072142395507334e-164,1,DOK2
3.3514397262665303e-161,0.30516653483558676,0.784,0.657,1.0172960145109426e-156,1,S100A4
1.3139214302622802e-155,0.2768925550805643,0.706,0.566,3.988277109418125e-151,1,HCST
1.9627213791551762e-154,0.2539669342782629,0.533,0.378,5.957644474287622e-150,1,TRBC2
5.76342052335122e-125,0.30902136568302896,0.442,0.315,1.7494286656580296e-120,1,TRBC1
3.8906785980918045e-109,0.25210899824133215,0.396,0.28,1.1809765816647863e-104,1,RGS2
2.992554368707271e-107,0.25238241514855353,0.313,0.211,9.083599530774051e-103,1,NEU1
9.67603988113604e-81,0.28038627151789064,0.496,0.39,2.9370651455200337e-76,1,KLRB1
1.4364642259581079e-19,0.29674967936539476,0.499,0.453,4.3602435114732405e-15,1,CD69
1.8482481347934686e-4,0.26874326494629486,0.713,0.712,1,1,FOS
0,3.693333967633943,0.995,0.449,0,2,CCL4
0,3.267839246675548,0.81,0.192,0,2,CCL4L2
0,1.7268102574136683,0.437,0.105,0,2,IFNG
0,1.425413550216061,0.453,0.166,0,2,CCL3
0,1.401627377359019,0.454,0.179,0,2,XCL2
0,1.0607235749818915,0.339,0.148,0,2,XCL1
0,1.0145542472464402,0.922,0.578,0,2,CCL5
0,0.9108479682365245,0.806,0.404,0,2,NKG7
0,0.8295040104481528,0.715,0.439,0,2,CD69
0,0.8109619945638323,0.584,0.353,0,2,DUSP2
0,0.77320149239216,0.644,0.362,0,2,NR4A2
0,0.723953004304468,0.502,0.225,0,2,KLRD1
0,0.6684520749534948,0.547,0.326,0,2,GZMK
0,0.658467769982815,0.717,0.413,0,2,CST7
0,0.6332586998884443,0.291,0.1,0,2,CRTAM
0,0.6222904924926373,0.546,0.333,0,2,SLA
0,0.552743516429312,0.258,0.064,0,2,TNFSF9
0,0.5074995677377756,0.987,0.947,0,2,H3F3B
0,0.45041080637429864,0.397,0.195,0,2,CMC1
0,0.4411319307452076,0.381,0.19,0,2,PRF1
0,0.4406397715803736,0.724,0.401,0,2,GZMA
0,0.40607562886292103,0.753,0.564,0,2,HCST
0,0.404881499782114,0.428,0.237,0,2,TAGAP
0,0.402394499087104,0.342,0.152,0,2,GZMH
0,0.3473520509224922,0.485,0.265,0,2,GZMM
0,0.30595154155438387,0.292,0.119,0,2,CCL3L1
9.95855909116895e-266,0.2725238512302167,0.266,0.123,3.022821026533423e-261,2,NFKBID
1.166860465139955e-264,0.323871557813319,0.364,0.191,3.5418882558858195e-260,2,GZMB
6.500438519317749e-254,0.42313010209220037,0.522,0.338,1.9731431081537096e-249,2,CEMIP2
1.7672252391306464e-244,0.36302529171212067,0.439,0.272,5.364235490857164e-240,2,AMD1
1.2417984186524255e-220,0.2616152667403611,0.364,0.205,3.7693549199775723e-216,2,APOBEC3G
2.0613449504525748e-220,0.41473752667919617,0.533,0.365,6.257006462603745e-216,2,PIK3R1
1.7298340967771362e-214,0.44120750564839883,0.89,0.81,5.250738417357319e-210,2,UBB
3.340827492567934e-209,0.4199605231716772,0.886,0.781,1.0140747770940708e-204,2,ZFP36
1.589232972388712e-206,0.4262368265576042,0.617,0.446,4.823957764388697e-202,2,ID2
9.194641928550772e-205,0.3435535409202788,0.533,0.364,2.7909416109923014e-200,2,CLEC2B
1.5697787801971537e-186,0.35041252292856007,0.479,0.325,4.7649065094104406e-182,2,RNF19A
2.3633355565877574e-186,0.5662293285248756,0.777,0.648,7.173668748466479e-182,2,DNAJB1
3.046652203417221e-182,0.3864316861161443,0.698,0.567,9.247808098252633e-178,2,SRSF7
7.559151309121611e-182,0.33616269843326707,0.348,0.209,2.294504788370774e-177,2,NR4A1
1.1231214543089007e-179,0.272567257739611,0.333,0.192,3.409122862409237e-175,2,CD8A
2.6566146851717875e-179,0.2553253052418036,0.279,0.154,8.063888215370444e-175,2,RASGEF1B
2.7909009354516634e-176,0.42946177478299075,0.695,0.562,8.471500699469979e-172,2,DNAJA1
4.924861287762794e-160,0.3118286449544414,0.339,0.21,1.4948923952875186e-155,2,NEU1
3.7429915360519968e-146,0.3049057040017906,0.814,0.736,1.1361476508532231e-141,2,CALM1
2.654609191625535e-138,0.38856659945881145,0.908,0.828,8.057800740260149e-134,2,JUND
7.400047184937065e-133,0.32613686562208866,0.443,0.315,2.2462103225157967e-128,2,TUBA4A
1.1384454935302072e-132,0.40156823769390204,0.834,0.735,3.455637451061591e-128,2,CXCR4
4.583545995958493e-122,0.29233868026821597,0.699,0.589,1.3912895516132409e-117,2,FOSB
9.322994630110164e-122,0.36199957305293307,0.972,0.932,2.829901790023639e-117,2,HSP90AA1
1.30098815208795e-121,0.2818206040495189,0.411,0.289,3.949019436847763e-117,2,BTG2
2.726434704105665e-116,0.33006687345780916,0.739,0.637,8.275819900842335e-112,2,KLF6
5.1479950590438574e-113,0.3516194631513939,0.437,0.319,1.5626224202221724e-108,2,GADD45B
2.7848903109353634e-104,0.26222480605961673,0.575,0.455,8.453256049813202e-100,2,YPEL5
1.0217029719471401e-100,0.2885918418962652,0.483,0.373,3.101277201048349e-96,2,ZFP36L1
1.0256058269778e-94,0.3586595720494148,0.455,0.354,3.113123927208414e-90,2,ZNF331
2.0406478529554462e-91,0.2895076234154297,0.809,0.739,6.194182492860961e-87,2,HSPA8
4.2963514473454456e-91,0.32967232595906637,0.783,0.708,1.3041145183272365e-86,2,FOS
4.820544130207494e-81,0.2573713117708917,0.503,0.406,1.4632279652831825e-76,2,IFITM2
1.3819076204340946e-79,0.2698543520701753,0.567,0.469,4.1946423910656507e-75,2,REL
2.516210635548319e-77,0.304645370542564,0.745,0.667,7.637705763143367e-73,2,JUN
1.2103499290741592e-67,0.3080777710121958,0.316,0.235,3.673896174711703e-63,2,DUSP4
5.543468960523028e-58,0.2610142454000366,0.612,0.522,1.68266456827716e-53,2,HSPA1B
3.3670410263646446e-54,0.2956768334113631,0.305,0.23,1.0220316331427243e-49,2,AREG
2.030445208749231e-45,0.28433814407054503,0.588,0.52,6.163213386637416e-41,2,DUSP1
0,2.462361502323074,0.997,0.314,0,3,HBB
0,2.2858911057505695,0.99,0.275,0,3,HBA2
0,1.7239202538287295,0.9,0.161,0,3,HBA1
5.3934953893540844e-297,0.31934924549235877,0.999,0.993,1.6371415904845388e-292,3,RPL30
1.6998092202061752e-286,0.3250974337714183,0.998,0.991,5.159600907013824e-282,3,RPS3
4.436853827959848e-285,0.553550528347488,0.678,0.472,1.3467626109389323e-280,3,IL7R
6.95343094027573e-247,0.3512020694658249,0.537,0.342,2.110644427611295e-242,3,TRAC
5.4617329810697955e-245,0.29031859899550927,0.997,0.992,1.6578544290739258e-240,3,RPL19
5.343008785182262e-215,0.2621557899637743,0.995,0.984,1.621816886654224e-210,3,RPL7A
6.017523673420724e-208,0.2851541263347901,0.998,0.987,1.8265591358301264e-203,3,RPS29
5.0213158750295685e-203,0.30248480286191826,0.442,0.278,1.5241702207064751e-198,3,KIAA1551
8.949799481809924e-199,0.26970451462722256,0.997,0.993,2.7166221347085844e-194,3,RPL3
2.7614885720185242e-182,0.30046279659398145,0.684,0.493,8.382222411505029e-178,3,IL32
1.683792741834307e-180,0.33592138021221785,0.468,0.306,5.1109844885638554e-176,3,LTB
4.4534268236438296e-178,0.29329757639561127,0.583,0.407,1.351793178048848e-173,3,CD2
1.771425634076774e-152,0.35668140520029956,0.762,0.644,5.37698536967664e-148,3,TXNIP
1.8270250453468496e-152,0.2563787526672985,0.589,0.43,5.5457518226458276e-148,3,ETS1
3.4845732116631772e-134,0.26594975078939553,0.838,0.731,1.0577073526682408e-129,3,PTPRC
7.045041773383979e-82,0.2647115388110808,0.423,0.317,2.138451979892973e-77,3,TRBC1
1.3917871071863033e-73,0.2999333154155659,0.69,0.593,4.2246305851533047e-69,3,CCL5
9.493179630236564e-51,0.25442380347001325,0.414,0.334,2.8815597449620067e-46,3,GZMK
2.735002597122996e-19,0.30919816747194906,0.551,0.526,8.301826883307142e-15,3,HSPA1B
1.4706579008578324e-7,0.25953080445720955,0.801,0.835,0.004464034992263864,3,JUND
2.0412589036174872e-7,0.26117339918285865,0.349,0.334,0.006196037276040521,3,RGCC
0,1.758447429045516,0.977,0.454,0,4,IL7R
0,1.30756981803387,0.927,0.598,0,4,TNFAIP3
0,1.1643385773055686,0.957,0.692,0,4,ZFP36L2
0,1.1583160014954932,0.976,0.711,0,4,TSC22D3
0,1.0847822398344977,0.989,0.726,0,4,CXCR4
0,1.0801679109882365,0.691,0.313,0,4,RGCC
0,1.064921242084846,0.979,0.777,0,4,BTG1
0,1.0264328035019121,0.778,0.374,0,4,KLRB1
0,0.975790598170484,0.872,0.629,0,4,KLF6
0,0.8696442317486106,0.833,0.601,0,4,ANXA1
0,0.8692299297942122,0.759,0.332,0,4,ARL4C
0,0.8488219727314041,0.765,0.284,0,4,RORA
0,0.8423321883520387,0.951,0.826,0,4,JUND
0,0.7003457685959891,1,0.999,0,4,TPT1
0,0.6854058739643392,0.723,0.477,0,4,RGS1
0,0.6733567619939136,0.912,0.583,0,4,SARAF
0,0.6698268953855827,0.81,0.394,0,4,CD2
0,0.6593115316852372,0.841,0.444,0,4,CYTIP
0,0.631723276022826,0.722,0.439,0,4,CD69
0,0.6225485576718237,0.763,0.517,0,4,NFKBIA
0,0.6179680041271717,0.71,0.362,0,4,PPP1R2
0,0.5965794357664859,0.712,0.28,0,4,PIK3IP1
0,0.5886591385670358,0.65,0.295,0,4,LTB
0,0.5823277892834384,0.797,0.37,0,4,GPR183
0,0.5744074882305704,0.824,0.441,0,4,LEPROTL1
0,0.5727576839651838,0.594,0.26,0,4,FAM107B
0,0.5697811094115961,0.793,0.527,0,4,CREM
0,0.5658475782461103,0.662,0.255,0,4,SPOCK2
0,0.5562428279675093,0.76,0.379,0,4,SMAP2
0,0.5471604089182618,1,0.998,0,4,EEF1A1
0,0.5442442184492239,0.456,0.135,0,4,ICOS
0,0.5279207538678783,1,1,0,4,RPLP1
0,0.5243877738668168,1,0.993,0,4,RPL30
0,0.5236386692116128,0.999,0.98,0,4,RPS2
0,0.5188935771271801,0.999,0.991,0,4,RPS3
0,0.5065678236482172,0.895,0.781,0,4,ZFP36
0,0.5042431573045201,0.529,0.214,0,4,GIMAP7
0,0.50233273437239,0.633,0.289,0,4,STK17A
0,0.4991837588577798,0.55,0.214,0,4,PTGER4
0,0.49479680065011644,0.63,0.395,0,4,DDIT4
0,0.47682611045517165,0.744,0.386,0,4,CNOT6L
0,0.4705671605919943,1,0.993,0,4,RPL3
0,0.47014182761432227,0.515,0.237,0,4,CRYBG1
0,0.46393116997286077,0.999,0.989,0,4,RPL9
0,0.4634455334274932,0.702,0.353,0,4,FYN
0,0.46164451267121276,0.999,0.996,0,4,RPS4X
0,0.45859762979748764,0.968,0.847,0,4,EEF1B2
0,0.4576142518552073,0.839,0.526,0,4,STK4
0,0.45586593556405575,1,0.99,0,4,RPL13
0,0.44938731212445493,1,0.994,0,4,RPS3A
0,0.4482954606338496,0.543,0.31,0,4,TRBC1
0,0.44565873386168264,0.339,0.072,0,4,CD40LG
0,0.4447769147949764,0.804,0.457,0,4,CD48
0,0.4419404325564117,0.467,0.158,0,4,ODF2L
0,0.4373194564357714,1,0.995,0,4,RPS27A
0,0.43725399310984875,0.481,0.178,0,4,MGAT4A
0,0.43573243612330126,0.984,0.857,0,4,SRGN
0,0.435085245267143,0.999,0.992,0,4,RPL19
0,0.4326600991115628,1,0.999,0,4,RPL10
0,0.4269112027837183,0.999,0.988,0,4,RPL23A
0,0.4245643619368783,0.265,0.104,0,4,BATF
0,0.42453529290712566,0.312,0.066,0,4,CCR6
0,0.4187674833079127,1,0.987,0,4,RPS29
0,0.4184827459135001,0.727,0.419,0,4,SAMSN1
0,0.41681481290044753,0.579,0.267,0,4,AC058791.1
0,0.4160746491852828,0.656,0.371,0,4,ANKRD12
0,0.41000500429904085,0.465,0.169,0,4,PDE4D
0,0.407964996416049,1,0.996,0,4,RPS14
0,0.4047059186155929,0.672,0.334,0,4,TRAC
0,0.39811908890212455,0.455,0.164,0,4,PLK3
0,0.3970652517953349,0.423,0.177,0,4,GPR171
0,0.395822188855961,1,0.996,0,4,RPL32
0,0.395627796152906,0.997,0.979,0,4,RPL14
0,0.3935635074368975,0.577,0.344,0,4,MYADM
0,0.39146551426533227,0.955,0.785,0,4,RPL36AL
0,0.3913295072892099,0.5,0.233,0,4,TAGAP
0,0.38774305202041237,1,0.997,0,4,RPS12
0,0.38765333812771313,0.483,0.188,0,4,CDKN1B
0,0.3855290630622523,0.999,0.995,0,4,RPL11
0,0.3853359238457703,0.787,0.409,0,4,CD3D
0,0.3850820618394204,0.639,0.329,0,4,PDCD4
0,0.38394749475788204,0.406,0.125,0,4,CDC14A
0,0.38391747189931713,0.748,0.42,0,4,ETS1
0,0.38129597451246555,0.676,0.389,0,4,FAM177A1
0,0.37905275657413273,0.709,0.388,0,4,PPP2R5C
0,0.3758923294714025,0.998,0.986,0,4,RPS16
0,0.37387201568325334,0.656,0.372,0,4,TRBC2
0,0.36969761020239106,0.381,0.116,0,4,SNX9
0,0.368734182124709,0.999,0.993,0,4,RPS23
0,0.36502337106250726,0.981,0.926,0,4,RPSA
0,0.36452305837597865,0.931,0.732,0,4,TOMM7
0,0.3624435181443172,0.288,0.077,0,4,SESN1
0,0.3572324901704493,0.414,0.199,0,4,PHLDA1
0,0.3548833515303418,0.979,0.913,0,4,RPS10
0,0.35134489790458084,0.463,0.211,0,4,NDUFV2
0,0.3494301568788989,0.725,0.381,0,4,CD3E
0,0.34780653390539085,0.988,0.962,0,4,MT-ND1
0,0.34652340867907405,0.688,0.408,0,4,PPP1CB
0,0.3463013639605041,0.372,0.126,0,4,PDE3B
0,0.34599204719127297,0.698,0.388,0,4,ISG20
0,0.3458666554381114,0.38,0.141,0,4,FAM129A
0,0.3449471003621446,0.374,0.134,0,4,SATB1
0,0.34356372250833944,0.591,0.324,0,4,IDS
0,0.34272223926331674,0.472,0.231,0,4,CLEC2D
0,0.34176632435915083,0.495,0.227,0,4,HNRNPUL1
0,0.34118927345261363,0.445,0.174,0,4,ARHGAP15
0,0.3397564635830636,0.378,0.152,0,4,SC5D
0,0.3388688098257406,0.44,0.189,0,4,ARL4A
0,0.3364307918537275,0.957,0.887,0,4,RPLP0
0,0.33540210730173586,0.314,0.081,0,4,AQP3
0,0.33390561697618226,0.999,0.99,0,4,RPL18
0,0.3338624952103988,0.491,0.245,0,4,RHOH
0,0.3336814517708633,0.999,0.99,0,4,RPL37
0,0.33185844746258686,0.715,0.445,0,4,ELF1
0,0.33160644568911835,1,0.999,0,4,RPL41
0,0.32899798643694833,1,0.997,0,4,RPS27
0,0.32891774180218936,0.348,0.107,0,4,TTC39C
0,0.32646448619968804,0.685,0.394,0,4,NOP53
0,0.3254965002160021,0.501,0.233,0,4,FKBP5
0,0.3185031048983853,0.338,0.12,0,4,PMEPA1
0,0.3174918916072217,0.706,0.433,0,4,STK17B
0,0.31739423065774897,0.343,0.105,0,4,RCAN3
0,0.31553247441053056,1,0.996,0,4,RPS19
0,0.3152054810776633,0.444,0.226,0,4,NR3C1
0,0.31467602145973805,0.615,0.342,0,4,RSRC2
0,0.3141949226422147,0.993,0.949,0,4,RPS21
0,0.3109487610891115,0.429,0.183,0,4,NDFIP1
0,0.31007800996382384,0.847,0.558,0,4,SRSF7
0,0.30938454702144436,0.6,0.345,0,4,CCNH
0,0.309362939590728,0.601,0.328,0,4,SF1
0,0.3088909231366045,0.502,0.277,0,4,TGFB1
0,0.30841277553107016,0.997,0.984,0,4,RPL7A
0,0.30691693262278963,0.573,0.308,0,4,ARID4B
0,0.30687175734896255,0.363,0.142,0,4,TRAT1
0,0.3064355852388062,0.742,0.48,0,4,CCNI
0,0.30636847198047124,0.537,0.273,0,4,KIAA1551
0,0.30628310882368115,0.38,0.167,0,4,IER5
0,0.30602531047803083,0.997,0.982,0,4,RPS13
0,0.3058967234524399,0.998,0.987,0,4,RPL35A
0,0.3030961275641192,0.732,0.445,0,4,DDX24
0,0.30262710109114455,0.521,0.286,0,4,GLIPR1
0,0.3024340384461942,0.316,0.114,0,4,NSMCE3
0,0.30197140544151685,0.423,0.18,0,4,PER1
0,0.30173942320721525,0.29,0.081,0,4,AP3M2
0,0.29949408595563226,0.409,0.188,0,4,ANKRD28
0,0.29909353373335446,0.998,0.979,0,4,RPS25
0,0.29855377834244645,0.283,0.064,0,4,TNFRSF25
0,0.29805490979969984,0.406,0.165,0,4,PBXIP1
0,0.2980450793794014,0.998,0.99,0,4,EIF1
0,0.29803279914482117,0.513,0.265,0,4,G3BP2
0,0.29537898914810157,1,0.995,0,4,RPL34
0,0.29445886601305826,0.923,0.772,0,4,NPM1
0,0.29409953919109627,0.465,0.228,0,4,FOXP1
0,0.29339294389811554,0.999,0.99,0,4,RPS9
0,0.29198295277572317,0.992,0.962,0,4,RPL5
0,0.2902298144578679,0.38,0.153,0,4,DNAJB9
0,0.28905846137263547,0.377,0.166,0,4,GSPT1
0,0.2879663987282496,0.303,0.109,0,4,PTGER2
0,0.2867452584843431,0.467,0.233,0,4,SEPT6
0,0.2855688971867024,0.47,0.222,0,4,STAT4
0,0.2845646198680373,0.385,0.189,0,4,TANK
0,0.28365966235505424,0.301,0.102,0,4,RELB
0,0.283035092515991,0.335,0.119,0,4,P2RY10
0,0.2827927257834554,0.315,0.096,0,4,CAMK4
0,0.2826978108726636,0.257,0.065,0,4,FURIN
0,0.2822974955962338,0.366,0.168,0,4,GIMAP4
0,0.28162350245113377,0.984,0.931,0,4,RPL22
0,0.28000126708188555,0.369,0.15,0,4,RBMS1
0,0.27955245658090044,0.999,0.995,0,4,RPS15A
0,0.2794353041000125,0.507,0.275,0,4,IVNS1ABP
0,0.2792273283079966,0.392,0.171,0,4,ITK
0,0.278855176858265,0.999,0.99,0,4,RPS6
0,0.277969870497394,0.382,0.158,0,4,GTF2B
0,0.27743465441328996,0.345,0.131,0,4,AC016831.7
0,0.27714759930800914,0.419,0.209,0,4,TIPARP
0,0.2760306701388155,0.312,0.105,0,4,YIPF5
0,0.27354541202330873,1,0.994,0,4,RPS28
0,0.27204369527259986,0.336,0.135,0,4,PIM1
0,0.27096742957332376,0.999,0.991,0,4,RPLP2
0,0.27091423486190286,0.291,0.086,0,4,NCK2
0,0.2682289966146459,0.475,0.231,0,4,AAK1
0,0.26781150480512267,0.29,0.091,0,4,BICDL1
0,0.2663487524116257,0.99,0.949,0,4,RPL38
0,0.2662886331681029,0.452,0.225,0,4,MRFAP1
0,0.26592557176085707,1,0.997,0,4,RPS18
0,0.26350640648835155,0.317,0.126,0,4,IPCEF1
0,0.2633646751778215,0.413,0.201,0,4,ARID5A
0,0.2622859783631723,0.367,0.159,0,4,UBALD2
0,0.2622552882796465,0.3,0.106,0,4,LPIN2
0,0.2619659704103369,0.353,0.149,0,4,ERN1
0,0.2609782990287043,0.353,0.142,0,4,TCF7
0,0.26019434395694235,0.48,0.239,0,4,TNFAIP8
0,0.2601488411727375,0.408,0.193,0,4,NSD3
0,0.2598041050181792,0.485,0.248,0,4,EPC1
0,0.25890477130487,0.999,0.992,0,4,RPL21
0,0.25829917295813487,0.486,0.26,0,4,IKZF1
0,0.2551540182261574,0.514,0.276,0,4,EML4
0,0.25432946923165217,0.448,0.224,0,4,H2AFV
0,0.2540339337765484,0.439,0.213,0,4,SMDT1
0,0.25367855001272277,0.313,0.115,0,4,DYNLT3
0,0.25367726806709356,0.601,0.349,0,4,CDC42SE2
4.669586775397323e-306,0.26628100086243744,0.994,0.968,1.4174063698041035e-301,4,RPL10A
1.851423956849519e-304,0.2671788413505372,0.276,0.118,5.61981227862103e-300,4,CCR7
3.020888382530249e-293,0.26751186869586735,0.413,0.213,9.169604596332317e-289,4,PRDM1
1.0078459402226266e-290,0.26222332676485927,0.627,0.381,3.059215566951761e-286,4,KMT2E
3.7667063395854883e-283,0.63083179159494,0.835,0.738,1.1433460423177791e-278,4,JUNB
1.0187319254457567e-281,0.28744005947727036,0.539,0.318,3.09225888649805e-277,4,FYB1
2.2334716795087327e-277,0.25821859294086125,0.507,0.288,6.779479935980807e-273,4,SMCHD1
8.008653553310754e-277,0.27282454584028526,0.378,0.194,2.4309466995719463e-272,4,UGP2
9.187281316824049e-270,0.30672014504028744,0.706,0.459,2.7887073709087716e-265,4,EZR
4.0640883259041734e-254,0.25301495990390976,0.615,0.38,1.233613370444953e-249,4,RUNX3
6.11357619585464e-254,0.3534759993584702,0.802,0.581,1.8557149184897175e-249,4,MCL1
5.34242082512366e-253,0.2866922984598962,0.565,0.344,1.6216384172580357e-248,4,AHNAK
8.736879418142265e-253,0.2715557461852387,0.828,0.579,2.651992378582903e-248,4,ARHGDIB
3.3933402084573374e-251,0.2674533823604064,0.808,0.561,1.0300144868751402e-246,4,CD44
8.253251249940417e-229,0.2517926060861627,0.604,0.385,2.5051918844069143e-224,4,GNAS
3.232459335255479e-228,0.2568628471258467,0.878,0.704,9.81180706623448e-224,4,HNRNPA1
3.374478968571094e-211,0.27341551106098927,0.864,0.653,1.0242893461200699e-206,4,S100A4
3.399832354810528e-211,0.3673136009983569,0.29,0.151,1.0319851129791876e-206,4,CEBPD
1.4499651622349031e-208,0.4309030512409321,0.513,0.335,4.401224253447825e-204,4,LMNA
1.3701247369871244e-194,0.47017987738685596,0.742,0.668,4.1588766266507174e-190,4,JUN
1.4195384186020542e-181,0.578412007540924,0.922,0.893,4.3088669158246755e-177,4,VIM
1.2300349169925475e-176,0.5301579772918534,0.76,0.645,3.7336479870391786e-172,4,TXNIP
9.87481781574873e-110,0.37724621074144027,0.636,0.517,2.9974021997923696e-105,4,DUSP1
5.40013879996189e-90,0.4560847791753447,0.262,0.172,1.639158131340432e-85,4,KLF2
3.578826442247229e-46,0.38023809271637754,0.708,0.713,1.086316978279724e-41,4,FOS
0,1.4905866298527712,0.965,0.552,0,5,RPL17
0,1.3516412163177385,0.622,0.4,0,5,CRIP1
0,0.9718399209588435,0.949,0.729,0,5,RPL36A
0,0.9284818297400972,0.956,0.687,0,5,RPS26
0,0.8361180412323639,0.436,0.062,0,5,SNHG6
0,0.7667599733413644,0.404,0.065,0,5,GAS5
0,0.6780768252628462,0.432,0.127,0,5,EEF1G
0,0.6508658965014862,0.623,0.53,0,5,YWHAZ
0,0.6469526730305661,0.997,0.949,0,5,RPS21
0,0.6467257033973364,0.353,0.06,0,5,LINC-PINT
0,0.6467082406359922,0.575,0.337,0,5,RPS17
0,0.5623239634954182,0.993,0.949,0,5,RPL38
0,0.5612976868507673,0.338,0.067,0,5,SEPTIN7
0,0.5385598288003419,1,0.987,0,5,RPS29
0,0.5261381062293025,0.961,0.861,0,5,RPL23
0,0.5241331034042482,0.303,0.059,0,5,SNHG5
0,0.5211166164645703,0.319,0.067,0,5,SNHG29
0,0.5127887684223547,0.416,0.242,0,5,EIF4A1
0,0.47666456171658456,0.257,0.038,0,5,RESF1
0,0.47264349032284336,1,0.995,0,5,RPL39
0,0.4364859611395328,0.301,0.103,0,5,RNASEK
0,0.42124368400197854,0.262,0.054,0,5,ATP6V0C
0,0.40987359463503736,1,0.997,0,5,RPS27
0,0.3752829990438915,0.546,0.293,0,5,EGR1
3.6342040510767316e-304,0.42200143219917585,1,0.993,1.1031262976638311e-299,5,MALAT1
1.5605806165609303e-268,0.3607975691245926,1,0.994,4.736986403509048e-264,5,RPS28
2.261731755762684e-268,0.3133435464695955,1,0.999,6.865260571442051e-264,5,RPL41
7.890547045758077e-260,0.37369647217649815,0.999,0.987,2.395096650269407e-255,5,RPL12
4.5883770273439225e-256,0.5283919430781485,0.744,0.674,1.3927559628799742e-251,5,PABPC1
2.7919563167499334e-243,0.6128161941363832,0.652,0.52,8.474704203862748e-239,5,MT-ND4L
2.7879868923617017e-233,0.3525769479809715,1,0.99,8.462655413074709e-229,5,RPL37
1.674372825043958e-217,0.4256654129870878,0.967,0.902,5.08239127313843e-213,5,RPS20
3.4415790359457236e-206,0.44044050241193305,0.275,0.151,1.044656900570965e-201,5,MT-ATP8
5.261205416014331e-198,0.4574282123746647,0.804,0.737,1.59698629197699e-193,5,CALM1
6.477339863828591e-197,0.3557345780969179,1,0.992,1.9661317422665307e-192,5,RPS8
3.7118750865379085e-167,0.3155430456437982,0.26,0.146,1.1267025637677168e-162,5,BCL11B
6.262476988118231e-158,0.2913280300569814,0.998,0.99,1.900912264973408e-153,5,PTMA
3.6083746048187995e-156,0.47333303464967325,0.536,0.457,1.0952860275466984e-151,5,DDX24
2.301248182132624e-155,0.4878613740648834,0.437,0.328,6.985208732045366e-151,5,RNF19A
1.226623313719038e-147,0.4176365037623172,0.463,0.338,3.723292406462768e-143,5,LMNA
1.081508774827359e-125,0.31897734916074416,0.972,0.914,3.2828117351109654e-121,5,RPS10
3.898194675937687e-125,0.37007132479515503,0.741,0.737,1.1832580119341256e-120,5,PTPRC
2.2702763232277087e-124,0.27070679412285514,1,0.995,6.891196751525388e-120,5,RPL34
5.4159746278252e-117,0.2824444788916163,0.76,0.585,1.6439649385300613e-112,5,FOSB
2.3662628568858576e-115,0.33414806687340604,0.356,0.256,7.182554275791332e-111,5,MIF
6.157208388282375e-114,0.26160678088008626,0.507,0.372,1.8689590341792322e-109,5,ZFP36L1
3.2619926633384674e-112,0.39793369322816574,0.493,0.432,9.901452530297584e-108,5,MBNL1
2.459732239406918e-111,0.25597567002738275,0.916,0.779,7.466271239495759e-107,5,ZFP36
1.1052417576597181e-107,0.3388330367984822,0.286,0.195,3.354850831200308e-103,5,TLE4
1.2418893753836607e-98,0.36148485353362814,0.681,0.613,3.769631010039564e-94,5,TNFAIP3
2.106645151985839e-98,0.3347731581568556,0.89,0.846,6.394510694337815e-94,5,ATP5F1E
6.732310059621839e-96,0.3491862073755425,0.632,0.569,2.043525395497613e-91,5,ZFAS1
7.216075774576488e-95,0.41826000220619763,0.43,0.354,2.190367640614947e-90,5,MYADM
1.002979823779758e-93,0.2750588319691132,0.806,0.725,3.0444449571010774e-89,5,HMGB1
4.158722653635562e-84,0.41615971261898554,0.601,0.539,1.2623386742845385e-79,5,CREM
3.10147386678905e-83,0.4007182711341798,0.476,0.428,9.414213775251482e-79,5,HNRNPH1
9.15985389443345e-82,0.3771543806891492,0.43,0.378,2.7803820511163293e-77,5,SRRM1
1.2041287016709233e-80,0.33835016003240637,0.642,0.562,3.6550122610519204e-76,5,XIST
2.192575940383932e-66,0.31749238170513516,0.311,0.248,6.655345009441387e-62,5,TOP1
1.1679753346025273e-64,0.3173291774087904,0.463,0.421,3.545272330652511e-60,5,NAP1L1
1.855633240110037e-64,0.3163996258273552,0.305,0.24,5.632589137030007e-60,5,SLC38A2
3.538232162988318e-58,0.31706476604856215,0.499,0.46,1.073994990753474e-53,5,YPEL5
1.0155021406437035e-56,0.3307090672096985,0.46,0.439,3.0824551977098976e-52,5,PRRC2C
8.707760038408414e-53,0.27358387540553025,0.283,0.225,2.64315348205849e-48,5,PRPF4B
1.7570912991160193e-51,0.28260899868184475,0.28,0.226,5.333474929336765e-47,5,DDX18
4.420956830569487e-50,0.3321629686643903,0.501,0.472,1.3419372363510622e-45,5,EZR
7.745046184444625e-50,0.25063813021918446,0.695,0.66,2.3509313188263213e-45,5,UQCRB
9.633840611340046e-49,0.3801111205691935,0.416,0.386,2.9242559791661577e-44,5,ANKRD12
1.493898739692187e-44,0.3041281172175911,0.293,0.246,4.534580234461664e-40,5,FAM133B
3.765494076092514e-42,0.2901099030407301,0.318,0.275,1.1429780718571215e-37,5,NSA2
1.4875456157222367e-34,0.2739057699860077,0.303,0.266,4.515295961963277e-30,5,DDX21
2.626122336121857e-33,0.2656929835867996,0.369,0.337,7.971331739064285e-29,5,IDS
6.91831599205609e-33,0.2720376986308106,0.459,0.461,2.0999856362287055e-28,5,HNRNPC
8.21333851578593e-28,0.2590910100049282,0.331,0.303,2.4930767730816613e-23,5,BRD2
6.2470197839166125e-27,0.28493127779947136,0.405,0.377,1.8962203852100486e-22,5,NR4A2
3.7990052303425464e-25,0.2855646234350877,0.516,0.539,1.1531500476181765e-20,5,DDX3X
3.3509787804268413e-20,0.2593284515584289,0.351,0.327,1.0171560990107634e-15,5,ATP1B3
1.3969855978552591e-19,0.3157379495858762,0.323,0.31,4.240410083729853e-15,5,SQSTM1
8.250868572483162e-13,0.2515220012007672,0.465,0.488,2.504468646491539e-8,5,FUS
0,3.059788486125908,0.996,0.946,0,6,FTL
0,2.300727182224453,0.542,0.024,0,6,C1QA
0,2.2386054324925677,0.92,0.24,0,6,HLA-DRA
0,2.1726611122393873,0.904,0.403,0,6,CD74
0,2.1669473789566083,0.492,0.017,0,6,C1QB
0,1.9596934846088454,0.889,0.224,0,6,CST3
0,1.9438388498056616,0.838,0.249,0,6,HLA-DPA1
0,1.8206080865412473,0.797,0.242,0,6,HLA-DRB1
0,1.729571462564166,0.821,0.263,0,6,HLA-DPB1
0,1.639917934405251,0.659,0.199,0,6,PSAP
0,1.6082976468772632,0.58,0.105,0,6,CTSB
0,1.5737524016727549,0.457,0.167,0,6,CCL3
0,1.5665347659420064,0.494,0.245,0,6,CTSD
0,1.5663001908273584,0.697,0.096,0,6,AIF1
0,1.5011715907637055,0.568,0.153,0,6,IER3
0,1.4850640166223785,0.264,0.043,0,6,APOE
0,1.4617844914174312,0.867,0.514,0,6,SAT1
0,1.4452870716473987,0.412,0.01,0,6,C1QC
0,1.4295766155919063,0.659,0.149,0,6,NPC2
0,1.4015892302000748,0.25,0.016,0,6,APOC1
0,1.3583006805772704,0.544,0.12,0,6,CXCL8
0,1.3553021441221407,0.738,0.108,0,6,LYZ
0,1.3516835928617228,0.992,0.956,0,6,FTH1
0,1.3198699741646158,0.759,0.242,0,6,TYROBP
0,1.3033692159290724,0.262,0.017,0,6,RNASE1
0,1.2898908159375841,0.31,0.047,0,6,SELENOP
0,1.2859805474191301,0.397,0.036,0,6,CD14
0,1.2319941347684726,0.33,0.118,0,6,CCL3L1
0,1.207523001060065,0.625,0.136,0,6,HLA-DQB1
0,1.1776819053154597,0.528,0.059,0,6,MS4A6A
0,1.1648624290492937,0.318,0.04,0,6,HMOX1
0,1.1482538741996784,0.319,0.079,0,6,G0S2
0,1.1283708790666234,0.576,0.102,0,6,HLA-DQA1
0,1.1012010462180788,0.914,0.783,0,6,NEAT1
0,1.0715860580281937,0.536,0.184,0,6,SOD2
0,1.0595487916146034,0.368,0.088,0,6,CXCL2
0,1.0465388323536486,0.463,0.054,0,6,CD68
0,1.0306612416362,0.521,0.162,0,6,GLUL
0,1.0228384501995689,0.632,0.192,0,6,FCER1G
0,1.0182522135388568,0.611,0.221,0,6,CTSS
0,0.9499510320606495,0.486,0.091,0,6,FCGRT
0,0.9481445734653191,0.763,0.49,0,6,S100A11
0,0.9473675422697697,0.407,0.089,0,6,SGK1
0,0.9401616235656407,0.539,0.116,0,6,HLA-DMA
0,0.9240716381114165,0.463,0.081,0,6,GRN
0,0.912310811266524,0.344,0.031,0,6,CD163
0,0.9065314955667033,0.285,0.061,0,6,CXCL3
0,0.889167590939718,0.548,0.233,0,6,NAMPT
0,0.8799881603930588,0.619,0.281,0,6,TIMP1
0,0.8654429273520713,0.383,0.038,0,6,MS4A7
0,0.8625694694246271,0.453,0.094,0,6,CTSZ
0,0.8569145693790624,0.323,0.05,0,6,CTSL
0,0.850881094347978,0.772,0.461,0,6,CD63
0,0.8341757819145981,0.418,0.043,0,6,FCGR2A
0,0.7857309661064008,0.48,0.101,0,6,LST1
0,0.7614636852658608,0.357,0.042,0,6,C5AR1
0,0.7191512549742063,0.844,0.619,0,6,LGALS1
0,0.7170106431774305,0.425,0.093,0,6,PLAUR
0,0.7127417156887477,0.425,0.083,0,6,IL1B
0,0.7072008397175282,0.997,0.98,0,6,TMSB10
0,0.6894554615858789,0.311,0.032,0,6,MAFB
0,0.6893439753954805,0.363,0.075,0,6,FGL2
0,0.6832013519254594,0.27,0.035,0,6,IFI30
0,0.672234267970845,0.297,0.089,0,6,CFD
0,0.6660169083462546,0.394,0.144,0,6,BCL2A1
0,0.6555137638612848,0.372,0.069,0,6,MARCKS
0,0.648476455981891,0.356,0.048,0,6,CYBB
0,0.6469351191077657,0.257,0.015,0,6,STAB1
0,0.6460735404676591,0.322,0.019,0,6,CSF1R
0,0.6440492683761094,0.272,0.021,0,6,MRC1
0,0.6431233343274153,0.293,0.014,0,6,MS4A4A
0,0.642195497434692,0.521,0.221,0,6,IFITM3
0,0.6371793357695794,0.4,0.156,0,6,CD83
0,0.6279270279734729,0.404,0.126,0,6,ASAH1
0,0.6215623927447392,0.397,0.183,0,6,CEBPB
0,0.6191868297737924,0.988,0.944,0,6,ACTB
0,0.6154243174003327,0.854,0.712,0,6,ITM2B
0,0.6149948978852056,0.391,0.206,0,6,LGALS3
0,0.5888065579468499,0.268,0.048,0,6,LIPA
0,0.5857159599975708,0.294,0.054,0,6,KLF4
0,0.5789387808752805,0.541,0.294,0,6,EGR1
0,0.574184729196116,0.312,0.065,0,6,PHACTR1
0,0.5714458830161684,0.277,0.118,0,6,FABP5
0,0.565909258622281,0.263,0.053,0,6,FCGR3A
0,0.5605176926050224,0.491,0.213,0,6,ANXA5
0,0.5556519847599455,0.352,0.064,0,6,HLA-DMB
0,0.5527735067159962,0.326,0.051,0,6,CPVL
0,0.5494570194789379,0.3,0.043,0,6,TGFBI
0,0.5431282801814804,0.384,0.098,0,6,C1orf162
0,0.5397276126579432,0.364,0.11,0,6,PLEK
0,0.5298788770553524,0.298,0.031,0,6,KCTD12
0,0.5261425650439775,0.363,0.148,0,6,CEBPD
0,0.5061998873688792,0.281,0.033,0,6,IGSF6
0,0.5000683053055652,0.252,0.053,0,6,PLD3
0,0.49271353435599097,0.325,0.052,0,6,CXCL16
0,0.4879478034645782,0.276,0.031,0,6,CLEC10A
0,0.485643357372635,0.465,0.281,0,6,VAMP8
0,0.4749267501508612,0.305,0.043,0,6,CLEC7A
0,0.4743468663701497,0.322,0.079,0,6,CTSH
0,0.46799314141716375,0.289,0.082,0,6,BLVRB
0,0.46711060778668917,0.292,0.049,0,6,LY96
0,0.4615084272578204,0.269,0.072,0,6,GSN
0,0.4577528491366145,0.281,0.043,0,6,MNDA
0,0.4475989320719047,0.288,0.043,0,6,RNASE6
0,0.44308284553551297,0.291,0.093,0,6,TYMP
0,0.44066206506053424,0.273,0.112,0,6,ATF3
0,0.43713436853980603,0.251,0.064,0,6,NLRP3
0,0.42591092978235556,0.289,0.05,0,6,MFSD1
0,0.42114538543819813,0.402,0.187,0,6,ATP6V0B
0,0.4131705177912022,0.349,0.143,0,6,AP2S1
0,0.40773066455386275,0.331,0.126,0,6,APLP2
0,0.404993881734879,0.38,0.197,0,6,RNASET2
0,0.3973915701614421,0.301,0.076,0,6,RNF130
0,0.3903798794801291,0.266,0.058,0,6,CCDC88A
0,0.38619887347265014,0.291,0.101,0,6,BRI3
0,0.3793370726784301,0.361,0.166,0,6,H2AFY
0,0.3777685451384666,0.268,0.071,0,6,ETS2
0,0.3729649414925051,0.344,0.17,0,6,RAC1
0,0.35211191245654405,0.307,0.123,0,6,MGAT1
0,0.3150480415436323,0.28,0.113,0,6,PYCARD
0,0.30028586601837115,0.253,0.081,0,6,PPT1
0,0.29726605108563003,0.268,0.102,0,6,TPP1
2.1893739721859775e-297,0.49220539589702406,0.449,0.264,6.645625755173316e-293,6,ANXA2
6.950024331779077e-296,0.7680620374594329,0.464,0.291,2.109610385668221e-291,6,CSTB
2.110386531733204e-286,0.5635153251817425,0.466,0.288,6.405867278422968e-282,6,TUBA1B
2.154228603676879e-286,0.4998282863093218,0.387,0.215,6.5389455036007984e-282,6,ZFAND5
7.422111190899392e-281,0.64310486565461,0.493,0.316,2.2529076308856015e-276,6,GADD45B
2.089006315999915e-266,0.7586858433150879,0.45,0.272,6.3409697715861415e-262,6,HSPB1
1.3892905157609013e-265,0.27012983929778256,0.251,0.111,4.2170524315406395e-261,6,AP1S2
6.808319209990246e-264,0.43140282419240844,0.294,0.144,2.0665972130004392e-259,6,INSIG1
1.1733775323305709e-242,0.49055168545876815,0.706,0.513,3.561670161636215e-238,6,DUSP1
9.972537107524816e-240,0.7917280468679329,0.665,0.524,3.0270639136180827e-235,6,NFKBIA
5.174189677997154e-230,0.5814105559201838,0.439,0.279,1.570573534859256e-225,6,RGS2
1.19821673419394e-229,0.3239077077246024,0.321,0.171,3.637067074972285e-225,6,SAMHD1
2.4136365851082368e-226,0.37621928490325174,0.916,0.816,7.326352490437542e-222,6,H3F3A
1.1228072660119531e-212,0.2770636228297292,0.275,0.137,3.4081691752526826e-208,6,NINJ1
2.4320364319671377e-212,0.4501067625772108,0.413,0.264,7.38220338559305e-208,6,PRDX1
2.8750929198997943e-212,0.42575752386816457,0.375,0.228,8.727057049063836e-208,6,CTSC
4.317358192257012e-210,0.4838027492338177,0.635,0.527,1.3104909056776936e-205,6,LAPTM5
4.1016716257742166e-209,0.3239691956159606,0.254,0.125,1.2450214052875057e-204,6,SOCS3
1.5074423220011385e-208,0.411874742725433,0.509,0.359,4.575690424202256e-204,6,GPX4
3.3682909992785863e-208,0.3944638443624825,0.459,0.302,1.022411049921022e-203,6,ITGB2
1.3007061747869371e-197,0.3361559807685917,0.314,0.176,3.948163522948269e-193,6,HIF1A
8.445182384145677e-196,0.3401349688350059,0.383,0.226,2.563450660883579e-191,6,ZEB2
2.1411673445718863e-195,0.42671663201191673,0.293,0.161,6.499299357713504e-191,6,CAPG
3.5100807311719585e-195,0.4314229728533656,0.52,0.381,1.0654499051399363e-190,6,YBX1
3.962397916102475e-191,0.40810206402509497,0.637,0.529,1.2027462634537453e-186,6,ARPC3
3.2255145406281136e-188,0.3054016329980843,0.506,0.344,9.790726836622576e-184,6,GSTP1
2.6266555545342214e-186,0.32783284757648357,0.345,0.208,7.972950270233175e-182,6,ATP6V1F
2.0582083917801937e-184,0.48592016350229,0.324,0.182,6.2474857524096e-180,6,COL3A1
6.8929621124802545e-183,0.2718834141350946,0.305,0.172,2.0922897196222565e-178,6,TKT
1.5308255053035872e-180,0.2603345091474566,0.276,0.15,4.646667738798508e-176,6,GSTO1
2.790856386091243e-179,0.535124606268664,0.341,0.198,8.471365474341359e-175,6,COL1A2
3.69667818934968e-179,0.520867414275386,0.389,0.252,1.122089697595202e-174,6,VMP1
4.6158704975310105e-179,0.5373447290738607,0.379,0.228,1.4011013308205629e-174,6,COL1A1
7.314480446521186e-175,0.36498043184196194,0.298,0.164,2.220237394737041e-170,6,LUM
3.1836407654518846e-174,0.35897634696199776,0.908,0.839,9.66362317945265e-170,6,SERF2
4.006153252896663e-174,0.47851627234941363,0.839,0.705,1.216027758384253e-169,6,FOS
1.256215483401532e-173,0.26982622866009764,0.328,0.192,3.81311647831701e-169,6,RTN4
7.674089662434403e-169,0.44360009161370706,0.677,0.611,2.3293931761353387e-164,6,CYBA
2.371969226309113e-158,0.3029099608886805,0.419,0.282,7.199875389538682e-154,6,ARPC5
5.4804798939869735e-157,0.2709050259897453,0.293,0.168,1.663544867020806e-152,6,MAP3K8
5.543482510866952e-147,0.31122781621541673,0.934,0.892,1.6826686813485548e-142,6,VIM
4.4217283064582226e-142,0.46440370615809845,0.341,0.222,1.3421714101423288e-137,6,PLIN2
1.3704348077856113e-141,0.3418003562253654,0.517,0.371,4.1598178155524445e-137,6,ZFP36L1
3.5593693783386997e-134,0.26788559817968194,0.365,0.244,1.0804109811009288e-129,6,SH3BGRL
1.4977180185304352e-133,0.28103783449259695,0.304,0.189,4.546173273447283e-129,6,PKM
3.7451544333163233e-131,0.2846916802648137,0.376,0.255,1.1368041766888368e-126,6,TSPO
2.3396775308076328e-129,0.30470529808731095,0.526,0.399,7.101857177013489e-125,6,SDCBP
3.31571716086033e-129,0.6099547516701325,0.515,0.388,1.0064527870075445e-124,6,DCN
2.98801055297125e-123,0.28175318272389094,0.409,0.29,9.069807232488933e-119,6,ARPC1B
9.80226284999097e-121,0.2748594021798084,0.3,0.189,2.975378865486259e-116,6,CDKN1A
1.2179729213830516e-119,0.7912373899163035,0.441,0.32,3.6970350055661145e-115,6,MGP
1.30321022437039e-114,0.2743492708970994,0.828,0.758,3.9557643150538816e-110,6,OAZ1
4.498806281082908e-113,0.6981274915273472,0.481,0.39,1.3655676585599059e-108,6,GPR183
3.256406689388819e-111,0.31166461955661284,0.409,0.302,9.884496864970822e-107,6,DBI
6.577156632731712e-110,0.34745619882903744,0.275,0.174,1.996430124299384e-105,6,IER5
2.498047770366177e-106,0.2998058111673514,0.727,0.588,7.582574202169494e-102,6,FOSB
1.2370551208388178e-104,0.2794131251518997,0.338,0.232,3.7549571137941473e-100,6,CD81
3.745236752140839e-88,0.3937809287135494,0.817,0.772,1.1368291637448302e-83,6,S100A6
3.1235223181479844e-81,0.37000256361473927,0.539,0.459,9.481139644506392e-77,6,PPP1R15A
8.727688027088018e-76,0.399812836149548,0.366,0.285,2.649202423742297e-71,6,TXN
8.846994975967839e-65,0.3146274387766326,0.431,0.356,2.685416855005278e-60,6,HERPUD1
1.1066100726954984e-31,0.2849430065245804,0.617,0.591,3.359004214659916e-27,6,S100A10
2.1640076593450206e-27,0.383936532225819,0.523,0.473,6.568628849175876e-23,6,MT2A
0,1.271382669981337,0.975,0.455,0,7,CCL4
0,1.0206850200546072,0.708,0.319,0,7,GZMK
0,0.767130474833555,0.582,0.21,0,7,CCL4L2
0,0.7194348772969739,0.926,0.581,0,7,CCL5
0,0.7056473878418438,0.574,0.356,0,7,DUSP2
0,0.6303612313643514,0.888,0.733,0,7,CXCR4
0,0.6204491471017266,0.755,0.565,0,7,SRSF7
0,0.6125790225618285,0.297,0.115,0,7,IFNG
0,0.4707406131838043,0.276,0.102,0,7,CRTAM
0,0.3995091306825292,0.399,0.19,0,7,CD8A
2.8505003780456086e-290,0.3048301962055504,0.651,0.408,8.65240884751964e-286,7,GZMA
4.503963867267063e-262,0.3956017261848702,0.634,0.421,1.3671331922702444e-257,7,CST7
2.731724254969372e-253,0.39595717484484005,0.997,0.981,8.291875803534032e-249,7,MT-CYB
1.9261459937570936e-237,0.5271194326403816,0.633,0.446,5.8466235494502816e-233,7,CD69
2.892598156895609e-230,0.537948982518382,0.399,0.231,8.780192445440932e-226,7,DUSP4
2.5300892705859406e-226,0.45713288939211794,0.486,0.314,7.679832971936565e-222,7,TUBA4A
2.3315617609400337e-213,0.2747235453187429,1,0.993,7.077222569157378e-209,7,MALAT1
7.06358704986776e-208,0.3451759916068964,0.997,0.987,2.14408121311686e-203,7,MT-ATP6
1.1523246099761753e-200,0.3640504633624646,0.981,0.948,3.4977661211216827e-196,7,H3F3B
7.791826240440892e-190,0.2631679665011535,0.808,0.648,2.3651309370234284e-185,7,DNAJB1
3.0207483993237826e-187,0.4340739636359434,0.813,0.664,9.16917969130741e-183,7,JUN
6.330756295791625e-187,0.43600659702259703,0.921,0.828,1.92163776602459e-182,7,JUND
3.0357055912647897e-183,0.2962222930913674,0.996,0.98,9.214580751725142e-179,7,MT-ND3
3.5348464607585047e-174,0.33394965648120056,0.986,0.963,1.0729672946986366e-169,7,MT-ND1
2.033711529181085e-162,0.3811991810937415,0.528,0.371,6.173127975676265e-158,7,NR4A2
2.2636338780497077e-160,0.28280418685788966,0.998,0.986,6.871034273432083e-156,7,MT-CO2
1.8363797087791235e-156,0.28879435576993207,0.594,0.422,5.574146968028151e-152,7,CD3D
4.3975004807719975e-156,0.2938633420904768,0.999,0.984,1.3348172959335321e-151,7,MT-CO3
1.8100166872721591e-152,0.3227311081054729,0.478,0.327,5.494124652545912e-148,7,RNF19A
2.4282832579526344e-143,0.28100810147298283,0.994,0.974,7.370811001189426e-139,7,MT-ND2
1.0896054646930845e-135,0.2853880103414066,0.828,0.732,3.3073884275293885e-131,7,PTPRC
2.8037559232393435e-132,0.321616412601647,0.509,0.368,8.510520729400703e-128,7,PIK3R1
3.3833024514713755e-126,0.29238618928979676,0.892,0.782,1.0269676261196212e-121,7,ZFP36
1.4916599628343283e-123,0.35353690687511863,0.678,0.564,4.52778465118732e-119,7,DNAJA1
1.4844587838940334e-122,0.3423127314707237,0.809,0.702,4.505926192631949e-118,7,ZFP36L2
4.876103073170978e-113,0.30532936232723584,0.459,0.339,1.4800923268303186e-108,7,SLA
3.602360998789738e-107,0.2952681049524186,0.802,0.738,1.0934606575726372e-102,7,CALM1
9.06115974055205e-107,0.30190347762123526,0.572,0.457,2.7504244276471692e-102,7,YPEL5
3.746711918791427e-105,0.30125353160699486,0.867,0.812,1.1372769358299498e-100,7,UBB
7.057370723566858e-104,0.3301775478563542,0.735,0.638,2.142194309431484e-99,7,KLF6
1.8869365015218795e-99,0.2581347919781143,0.962,0.932,5.727607056719513e-95,7,MT-ND5
5.15520637113599e-99,0.25636905939784016,0.468,0.343,1.5648113418946185e-94,7,CEMIP2
8.831635341604975e-99,0.32507313653200987,0.838,0.739,2.680754591590774e-94,7,JUNB
1.2995092265015515e-95,0.2799947580673854,0.635,0.543,3.9445303061228093e-91,7,EIF4A2
2.035546264838106e-95,0.3078792125389258,0.625,0.533,6.178697132289587e-91,7,DDX3X
5.8901863764309267e-95,0.2971538951091599,0.853,0.786,1.7879071727018436e-90,7,BTG1
1.9426425061988856e-93,0.25617866782048704,0.317,0.212,5.8966970633160975e-89,7,NEU1
1.582561731387563e-92,0.3301529320066612,0.713,0.612,4.8037078794538093e-88,7,TNFAIP3
4.271587505196223e-87,0.2751212102252145,0.698,0.59,1.2965976713272614e-82,7,FOSB
1.1760141654654713e-85,0.29889164800594026,0.574,0.482,3.5696733978538914e-81,7,FUS
2.276599146379392e-83,0.4044940228947038,0.6,0.485,6.910389048920006e-79,7,RGS1
1.0024978630495233e-81,0.36564115215034976,0.434,0.33,3.042982013500523e-77,7,RGCC
8.54891203474032e-79,0.26083196653815577,0.393,0.291,2.594936759025077e-74,7,BTG2
4.847882206362441e-68,0.2772430779588868,0.795,0.722,1.4715261649192554e-63,7,TSC22D3
1.6903448357337037e-60,0.28050024646497607,0.443,0.355,5.130872714386084e-56,7,ZNF331
7.493627134562835e-59,0.2567842700502416,0.659,0.59,2.274615580425203e-54,7,MCL1
4.754533228487906e-56,0.3393558346421297,0.593,0.52,1.443191016175219e-51,7,DUSP1
0,2.0032913907985415,0.936,0.207,0,8,GNLY
0,1.7162485636441305,0.933,0.402,0,8,NKG7
0,1.6310480700994643,0.719,0.176,0,8,GZMB
0,1.6129708047514402,0.589,0.175,0,8,XCL2
0,1.3932784767177415,0.503,0.142,0,8,XCL1
0,1.3236748871899016,0.795,0.214,0,8,KLRD1
0,1.0388669250112277,0.747,0.352,0,8,CD7
0,1.0342727571577857,0.601,0.182,0,8,PRF1
0,1.0274179755841581,0.735,0.281,0,8,CTSW
0,0.995189906368023,0.497,0.102,0,8,KLRC1
0,0.9181388436806641,0.51,0.221,0,8,AREG
0,0.865014658275018,0.506,0.192,0,8,CMC1
0,0.8178449258063664,0.585,0.201,0,8,HOPX
0,0.8055137498035116,0.727,0.396,0,8,IFITM2
0,0.8005419910950422,0.706,0.248,0,8,TYROBP
0,0.7907928088234991,0.484,0.101,0,8,TRDC
0,0.7417771075444697,0.705,0.406,0,8,GZMA
0,0.7050254525614356,0.726,0.417,0,8,CST7
0,0.6542070627188112,0.329,0.035,0,8,KLRF1
0,0.6407759442144667,0.499,0.147,0,8,IL2RB
0,0.6360059087047443,0.81,0.588,0,8,CCL5
0,0.6274502366333504,0.582,0.198,0,8,FCER1G
0,0.6266852713497297,0.699,0.382,0,8,KLRB1
0,0.5911899717026806,0.338,0.107,0,8,TNFRSF18
0,0.5890069585212677,0.521,0.241,0,8,CD247
0,0.5134177214752513,0.771,0.565,0,8,HCST
0,0.489874922266592,0.359,0.154,0,8,GZMH
0,0.4720001088912713,0.256,0.084,0,8,CLIC3
0,0.40850172654478917,0.375,0.153,0,8,MATK
0,0.39563248645388416,0.324,0.123,0,8,CHST12
0,0.3508473090659988,0.261,0.061,0,8,MCTP2
0,0.316811389609873,0.289,0.115,0,8,GNPTAB
2.779766271306575e-302,0.28124886822505624,0.266,0.106,8.437702539923978e-298,8,SLA2
4.619494285611852e-297,0.35916781602343373,0.407,0.205,1.4022012954546214e-292,8,APOBEC3G
3.159950875806044e-275,0.5346246204535031,0.549,0.343,9.591714888421666e-271,8,GSTP1
2.0833015460360602e-271,0.3657468568579427,0.384,0.198,6.323653512837857e-267,8,IFITM1
4.476661582023828e-263,0.3970527694600227,0.313,0.151,1.3588458566075126e-258,8,PLAC8
1.5377429080899274e-253,0.40891796061399466,0.366,0.194,4.667664823216165e-249,8,CNOT2
1.446827530692972e-250,0.3663649487775144,0.326,0.162,4.391700286665447e-246,8,PRKX
1.1862347139990017e-245,0.4154003408507773,0.383,0.207,3.60069685087257e-241,8,DOK2
8.063860600987026e-241,0.5159525877035465,0.723,0.568,2.4477042468236017e-236,8,RPL17
1.1962017075732858e-240,0.47486639936832997,0.65,0.447,3.6309506631679518e-236,8,ID2
1.582161867297016e-237,0.255600420442438,0.289,0.135,4.802494131993363e-233,8,APMAP
2.235663564959427e-234,0.3983516699246805,0.49,0.301,6.786133185077844e-230,8,SYTL3
1.235708086926926e-224,0.4073299425188175,0.999,0.996,3.750868327057991e-220,8,TMSB4X
1.0161703557680494e-218,0.40240326416909,0.45,0.274,3.084483497898337e-214,8,FOSL2
1.4458974872487855e-217,0.30550610250527555,0.29,0.137,4.3888772327949634e-213,8,EEF1G
7.560079903616256e-210,0.3021438038343918,0.412,0.24,2.2947866539436783e-205,8,CDC42SE1
2.3331427162929308e-204,0.33572811333042285,0.384,0.219,7.082021401035562e-200,8,VPS37B
9.545282573399772e-188,0.48048871087337364,0.32,0.179,2.8973750723297668e-183,8,LDLRAD4
3.758402462109855e-175,0.2791169332441541,0.643,0.469,1.1408254833488254e-170,8,CD63
6.764818830921915e-172,0.3553225376935525,0.89,0.811,2.053393107938038e-167,8,UBB
3.017580745024171e-169,0.29748423356884546,0.98,0.967,9.159564593446368e-165,8,HLA-B
1.6713269175753288e-168,0.2631908818805182,0.322,0.179,5.0731457256081534e-164,8,GPR65
1.3437301908357455e-159,0.386539381363068,0.794,0.714,4.078758621262822e-155,8,CFL1
2.5793106409703854e-159,0.34427800548609233,0.678,0.546,7.829239519601507e-155,8,ARPC2
1.030032775226977e-157,0.2830126594800297,0.346,0.203,3.126561485923966e-153,8,BHLHE40
1.4012518404478713e-155,0.2927845910121625,0.97,0.939,4.2533598364954684e-151,8,HLA-A
2.9061495190336256e-153,0.46010512806657466,0.56,0.406,8.821326250074668e-149,8,CRIP1
1.602035718891142e-151,0.33021193974217644,0.476,0.324,4.862819221122172e-147,8,ADGRE5
1.3687530008559994e-146,0.5851771557767684,0.671,0.538,4.1547128587983006e-142,8,HSPE1
3.959416399494463e-146,0.28583019515353825,0.421,0.271,1.2018412539025492e-141,8,GZMM
4.178410665240478e-145,0.2797254330200811,0.495,0.341,1.2683147733270948e-140,8,EVL
1.867384092792629e-140,0.26713106400664477,0.421,0.273,5.668257675262746e-136,8,AKNA
4.883119621646892e-138,0.31781646297731436,0.928,0.898,1.4822221299546976e-133,8,HLA-C
3.7891535476255724e-136,0.3345358834779144,0.38,0.246,1.1501596678462662e-131,8,EIF4A1
1.1399418815121071e-127,0.3523804692809611,0.577,0.448,3.46017958714185e-123,8,CORO1A
4.455109492584724e-126,0.28002701531774243,0.501,0.362,1.3523039353791671e-121,8,RAC2
9.572641979200981e-125,0.30277164511001875,0.63,0.5,2.905679746366666e-120,8,CLIC1
1.149410330787024e-124,0.25371523076222957,0.417,0.279,3.488920118070933e-120,8,TPI1
3.828436469303142e-122,0.26648128936939663,0.447,0.31,1.1620836058922756e-117,8,LSP1
7.238745405781578e-122,0.29072367530477783,0.386,0.256,2.1972487804709402e-117,8,MIF
2.283043461053081e-120,0.2817423659009881,0.465,0.326,6.929950121680522e-116,8,LITAF
6.247269334865872e-117,0.35808617266820286,0.478,0.343,1.8962961339051867e-112,8,CEMIP2
1.481854920234606e-114,0.269207701166437,0.447,0.316,4.498022424880123e-110,8,PGK1
4.018996863759826e-114,0.4820041534061792,0.967,0.945,1.2199263080256574e-109,8,ACTB
1.766307865799745e-113,0.2616995816540313,0.866,0.809,5.361450895848546e-109,8,MYL6
9.184895822409492e-108,0.3048286414761108,0.502,0.369,2.787983277934177e-103,8,PIK3R1
6.92392930710753e-103,0.46098480747975557,0.56,0.444,2.1016895018794196e-98,8,HSPD1
1.258379381333195e-102,0.29817285483515343,0.943,0.905,3.8196847740987804e-98,8,ACTG1
1.3236118057515637e-99,0.2742903007175924,0.533,0.402,4.017691275178297e-95,8,DDIT4
1.3615001999389844e-99,0.29027294794356684,0.47,0.345,4.132697706894793e-95,8,RPS17
1.669617477074998e-99,0.39571089457782405,0.686,0.591,5.067956889913449e-95,8,PFN1
8.748788821617779e-96,0.2591429619200957,0.323,0.209,2.655607358913861e-91,8,METRNL
1.2587845023535368e-95,0.2618920820096303,0.32,0.208,3.8209144784439254e-91,8,ISG15
2.1098268887708618e-92,0.2756241053725649,0.493,0.368,6.404168538175074e-88,8,CLEC2B
1.1059664686536537e-90,0.3483006144342464,0.583,0.469,3.3570506189513004e-86,8,REL
9.69952765602927e-84,0.25068842958445436,0.493,0.378,2.9441946247111246e-79,8,HSPA5
1.207150530203292e-83,0.2520945969771491,0.799,0.732,3.6641847193790725e-79,8,HLA-E
4.207778343812279e-83,0.25998963296151467,0.412,0.305,1.277229038480779e-78,8,ITGB2
6.194314312874631e-77,0.6398259634628163,0.253,0.162,1.8802221665299655e-72,8,HSPA6
1.6386237492949987e-68,0.26896258283469876,0.504,0.4,4.973878528610039e-64,8,FAM177A1
7.983949351274072e-57,0.28446172934709046,0.466,0.375,2.423447986085732e-52,8,NR4A2
5.934611520588799e-53,0.3257188055109361,0.7,0.628,1.801391980959524e-48,8,LGALS1
9.199914029288327e-52,0.31598648973186594,0.383,0.305,2.7925419044501786e-47,8,CACYBP
6.096814684562926e-47,0.2714693127699548,0.653,0.607,1.8506271293522306e-42,8,MYL12A
2.6892433470447565e-45,0.26727519720872084,0.789,0.741,8.162929255619653e-41,8,HSPA8
7.271741658680259e-45,0.2618666109082497,0.921,0.861,2.207264463075806e-40,8,SRGN
0,0.5160973799891959,0.999,0.993,0,9,RPL3
0,0.5044215074856249,0.999,0.991,0,9,RPS3
0,0.5014095717044649,0.978,0.927,0,9,RPSA
0,0.49589225445368257,0.999,0.992,0,9,RPL19
0,0.48481942274607626,0.997,0.99,0,9,RPL13
0,0.47725056857568227,0.999,0.998,0,9,EEF1A1
0,0.4759097650413584,0.991,0.98,0,9,RPS2
0,0.4670284621521996,0.999,0.996,0,9,RPS4X
0,0.464952345864877,0.998,0.984,0,9,RPL7A
0,0.44954898949045496,0.999,0.993,0,9,RPL30
0,0.4388154940967963,0.998,0.989,0,9,RPL23A
0,0.43427447574567557,0.999,0.996,0,9,RPS14
0,0.4131307204767243,1,0.997,0,9,RPS12
0,0.40931740046716936,1,0.999,0,9,RPL10
0,0.40888740601669316,0.998,0.99,0,9,RPL18
0,0.39984155792126375,0.992,0.968,0,9,RPL10A
0,0.3981959503190664,0.999,0.995,0,9,RPL11
0,0.3869241570667379,0.996,0.985,0,9,RPL29
0,0.3832076832907867,0.999,0.993,0,9,RPS23
0,0.37867277517564313,1,0.997,0,9,RPL28
0,0.3749581800901791,1,0.994,0,9,RPL18A
0,0.37085244967418607,0.996,0.983,0,9,RPL8
0,0.36789909483858274,0.998,0.987,0,9,RPL35A
0,0.36338395990362526,1,0.995,0,9,RPS27A
0,0.3361392973798023,1,0.995,0,9,RPS15A
5.618624869358952e-305,0.3938862768379692,0.989,0.962,1.705477392845216e-300,9,RPL5
1.0474110863549987e-303,0.36432196179771514,0.996,0.979,3.179311611521963e-299,9,RPS25
5.597914249683852e-302,0.3395464032589275,0.998,0.984,1.6991908913490367e-297,9,RPS7
8.957798657685852e-301,0.36997012802110874,0.997,0.989,2.7190502045539634e-296,9,RPL9
1.138672707009492e-288,0.33712019204532195,0.997,0.987,3.456327134856612e-284,9,RPL37A
2.8657864559830346e-287,0.41174278330664127,0.421,0.222,8.698808208490903e-283,9,GIMAP7
1.9990415289258162e-284,0.334693503587562,1,0.997,6.067890656901422e-280,9,RPS18
1.0687269565795047e-280,0.3593518915910354,0.997,0.986,3.2440138040014286e-276,9,RPS16
1.742556280145907e-276,0.3368315351230322,0.999,0.988,5.2893553327548856e-272,9,RPL13A
2.9280259280341375e-271,0.47635898344842753,0.555,0.344,8.88772990195482e-267,9,TRAC
1.229081274788962e-270,0.3785599826505348,0.984,0.958,3.730753301494415e-266,9,RPS5
4.392797323201016e-269,0.31027382606331644,0.999,0.994,1.3333896994844364e-264,9,RPS15
3.797816085942112e-268,0.34702852567607634,1,0.996,1.1527890947268686e-263,9,RPL32
1.358447235563866e-264,0.34918211877863614,0.995,0.971,4.123430738830559e-260,9,RPL6
5.516236119153273e-262,0.33164326251521237,0.999,0.996,1.6743983116077844e-257,9,RPS19
2.519743225347357e-256,0.3096667675532707,1,0.997,7.648428586219368e-252,9,RPS27
2.5350470090092036e-246,0.349810630988753,0.977,0.94,7.694881691146537e-242,9,RACK1
2.670863264165224e-241,0.3227554626602598,0.997,0.99,8.107138352047121e-237,9,RPS9
3.960809054568458e-236,0.321042967708538,0.999,0.99,1.2022639804237099e-231,9,RPL37
9.774842445267357e-235,0.3583924127322531,0.998,0.99,2.9670556758364535e-230,9,RPS6
8.264583412940578e-233,0.3002786906809538,0.999,0.983,2.5086316491639832e-228,9,RPL36
1.6622184817842925e-230,0.28229942691047283,0.999,0.995,5.0454979796080414e-226,9,RPS28
1.4816746586525038e-228,0.35251647861463287,0.999,0.994,4.49747525887381e-224,9,RPS3A
4.2643280450105934e-224,0.3672910235394031,1,0.999,1.2943941347825156e-219,9,TPT1
7.65071778516662e-218,0.4764570501839469,0.792,0.644,2.3222988765094758e-213,9,TXNIP
3.669302546136628e-212,0.3235565881640792,0.997,0.982,1.1137800948543121e-207,9,RPS13
2.3055145472824652e-210,0.28889973945980385,0.996,0.99,6.998158856821195e-206,9,RPL15
1.0203828847671943e-197,0.2684047295598764,0.999,0.987,3.0972702084223414e-193,9,RPS29
4.333075799734381e-196,0.3685280591166934,0.45,0.28,1.3152618282513741e-191,9,KIAA1551
5.911176950723492e-193,0.33692618998852164,0.828,0.739,1.7942786516226087e-188,9,TOMM7
3.080307479552634e-187,0.4799148885144605,0.479,0.308,9.349965323434066e-183,9,LTB
1.5172844567352346e-184,0.2854488931625907,0.995,0.98,4.605565239974131e-180,9,RPL14
4.835077903139618e-179,0.26778748836347877,0.998,0.992,1.4676395467189996e-174,9,RPS8
1.5136889206073193e-177,0.28577277486075636,0.314,0.171,4.5946513496114574e-173,9,SLFN5
2.942462352177494e-177,0.28254415629860485,0.975,0.95,8.931550223799565e-173,9,RPL27
1.1288254711000635e-175,0.2525869870844144,0.261,0.131,3.426436834977133e-171,9,TRAF3IP3
1.4575934416710089e-174,0.2637363700636084,0.995,0.981,4.4243791328481804e-170,9,RPL27A
4.706640402698664e-174,0.3055945507617963,0.965,0.932,1.4286536278351525e-169,9,RPL22
2.291612135653139e-172,0.3779073442234351,0.672,0.475,6.955959476561538e-168,9,IL7R
9.122495268735561e-170,0.29220797081452643,0.979,0.947,2.769042213871992e-165,9,NACA
1.0170699927856144e-158,0.264201394990347,0.997,0.992,3.087214256101454e-154,9,RPL21
9.94878728425007e-157,0.34042849635982986,0.892,0.852,3.019854892261266e-152,9,EEF1B2
5.542066905359052e-153,0.3082982517865477,0.372,0.23,1.6822389884526866e-148,9,ATM
8.575558678400747e-146,0.331414794006085,0.529,0.381,2.603025081241763e-141,9,N4BP2L2
1.1776570252671865e-141,0.27697189596133853,0.872,0.821,3.5746601344960176e-137,9,EEF1D
7.594729662321236e-138,0.3005242300261315,0.573,0.41,2.305304241700988e-133,9,CD2
4.020795653358847e-133,0.2795339719762744,0.591,0.423,1.2204723126205445e-128,9,CD3D
5.469843356673693e-126,0.26340336756093485,0.95,0.897,1.6603162524847328e-121,9,HLA-C
2.452772710209721e-124,0.2773047260693029,0.419,0.285,7.445146284570587e-120,9,LDHB
2.1683828876690398e-118,0.2521696857550302,0.856,0.792,6.581909417230603e-114,9,RPL36AL
7.552410056007273e-113,0.3264716757117776,0.5,0.376,2.2924585484004478e-108,9,DDX17
3.0817663698016125e-93,0.25394718780590964,0.586,0.472,9.354393638895814e-89,9,CD48
2.819590745102882e-88,0.34849964973762365,0.256,0.16,8.558585747685289e-84,9,HIST1H4C
3.903698343344428e-72,0.3051006505212629,0.423,0.318,1.1849285951387677e-67,9,TRBC1
0,1.6984239125006815,0.979,0.404,0,10,CD74
0,1.5682088168565018,0.969,0.245,0,10,HLA-DRA
0,1.4681491012930603,0.672,0.016,0,10,MS4A1
0,1.3626911845594132,0.852,0.245,0,10,HLA-DRB1
0,1.350105165687461,0.654,0.146,0,10,CD83
0,1.244191136481281,0.627,0.01,0,10,CD79A
0,1.2230206823404675,0.477,0.011,0,10,IGHM
0,1.2172492338698002,0.823,0.442,0,10,CD37
0,0.9549518432974224,0.495,0.11,0,10,CCR7
0,0.920227053219703,0.524,0.007,0,10,BANK1
0,0.9198142834916397,0.685,0.101,0,10,HLA-DQA1
0,0.9168294609747376,0.717,0.137,0,10,HLA-DQB1
0,0.8807330936760873,0.749,0.461,0,10,EZR
0,0.8693504476665928,0.442,0.049,0,10,LY9
0,0.8235450021552022,0.842,0.267,0,10,HLA-DPB1
0,0.8156165469270977,0.995,0.97,0,10,RPS11
0,0.789015847981196,0.999,0.992,0,10,RPS8
0,0.7832793488287081,0.423,0.008,0,10,TNFRSF13C
0,0.7813310696831415,0.847,0.254,0,10,HLA-DPA1
0,0.7594145760669337,0.999,0.993,0,10,RPS23
0,0.7539052103617696,0.59,0.349,0,10,HERPUD1
0,0.7482445127958091,0.776,0.521,0,10,LAPTM5
0,0.6837281274988453,0.438,0.118,0,10,NFKBID
0,0.6497078012233535,0.386,0.036,0,10,MEF2C
0,0.6496679115392823,0.946,0.85,0,10,EEF1B2
0,0.6481818638702276,0.37,0.012,0,10,BCL11A
0,0.637763886852055,0.998,0.992,0,10,RPL21
0,0.6255281140049038,0.984,0.95,0,10,RPS21
0,0.6194254023368485,0.394,0.035,0,10,SWAP70
0,0.6168184148094361,0.41,0.067,0,10,IRF8
0,0.6094778549628455,0.99,0.958,0,10,RPS5
0,0.6042595320766591,0.961,0.862,0,10,RPL23
0,0.6020780090720617,0.34,0.073,0,10,GRASP
0,0.6011762681685711,0.998,0.994,0,10,RPL18A
0,0.5922412123658487,0.567,0.284,0,10,CD55
0,0.5874058084937062,0.997,0.988,0,10,RPL13A
0,0.5764047284464786,0.468,0.154,0,10,PRDM2
0,0.5753294058879884,0.544,0.316,0,10,BIRC3
0,0.5712128020216827,0.969,0.903,0,10,RPS20
0,0.5700764926726603,0.998,0.99,0,10,RPL37
0,0.5692858335214335,0.999,0.99,0,10,RPS6
0,0.5667427877639233,0.312,0.036,0,10,TCF4
0,0.5599303134136302,0.998,0.994,0,10,RPS3A
0,0.5575771746427849,0.97,0.915,0,10,RPS10
0,0.554829111536681,0.999,0.995,0,10,RPL39
0,0.5479249033189961,0.999,0.996,0,10,RPL32
0,0.5478852315892541,0.603,0.302,0,10,LTB
0,0.5468742133670661,0.999,0.995,0,10,RPL34
0,0.5452758898068955,0.998,0.995,0,10,RPL11
0,0.5419816976629233,0.997,0.989,0,10,RPL9
0,0.5419544512829411,0.343,0.009,0,10,ARHGAP24
0,0.5383919543793297,0.317,0.015,0,10,RALGPS2
0,0.5341043472067148,0.28,0.002,0,10,VPREB3
0,0.531923888774636,0.997,0.982,0,10,RPS13
0,0.5280847647666151,0.999,0.997,0,10,RPS18
0,0.5218975293667532,0.999,0.997,0,10,RPS27
0,0.519995788316705,0.984,0.932,0,10,RPL22
0,0.5168886861074715,0.998,0.991,0,10,RPLP2
0,0.5121847443608241,0.312,0.003,0,10,LINC00926
0,0.5109663745871273,0.995,0.983,0,10,RPL8
0,0.509435451537942,0.998,0.995,0,10,RPS28
0,0.5079936914627213,0.609,0.391,0,10,SMAP2
0,0.5076959610644911,0.998,0.987,0,10,RPL12
0,0.5023828155389852,0.285,0.006,0,10,SPIB
0,0.4953169781139303,0.307,0.044,0,10,SMIM14
0,0.4951315981953931,0.322,0.024,0,10,ADAM28
0,0.4915721789164724,0.979,0.927,0,10,RPSA
0,0.4873235837145584,0.998,0.99,0,10,RPL18
0,0.46936451849669947,0.998,0.993,0,10,RPL30
0,0.4692517443939592,0.998,0.993,0,10,RPL19
0,0.4570120859719675,0.992,0.962,0,10,RPL5
0,0.45307322959612994,0.996,0.987,0,10,RPL37A
0,0.4489947658299933,0.376,0.103,0,10,SNX2
0,0.4471411021459013,0.993,0.968,0,10,RPL10A
0,0.44692000868189874,0.996,0.98,0,10,RPS2
0,0.44668149048006534,0.997,0.981,0,10,RPL27A
0,0.44608542118063826,0.336,0.056,0,10,LYN
0,0.4403309188276934,0.984,0.95,0,10,RPL38
0,0.436046891133234,1,0.998,0,10,EEF1A1
0,0.43518821750651016,0.342,0.078,0,10,SYNGR2
0,0.4344908253529751,0.998,0.988,0,10,RPS29
0,0.4318907315407401,0.998,0.99,0,10,RPL13
0,0.4306862309233046,0.997,0.989,0,10,RPL23A
0,0.4300642814044674,0.288,0.007,0,10,BLK
0,0.42735497692045143,0.996,0.98,0,10,RPS25
0,0.4215306694740542,0.301,0.068,0,10,PHACTR1
0,0.41696974811018306,0.996,0.987,0,10,RPL35A
0,0.4102774591841407,0.998,0.995,0,10,RPS27A
0,0.40974810588872534,0.456,0.223,0,10,CMTM6
0,0.40660766602134335,0.251,0.086,0,10,ID3
0,0.40333038418511236,0.337,0.117,0,10,PARP14
0,0.3962909468614364,0.981,0.95,0,10,RPL27
0,0.3956582215550085,0.433,0.125,0,10,HLA-DMA
0,0.3947497604163246,0.998,0.993,0,10,RPL3
0,0.3923109945780725,0.997,0.99,0,10,RPL15
0,0.3911170221367972,0.996,0.989,0,10,FAU
0,0.3909074711320595,0.995,0.985,0,10,RPL29
0,0.3886497340013193,0.266,0.077,0,10,MARCKS
0,0.3877936133677718,0.28,0.036,0,10,KDM4B
0,0.3868438575030715,0.999,0.997,0,10,RPS12
0,0.3863560005628449,0.292,0.053,0,10,IFT57
0,0.3827326246299041,0.998,0.993,0,10,RPL26
0,0.38256214772081987,0.359,0.107,0,10,PRKCB
0,0.3745189117595097,0.304,0.069,0,10,HLA-DMB
0,0.36383785615198827,0.266,0.064,0,10,POU2F2
0,0.3598744643445855,0.999,0.999,0,10,RPL41
0,0.3594748607073682,0.33,0.112,0,10,MKNK2
0,0.3554154931704342,0.252,0.01,0,10,GNG7
0,0.35504362726963423,0.996,0.986,0,10,RPS16
0,0.35462052311778525,0.996,0.99,0,10,RPS9
0,0.3451617373636924,0.323,0.122,0,10,SNX9
0,0.3447101931293082,0.997,0.984,0,10,RPS7
0,0.3401831121154867,0.276,0.067,0,10,BASP1
0,0.32270029380423443,0.289,0.094,0,10,NCOA3
0,0.30907442665685675,0.26,0.072,0,10,ORAI2
0,0.26166469731501374,0.264,0.093,0,10,FCMR
3.934591547371983e-304,0.36053949906816785,0.994,0.984,1.1943059182892917e-299,10,RPL36
4.749412780211187e-303,0.38673661216789057,0.98,0.93,1.4416367553053037e-298,10,RPL7
2.0616631289123073e-299,0.453987646069066,0.47,0.259,6.257972261500418e-295,10,DDX21
4.303995952022837e-289,0.3135403360170028,0.999,0.994,1.3064349312770118e-284,10,RPS15
5.062291059903285e-283,0.2839693415815807,0.333,0.151,1.5366078283230433e-278,10,TMEM243
4.1296350116047013e-275,0.4757997994462606,0.908,0.817,1.253509411422491e-270,10,H3F3A
3.331388016881117e-272,0.2907348875219584,0.329,0.15,1.0112095186440944e-267,10,RBM38
2.2181331531205013e-256,0.26527257185193215,0.256,0.106,6.732921372981969e-252,10,RCSD1
3.059558006888909e-255,0.3350942887901085,0.994,0.984,9.286982374110595e-251,10,RPL7A
5.387515098319349e-246,0.3959743721370543,0.398,0.214,1.6353263329438554e-241,10,ANKRD11
1.5654238979151039e-243,0.33074806224671116,0.981,0.947,4.751687699731506e-239,10,NACA
6.617996305297217e-243,0.28405782394861934,0.999,0.999,2.0088265985099174e-238,10,RPL10
3.203560874506888e-241,0.2609738261626484,0.283,0.126,9.724088678478208e-237,10,SNHG7
3.925170727940437e-241,0.47716785916603,0.667,0.465,1.1914463227590403e-236,10,REL
3.40802375535329e-235,0.38202422355954613,0.789,0.626,1.0344715306999377e-230,10,EEF2
4.791587364605647e-229,0.25578264267314177,0.305,0.144,1.454438428652398e-224,10,NFKB2
2.743389093787296e-226,0.324397287806954,0.404,0.222,8.327283255281959e-222,10,LSM7
2.8760617912503647e-221,0.28893687935783063,0.999,0.996,8.729997961161356e-217,10,RPS4X
4.6480003372426116e-219,0.3768248547081302,0.592,0.402,1.4108540223666223e-214,10,NOP53
1.6074214335622415e-214,0.29487902741020067,0.992,0.979,4.8791670194348276e-210,10,RPL35
5.1830259439045875e-210,0.36930628914826724,0.748,0.564,1.5732556950127985e-205,10,ZFAS1
8.048391806889175e-209,0.28100369563466465,0.998,0.997,2.4430088490631403e-204,10,RPS14
1.3308584701961965e-202,0.2746610243324352,0.989,0.974,4.039687800433535e-198,10,UBA52
2.7247118112140347e-198,0.3109729337433187,0.974,0.941,8.270590231759081e-194,10,RACK1
4.835335948778635e-197,0.2837476085597199,0.99,0.971,1.467717873892267e-192,10,RPL6
4.2693668301683585e-195,0.29576637860429744,0.951,0.888,1.2959236076293036e-190,10,RPLP0
9.325109192694432e-194,0.26623527482440734,0.366,0.2,2.8305436443504678e-189,10,RNASET2
6.358381827158244e-176,0.3363520661291515,0.474,0.298,1.9300232198156132e-171,10,KDM6B
5.442085244719797e-166,0.3151659043369015,0.461,0.294,1.6518905551822472e-161,10,SMCHD1
2.5260156302403696e-161,0.30932565443712656,0.832,0.706,7.667467844031617e-157,10,RPL4
4.637016441134618e-161,0.3240083861241674,0.979,0.981,1.407519970542002e-156,10,MT-ND3
2.0109167560838937e-156,0.3175097723822531,0.895,0.796,6.103936721417051e-152,10,RPL31
7.943749763322975e-152,0.2523941608612233,0.333,0.19,2.4112458031590558e-147,10,CREBRF
5.704210110065653e-138,0.2778572159885211,0.484,0.328,1.7314559368093281e-133,10,PNISR
2.201277549734976e-137,0.26742089251083967,0.663,0.499,6.6817578744655466e-133,10,SLC25A6
1.1569832134663167e-122,0.3795611228470803,0.516,0.373,3.511906846155658e-118,10,ZFP36L1
5.383556911773401e-119,0.27824256424667065,0.284,0.166,1.634124864999698e-114,10,PIM3
7.085236925438117e-118,0.2580740130724313,0.574,0.417,2.150652816347486e-113,10,NAP1L1
1.843422676885047e-115,0.26355340365400415,0.528,0.382,5.5955251934168714e-111,10,YBX1
7.500237155790756e-107,0.29238732409444523,0.337,0.212,2.276621986268726e-102,10,NR4A1
8.858959508078707e-107,0.285929947548943,0.332,0.213,2.6890485690822106e-102,10,TMEM123
7.006357116543215e-100,0.3183398802877795,0.837,0.737,2.1267096391555276e-95,10,RPL36A
1.276888490324877e-77,0.3076057751314527,0.644,0.522,3.875867323532132e-73,10,MT-ND4L
6.0039842055218676e-55,0.45974154292169556,0.5,0.39,1.8224493657441077e-50,10,GPR183
0,1.1654199511627366,0.791,0.32,0,11,GZMK
0,1.0844567125148838,0.991,0.73,0,11,CXCR4
0,0.8899822446866308,0.694,0.306,0,11,TUBA4A
0,0.8821969495891002,0.586,0.225,0,11,DUSP4
0,0.8772930592140131,0.968,0.582,0,11,CCL5
0,0.8345100123270127,0.782,0.389,0,11,FAM177A1
0,0.8291121819829097,0.595,0.183,0,11,CD8A
0,0.8225825055643795,0.7,0.352,0,11,DUSP2
0,0.8068830711712414,0.839,0.529,0,11,CREM
0,0.7631872013411364,0.843,0.447,0,11,LEPROTL1
0,0.7341547541110196,0.783,0.389,0,11,ISG20
0,0.7187119910035908,0.894,0.561,0,11,SRSF7
0,0.7000266725542743,0.908,0.699,0,11,ZFP36L2
0,0.6944912608868481,0.766,0.377,0,11,RUNX3
0,0.688265933755293,0.679,0.346,0,11,ZNF331
0,0.6820459959542048,0.732,0.36,0,11,PIK3R1
0,0.6724038153115011,0.998,0.938,0,11,HLA-A
0,0.6698293455836204,0.928,0.717,0,11,TSC22D3
0,0.6511736252288943,0.809,0.415,0,11,CST7
0,0.6506885607280728,0.661,0.336,0,11,CEMIP2
0,0.6155023600402103,0.947,0.782,0,11,BTG1
0,0.6057928428971366,0.625,0.276,0,11,TGFB1
0,0.5959432589463676,0.611,0.256,0,11,GABARAPL1
0,0.5946837286147466,0.992,0.896,0,11,HLA-C
0,0.5946396706025179,0.948,0.732,0,11,CALM1
0,0.5858585956622686,0.887,0.59,0,11,SARAF
0,0.5672432591864542,0.654,0.295,0,11,SYTL3
0,0.5667771314040994,0.781,0.449,0,11,YPEL5
0,0.5556981245807873,0.803,0.415,0,11,CD3D
0,0.5531453872681799,0.757,0.449,0,11,LDHA
0,0.5516222542238043,0.985,0.963,0,11,MT-ND1
0,0.5509908450607575,0.955,0.728,0,11,PTPRC
0,0.5434045466309807,0.437,0.205,0,11,METRNL
0,0.5399475929103217,0.327,0.102,0,11,CRTAM
0,0.5267704803204679,0.707,0.388,0,11,SMAP2
0,0.5252046256919025,0.774,0.453,0,11,CYTIP
0,0.5240856640069027,0.763,0.461,0,11,EZR
0,0.5195438527889749,0.653,0.347,0,11,CCNH
0,0.5180221155935518,0.655,0.332,0,11,SLA
0,0.5012546706670817,0.999,0.967,0,11,HLA-B
0,0.49871856312125307,0.692,0.36,0,11,FYN
0,0.48636371763706243,0.72,0.393,0,11,CNOT6L
0,0.48503306300383825,0.443,0.142,0,11,FAM129A
0,0.4767269589477907,0.72,0.433,0,11,SRSF2
0,0.4762855773236121,0.642,0.321,0,11,RNF19A
0,0.4744213873985508,0.78,0.404,0,11,GZMA
0,0.47240265757214606,0.825,0.49,0,11,IL32
0,0.4634251614374074,0.861,0.582,0,11,ARHGDIB
0,0.46317790479627896,0.587,0.265,0,11,GZMM
0,0.45514381025654116,0.753,0.449,0,11,DDX24
0,0.45502487589609075,0.522,0.214,0,11,JMJD6
0,0.45206163552320056,0.504,0.206,0,11,RNF125
0,0.45035777053414533,0.518,0.216,0,11,SLC7A5
0,0.4344393073124868,0.82,0.533,0,11,STK4
0,0.43263412605311946,0.565,0.266,0,11,SPOCK2
0,0.42915802556310734,0.846,0.564,0,11,CD44
0,0.4251688517923997,0.936,0.727,0,11,HLA-E
0,0.4216566997936617,0.94,0.789,0,11,RPL36AL
0,0.4147038205215746,0.354,0.105,0,11,CD8B
0,0.40839300005672874,0.712,0.425,0,11,SAMSN1
0,0.40779831082166196,0.716,0.429,0,11,NDUFS5
0,0.40673982280563836,0.569,0.272,0,11,RARRES3
0,0.40546294998208077,0.661,0.346,0,11,SEPT7
0,0.4010651496993114,0.531,0.26,0,11,GNG2
0,0.4003119426218338,0.58,0.293,0,11,PIK3IP1
0,0.38859656075289406,0.639,0.362,0,11,CLEC2B
0,0.3878745310462999,0.998,0.99,0,11,EIF1
0,0.38556518734961825,0.536,0.269,0,11,AKNA
0,0.3811912209656164,0.586,0.32,0,11,ADGRE5
0,0.37922636943131277,0.374,0.143,0,11,S1PR4
0,0.3783248873136761,0.469,0.202,0,11,CCSER2
0,0.3704701694000716,0.729,0.427,0,11,ETS1
0,0.3700158730163431,0.697,0.388,0,11,CD3E
0,0.3686383658225703,0.495,0.249,0,11,RHOH
0,0.3671513938291474,0.622,0.335,0,11,PDCD4
0,0.36454517058273095,0.444,0.205,0,11,APOBEC3G
0,0.3563373913359965,0.686,0.394,0,11,PPP2R5C
0,0.35557119287189465,0.534,0.277,0,11,KIAA1551
0,0.349493902466552,1,0.991,0,11,RPS3
0,0.3482778972289477,0.49,0.233,0,11,TERF2IP
0,0.3476402989362878,0.653,0.373,0,11,UBE2B
0,0.34510078331784955,0.32,0.105,0,11,SLA2
0,0.34036045558360656,0.476,0.226,0,11,STAT4
0,0.34002912042900124,0.495,0.246,0,11,PARP8
0,0.3372815219470571,1,1,0,11,B2M
0,0.3270830104379092,0.997,0.989,0,11,RPL23A
0,0.3218945415814392,0.427,0.195,0,11,CDKN1B
0,0.319664562900535,1,0.997,0,11,RPL28
0,0.31950244793608656,0.384,0.152,0,11,ISCA1
0,0.31915630125180305,0.256,0.078,0,11,CXCR6
0,0.3159666104715864,0.349,0.147,0,11,TRAT1
0,0.3140422119978706,0.368,0.149,0,11,RBM38
0,0.31288748674072026,0.404,0.183,0,11,LYAR
0,0.30863300166815005,0.343,0.124,0,11,FAM102A
0,0.3040243884007448,0.324,0.124,0,11,PMEPA1
0,0.28493983969053854,0.332,0.135,0,11,AC016831.7
2.366953013301053e-307,0.3066192658921078,0.348,0.149,7.184649176574016e-303,11,LYST
1.676279947047065e-306,0.32801066724021943,0.532,0.273,5.088180151266661e-302,11,CD3G
2.715275499075244e-306,0.29468814344063116,0.434,0.206,8.241947249892996e-302,11,ABHD17A
1.5334080979564084e-305,0.607563938276106,0.918,0.829,4.654506940536882e-301,11,JUND
1.6423572419754196e-303,0.37454213346235965,0.589,0.327,4.9852111722921885e-299,11,SKIL
6.106597840864e-303,0.29302901808150655,0.466,0.228,1.8535967086158584e-298,11,MRFAP1
2.442153481143801e-301,0.3446773352789393,0.623,0.357,7.412912676663894e-297,11,HLA-F
5.319285023551257e-299,0.36174633666295497,0.985,0.859,1.6146157760487485e-294,11,SRGN
5.838270497940121e-298,0.3346577769755502,0.638,0.359,1.7721486269447442e-293,11,CD7
6.803295435598782e-298,0.3365711145640742,0.618,0.353,2.0650722965216545e-293,11,CDC42SE2
1.4876764190973963e-297,0.48499083471142224,0.831,0.583,4.515693002528237e-293,11,MCL1
7.289764179064585e-296,0.3123689522372827,0.474,0.236,2.2127350189132642e-291,11,RALGAPA1
1.0050089247108742e-287,0.30969481463373055,0.449,0.222,3.050604090067388e-283,11,PTPN22
1.5800057047262366e-287,0.31069789024323724,0.467,0.237,4.795949316126019e-283,11,SEPT6
3.8006833091686204e-287,0.3836178492150437,0.665,0.399,1.153659411665043e-282,11,AKAP13
3.1333607161403234e-286,0.32268514931841175,0.996,0.98,9.511003117772338e-282,11,RPS2
1.263759996961979e-278,0.4078988706151918,0.637,0.377,3.8360170947783913e-274,11,TRBC2
3.018072060801918e-278,0.47619116466703226,0.75,0.48,9.161055933358142e-274,11,RGS1
1.9920455836515331e-277,0.38591511314772664,0.678,0.407,6.046655164615864e-273,11,CD2
2.5465233895119726e-273,0.3416842031737751,0.546,0.303,7.729717096524642e-269,11,SYAP1
5.480609774420718e-273,0.357180673105139,0.804,0.541,1.6635842909276647e-268,11,SUB1
8.502422735848285e-273,0.36277289264256474,0.732,0.464,2.5808253972393883e-268,11,NCL
7.139883058994902e-272,0.25957520668159645,0.317,0.136,2.1672401037273126e-267,11,DCTN6
6.429000225966966e-271,0.2919200501657872,0.328,0.144,1.951458728590013e-266,11,RAB9A
8.147955754155266e-271,0.3906610226839117,0.606,0.343,2.4732304896162895e-266,11,TRAC
3.4310930792247664e-270,0.33803315573654114,0.467,0.244,1.0414739932678856e-265,11,CRYBG1
2.636647373508982e-268,0.32937355070085894,0.461,0.239,8.003279437549164e-264,11,IDI1
2.342868263553005e-266,0.3269980605394772,0.51,0.277,7.111542327188791e-262,11,PDE4B
1.6833194863079438e-265,0.2685237791786057,0.309,0.133,5.109547968739133e-261,11,PDE3B
4.639836356318099e-264,0.30859842821675254,0.523,0.284,1.4083759275967958e-259,11,CD96
3.657267721796343e-263,0.29741390059439143,0.607,0.351,1.1101270442740618e-258,11,RBM8A
1.8070608016597454e-261,0.3120485171086622,0.601,0.347,5.485152357357991e-257,11,RSRC2
6.026638742260643e-259,0.38715299172306505,0.589,0.346,1.8293259238257957e-254,11,ARL4C
2.093210740798098e-258,0.2726299201764446,0.333,0.15,6.353731882618546e-254,11,PDCL3
2.893191598582171e-255,0.30159647123591954,0.305,0.132,8.781993778336321e-251,11,TRGC2
1.1502182247599653e-254,0.4435937976696356,0.9,0.782,3.491372399436399e-250,11,ZFP36
2.0015685206240854e-253,0.2829999701147313,0.418,0.211,6.075561087502349e-249,11,JPT1
9.374057629096109e-253,0.25306960356618324,0.356,0.165,2.845401452735833e-248,11,TC2N
9.666400283159524e-252,0.2948862916808802,0.532,0.296,2.934139141950242e-247,11,SLC38A1
1.2381957525380826e-251,0.30949411537613813,0.525,0.293,3.7584193872540956e-247,11,MYH9
4.519296803959997e-249,0.2616035497776694,0.312,0.137,1.3717873518740173e-244,11,AUTS2
1.4031892169664122e-247,0.28816403498909027,0.429,0.217,4.2592405491798474e-243,11,UBE2S
7.91507709840831e-246,0.2575000879237314,0.368,0.176,2.4025425024508584e-241,11,TENT5C
3.728560383829561e-243,0.28788349313822853,0.509,0.28,1.1317672189076249e-238,11,GYPC
1.4089071405350864e-240,0.27758352759550553,0.556,0.318,4.2765967343802015e-236,11,ARF1
3.6323393038145885e-238,0.2846385692948621,0.667,0.411,1.10256027227988e-233,11,SAP18
6.0725094332553515e-238,0.29342306352537734,0.492,0.27,1.8432495133703293e-233,11,G3BP2
1.178688531865526e-233,0.32190036915149456,0.698,0.448,3.577791169624618e-229,11,SELENOK
1.5470959614439506e-230,0.2831143747623949,0.333,0.158,4.696055081366968e-226,11,SC5D
2.524678209754287e-229,0.25260017421500425,0.402,0.205,7.663408237888163e-225,11,ARID5A
1.564975368969667e-227,0.2504081271477395,0.41,0.21,4.750326234970527e-223,11,ARHGAP9
6.85260200439873e-226,0.3005843612057164,0.561,0.33,2.0800388124151906e-221,11,IDS
2.3744944680168168e-225,0.2517516323894234,0.459,0.246,7.207540508218245e-221,11,TNFRSF1B
1.0434568243397655e-219,0.46812712084163066,0.558,0.336,3.1673088446009243e-215,11,LMNA
1.7549792260188195e-215,0.2755766245228857,0.438,0.237,5.327063942657525e-211,11,CLEC2D
4.869302665949763e-215,0.30942030673115084,0.513,0.3,1.478028131222391e-210,11,STK17A
1.6907426069497803e-212,0.2611555615033012,0.997,0.984,5.132080109135363e-208,11,RPL7A
3.684836967183951e-211,0.3267647986722465,0.601,0.373,1.1184954130190165e-206,11,PPP1R2
1.7529898654017788e-208,0.29338070967362917,0.99,0.982,5.321025437440559e-204,11,MT-CYB
6.543240242097655e-207,0.2718311573507849,0.532,0.314,1.9861351430863222e-202,11,ARID4B
2.160932798224091e-203,0.3272559869605576,0.492,0.286,6.559295415729406e-199,11,PARK7
1.594102357098651e-200,0.323042417657238,0.322,0.157,4.838738294737245e-196,11,GZMH
2.7385627828666536e-200,0.38556519732259753,0.841,0.607,8.312633471113441e-196,11,TNFAIP3
5.1178888080523065e-196,0.2893920937860469,0.386,0.207,1.5534839687961972e-191,11,CLDND1
4.633936283770231e-194,0.32658044315790713,0.911,0.756,1.406585019575616e-189,11,OAZ1
1.4979856991744023e-192,0.28029202390882035,0.664,0.439,4.546985791273981e-188,11,STK17B
4.66225610230932e-192,0.2560757996160391,0.531,0.319,1.415181217294971e-187,11,WIPF1
1.898420185910198e-190,0.2905886443136455,0.686,0.455,5.7624646323118155e-186,11,SRSF5
5.647485951364079e-190,0.25499138523377174,0.584,0.364,1.7142378856770528e-185,11,TRIR
1.0561589365537483e-189,0.25192518535386654,0.526,0.315,3.205864836015248e-185,11,FNBP1
7.09428362117421e-189,0.2576667645875478,0.607,0.374,2.1533988503712198e-184,11,CD99
2.2806218367263756e-188,0.2621390807673757,0.543,0.324,6.922599523199241e-184,11,LITAF
5.458180424508029e-187,0.2548125007286217,0.418,0.226,1.656776086055167e-182,11,ARID5B
1.7882128031692671e-186,0.268187495739729,0.444,0.249,5.427941142739993e-182,11,ITM2A
1.4231283758060853e-178,0.2520939601394716,0.501,0.299,4.319763871921792e-174,11,SCAF11
2.830138095810843e-177,0.4087275204515789,0.51,0.315,8.590601176024233e-173,11,TRBC1
5.560766818114024e-176,0.32547693314403103,0.687,0.465,1.687915159970331e-171,11,REL
1.0814556014770317e-171,0.26923902252826737,0.4,0.224,3.282650332723382e-167,11,GIMAP7
7.45852559637851e-168,0.5489367424134087,0.508,0.327,2.2639608595247328e-163,11,RGCC
2.248623331818019e-165,0.2559902338170783,0.993,0.985,6.8254712614004146e-161,11,MT-CO3
8.613312882615187e-164,0.27274351531818164,0.618,0.415,2.614484992389014e-159,11,YWHAB
5.068385893174035e-159,0.2550059273243146,0.794,0.566,1.5384578540140466e-154,11,HCST
5.573359645704311e-159,0.4802442287655053,0.771,0.608,1.6917375868570867e-154,11,ANXA1
7.666885319662132e-134,0.4320638354531332,0.643,0.478,2.3272063699302434e-129,11,IL7R
1.9285305116272575e-94,0.4459440829044685,0.917,0.893,5.853861514993377e-90,11,VIM
1.7062177687454842e-35,0.2502192456765484,0.759,0.743,5.179053415250043e-31,11,JUNB
0,1.3024754871745063,0.901,0.407,0,12,NKG7
0,1.073476674211641,0.744,0.22,0,12,KLRD1
0,0.9364352724546863,0.909,0.585,0,12,CCL5
0,0.8778528513808188,0.634,0.183,0,12,GZMB
0,0.8380391577130426,0.697,0.356,0,12,CD7
0,0.8251253002226859,0.429,0.152,0,12,GZMH
0,0.8204450941263285,0.598,0.185,0,12,PRF1
0,0.6694107485705239,0.362,0.081,0,12,CLIC3
0,0.6515284013970262,0.733,0.407,0,12,GZMA
0,0.6482364925175192,0.765,0.417,0,12,CST7
0,0.6249058743578685,0.253,0.038,0,12,FGFBP2
0,0.5866649399875254,0.956,0.897,0,12,HLA-C
0,0.5807679365456058,0.671,0.287,0,12,CTSW
0,0.5614402101076683,0.348,0.109,0,12,TRDC
0,0.5596224202334638,0.46,0.184,0,12,XCL2
0,0.5246620419353953,0.982,0.939,0,12,HLA-A
0,0.519966573929606,0.503,0.207,0,12,HOPX
0,0.5077596889904793,0.575,0.298,0,12,SYTL3
0,0.5014735625418625,0.525,0.242,0,12,CD247
0,0.49099789019632384,0.469,0.204,0,12,APOBEC3G
0,0.44998732442975514,0.419,0.152,0,12,MATK
0,0.4440400641285436,0.306,0.113,0,12,KLRC1
0,0.43846190520562,0.991,0.967,0,12,HLA-B
0,0.4362936215235491,1,1,0,12,B2M
0,0.4351659020770031,0.529,0.268,0,12,GZMM
0,0.4229271931650189,0.431,0.198,0,12,IFITM1
0,0.4048340771340835,0.611,0.348,0,12,SEPT7
0,0.36422211282329814,0.316,0.105,0,12,SLA2
0,0.3611350617751509,0.27,0.095,0,12,TRGC1
0,0.32545183376706055,0.372,0.155,0,12,IL2RB
2.554175687703074e-304,0.4711483175027147,0.8,0.565,7.75294488245391e-300,12,HCST
1.5021234817716554e-293,0.4188780429925476,0.658,0.401,4.559545616569683e-289,12,IFITM2
2.536533227414493e-293,0.5280684670238031,0.677,0.452,7.699392958493953e-289,12,LDHA
1.0290033734409817e-285,0.2757045192614357,0.306,0.125,3.123436839742756e-281,12,CHST12
2.1003687238663873e-273,0.267847969126559,0.316,0.135,6.375459224424032e-269,12,APMAP
3.1604961694639806e-269,0.36032299251572414,0.503,0.275,9.593370072790967e-265,12,RARRES3
1.737619253570659e-263,0.6290174111119822,0.4,0.207,5.274369482288378e-259,12,METRNL
1.911114824314916e-256,0.4985221483161948,0.337,0.152,5.800997937725496e-252,12,XCL1
1.0193377388493858e-245,0.343213257826372,0.487,0.271,3.0940977725034257e-241,12,AKNA
1.2262138148356168e-241,0.2806167545087745,0.362,0.176,3.7220494135520314e-237,12,BIN2
3.2392893737906396e-230,0.36530130747954925,0.546,0.324,9.832538965204108e-226,12,LITAF
6.433743048490168e-228,0.3091691931430856,0.397,0.207,1.9528983649387057e-223,12,ABHD17A
1.642960241418056e-225,0.3885293751971086,0.261,0.112,4.987041516800368e-221,12,TNFRSF18
1.553535753829932e-219,0.2964920569563397,0.402,0.21,4.715602427175376e-215,12,RNF125
1.1971982821095759e-216,0.40962136897579704,1,0.996,3.633975665515407e-212,12,TMSB4X
2.0724550002069523e-216,0.44659838406393837,0.468,0.283,6.290729907628184e-212,12,TGFB1
2.9455094472664307e-214,0.3842266575810922,0.736,0.545,8.940799376232524e-210,12,ARPC2
2.2586328276227243e-212,0.28209771027648367,0.426,0.232,6.855854084966017e-208,12,PAXX
1.0721798161609487e-209,0.34849052522394974,0.511,0.309,3.2544946139749436e-205,12,LSP1
1.1635752697998e-206,0.370349463462903,0.597,0.385,3.531916373950313e-202,12,RUNX3
1.3804001520341433e-203,0.4484103518014586,0.601,0.397,4.190066621484439e-199,12,FAM177A1
1.0829869163589902e-197,0.37654657677121395,0.866,0.73,3.2872984859160787e-193,12,HLA-E
5.399075439655066e-197,0.3392387887642963,0.452,0.264,1.6388353589528986e-192,12,GNG2
1.4745454973660424e-194,0.32234593173429943,0.282,0.133,4.475835402704885e-190,12,TRGC2
1.314550957825546e-188,0.326757369234565,0.519,0.323,3.990187977383662e-184,12,ADGRE5
1.5274675062572128e-185,0.41510957965837647,0.368,0.2,4.6364748684931435e-181,12,CMC1
9.615423426595097e-183,0.26694257451377473,0.384,0.211,2.9186656269086757e-178,12,ARHGAP9
8.18393997902518e-180,0.27281666895051676,0.304,0.152,2.484153141233303e-175,12,PLAC8
2.485646222408455e-177,0.5557469345368222,0.327,0.18,7.544930543498625e-173,12,LDLRAD4
2.5403191819612817e-177,0.28923686919649794,0.394,0.222,7.710884844925275e-173,12,SLC7A5
2.4442724787722472e-175,0.3743433786302369,0.638,0.447,7.419344682065279e-171,12,CORO1A
1.0428232809471132e-174,0.2846526687149128,0.449,0.263,3.1653857869868676e-170,12,GABARAPL1
2.5578892751324038e-173,0.2690917165093417,0.465,0.262,7.764217105736898e-169,12,TYROBP
8.299159403453364e-172,0.29066278904318577,0.534,0.34,2.519126845324234e-167,12,EVL
2.3904486842871672e-170,0.2506111577626751,0.339,0.179,7.255967936285267e-166,12,GPR65
3.0040668972716536e-167,0.288777143348506,0.569,0.377,9.118544659978377e-163,12,RAP1B
2.062668460967209e-164,0.2789115350053206,0.41,0.241,6.261023846419866e-160,12,CDC42SE1
5.588661889973362e-161,0.35677599846261154,0.84,0.712,1.6963824300825142e-156,12,CFL1
2.4214399686534654e-159,0.25296514189268926,0.369,0.206,7.350038880850729e-155,12,CCND2
8.496806164190652e-159,0.3153910716665721,0.558,0.366,2.5791205430784304e-154,12,CLEC2B
2.1318240854613317e-156,0.2571038258333311,0.414,0.246,6.470938829009327e-152,12,AES
1.1729023547892547e-155,0.38482135164820364,0.552,0.368,3.560227807727304e-151,12,PIK3R1
1.2753429691004775e-153,0.32071714950327757,0.616,0.438,3.871176048407589e-149,12,SRSF2
5.7169003366354014e-152,0.3536357596166023,0.575,0.398,1.7353079281823097e-147,12,ISG20
3.0863927978804556e-151,0.34270069563033156,0.584,0.401,9.368436698686335e-147,12,DDIT4
2.401351864217348e-147,0.305680540974977,0.869,0.735,7.289063448645338e-143,12,CALM1
1.3387573475166717e-146,0.2609483789536639,0.302,0.16,4.0636640526521056e-142,12,LINC01871
4.686771928372056e-146,0.38500004117863895,0.751,0.604,1.4226227511380537e-141,12,MYL12A
3.390430749388216e-145,0.2741181699022823,0.52,0.338,1.029131349669299e-140,12,SLA
2.8287481489529243e-144,0.331169307244197,0.583,0.389,8.586382131331707e-140,12,KLRB1
2.959900055597981e-142,0.26325588478645057,0.559,0.376,8.984480628762111e-138,12,CD99
1.3250274307069857e-132,0.2695763604378095,0.437,0.276,4.0219882631679843e-128,12,IRF1
1.6937814753688065e-132,0.25383840160868776,0.451,0.287,5.141304290334475e-128,12,CD96
4.369293668105628e-129,0.30242693472039117,0.477,0.316,1.3262554000167823e-124,12,TUBA4A
4.620130519420122e-128,0.2655397552068266,0.433,0.276,1.4023944178647838e-123,12,FOSL2
9.834144739949581e-126,0.2768493042164474,0.437,0.285,2.9850562943642956e-121,12,ALOX5AP
7.013641910710302e-124,0.27171999306785466,0.704,0.545,2.128920865577005e-119,12,SUB1
6.154527133883402e-123,0.25189057349144456,0.386,0.24,1.8681451662189678e-118,12,RALGAPA1
3.927214481763812e-122,0.2833977074362186,0.455,0.303,1.1920666837945875e-117,12,STK17A
2.002123603111614e-121,0.26783232862834583,0.519,0.362,6.077245984884993e-117,12,RAC2
4.062079903247611e-114,0.2814235577468329,0.732,0.587,1.2330037338317797e-109,12,ARHGDIB
1.0579098629496934e-112,0.5061197289810628,0.597,0.469,3.2111795979974994e-108,12,REL
2.219875938039201e-112,0.4478517603101222,0.722,0.59,6.73821142232419e-108,12,PFN1
7.624551993081178e-108,0.27848319388229525,0.626,0.469,2.3143565119798607e-103,12,NCL
3.1911509730242677e-106,0.28289863755896016,0.88,0.735,9.686419663517862e-102,12,CXCR4
2.0675899879157906e-104,0.2916485632113863,0.492,0.343,6.275962649319591e-100,12,CEMIP2
5.448584934612278e-87,0.33140680866709293,0.495,0.361,1.6538634710522107e-82,12,DUSP2
8.992961497358403e-87,0.36066795160433407,0.623,0.499,2.7297235329081697e-82,12,IL32
2.3038089016443594e-86,0.4337417492488147,0.654,0.584,6.992981540051288e-82,12,CD52
3.991498457646577e-85,0.26320006068102986,0.936,0.906,1.211579441834042e-80,12,ACTG1
1.9546234310168934e-81,0.3283595917367679,0.655,0.537,5.933063962508678e-77,12,CREM
3.216632621640611e-68,0.26918146666467835,0.787,0.69,9.763766659727912e-64,12,SH3BGRL3
5.874073661489321e-66,0.2610519765819359,0.867,0.786,1.7830163192084685e-61,12,BTG1
1.6409423931203126e-48,0.3307906033130892,0.963,0.946,4.980916540077397e-44,12,ACTB
1.3843648040043208e-36,0.2823032922605211,0.483,0.429,4.2021009260747154e-32,12,CD3D
0,4.881236770614329,0.977,0.069,0,13,IL1B
0,4.707518008612665,0.977,0.112,0,13,CXCL8
0,4.0432010468227055,0.808,0.078,0,13,CCL20
0,4.020252924305142,0.904,0.063,0,13,S100A9
0,3.7328817913668133,0.867,0.034,0,13,EREG
0,3.6019349656613624,0.886,0.074,0,13,CXCL2
0,3.530520108168333,0.737,0.048,0,13,CXCL3
0,3.435726647014073,0.963,0.112,0,13,LYZ
0,3.1168630418867247,0.804,0.036,0,13,S100A8
0,3.0988687128736774,0.984,0.174,0,13,SOD2
0,3.093574506559473,0.712,0.163,0,13,CCL3
0,3.0911785018241758,0.826,0.065,0,13,G0S2
0,2.951968566847306,0.974,0.146,0,13,IER3
0,2.897874200607376,0.946,0.08,0,13,PLAUR
0,2.761278265445415,0.517,0.007,0,13,SERPINB2
0,2.7325744601582356,0.958,0.128,0,13,BCL2A1
0,2.666593357041844,0.524,0.115,0,13,CCL3L1
0,2.642656587006429,0.744,0.063,0,13,THBS1
0,2.6097761083976176,0.892,0.277,0,13,TIMP1
0,2.353953613217246,1,0.956,0,13,FTH1
0,2.245257407548555,0.944,0.224,0,13,NAMPT
0,2.2129673826761698,0.985,0.516,0,13,SAT1
0,2.185907413875397,1,0.946,0,13,FTL
0,2.0889386657853812,0.659,0.032,0,13,PTGS2
0,2.0256967549196783,0.902,0.217,0,13,CTSS
0,1.908209534263714,0.982,0.783,0,13,NEAT1
0,1.8714480450491504,0.771,0.03,0,13,FCN1
0,1.831299417879653,0.764,0.033,0,13,C5AR1
0,1.8188638017141385,0.922,0.19,0,13,FCER1G
0,1.7016773233659201,0.594,0.013,0,13,IL1A
0,1.6666013104500141,0.525,0.016,0,13,IL1RN
0,1.6374569518927888,0.877,0.101,0,13,AIF1
0,1.6282325376792475,0.688,0.027,0,13,OLR1
0,1.6119415762919496,0.974,0.515,0,13,NFKBIA
0,1.6084958996580454,0.924,0.253,0,13,HLA-DRA
0,1.5708780788507808,0.564,0.044,0,13,C15orf48
0,1.5445460763772465,0.932,0.246,0,13,TYROBP
0,1.5417969881021185,0.656,0.009,0,13,AQP9
0,1.5117153642538663,0.846,0.205,0,13,ANXA5
0,1.5108084354065863,0.792,0.099,0,13,PLEK
0,1.4985847809140518,0.661,0.055,0,13,BASP1
0,1.4847707428032895,0.528,0.047,0,13,CTSL
0,1.3976124275626054,0.945,0.488,0,13,S100A11
0,1.3647295852985784,0.53,0.012,0,13,S100A12
0,1.362150543901757,0.696,0.056,0,13,PPIF
0,1.3522494431574914,0.634,0.035,0,13,VCAN
0,1.3210288439774052,0.672,0.052,0,13,NLRP3
0,1.309510952775637,0.694,0.176,0,13,CEBPB
0,1.2910972633318942,0.839,0.201,0,13,PSAP
0,1.2639027442765824,0.8,0.278,0,13,CD55
0,1.2499601413653352,0.777,0.213,0,13,ATP2B1
0,1.2471434534983554,0.422,0.006,0,13,TNFAIP6
0,1.1949335861364097,0.662,0.039,0,13,ACSL1
0,1.1713437841977727,0.549,0.223,0,13,AREG
0,1.1703681347141397,0.876,0.462,0,13,PNRC1
0,1.1673188332521545,0.821,0.393,0,13,EMP3
0,1.1595077614012042,0.683,0.093,0,13,MXD1
0,1.1427478799443673,0.526,0.024,0,13,CD93
0,1.141935320935018,0.981,0.815,0,13,H3F3A
0,1.134813545894728,0.612,0.066,0,13,MARCKS
0,1.1245236661184752,0.928,0.769,0,13,S100A6
0,1.111973248728522,0.73,0.099,0,13,LST1
0,1.106281720349446,0.87,0.582,0,13,S100A10
0,1.103254498524311,0.692,0.136,0,13,EHD1
0,1.1017553838517395,0.712,0.115,0,13,APLP2
0,1.1006304505188147,0.763,0.215,0,13,ZEB2
0,1.0992954410182603,0.913,0.235,0,13,CST3
0,1.0974782923451651,0.766,0.228,0,13,NFKB1
0,1.0969426208769604,0.983,0.86,0,13,SRGN
0,1.075905824779807,0.703,0.124,0,13,NINJ1
0,1.0730984658279201,0.571,0.036,0,13,CD14
0,1.0697484098973513,0.651,0.112,0,13,CTSB
0,1.0633458145576846,0.528,0.043,0,13,GK
0,1.058211798922571,0.574,0.136,0,13,INSIG1
0,1.0544218423099687,0.664,0.06,0,13,ETS2
0,1.031326261452874,0.765,0.313,0,13,ATP1B3
0,1.0290956326533427,0.654,0.072,0,13,ATP13A3
0,1.026458739400264,0.313,0.046,0,13,HMOX1
0,1.024909120473049,0.486,0.032,0,13,CD163
0,1.023213999161847,0.734,0.192,0,13,UPP1
0,1.0212367464046095,0.657,0.151,0,13,LIMS1
0,1.015084472132653,0.534,0.022,0,13,SLC11A1
0,1.0119461180373936,0.866,0.389,0,13,SDCBP
0,1.0114961138129193,0.6,0.029,0,13,SERPINA1
0,1.0108767185721508,0.708,0.155,0,13,MAP3K8
0,1.010549052227475,0.608,0.028,0,13,KYNU
0,1.0101770590022283,0.605,0.06,0,13,ICAM1
0,1.0022272150765437,0.842,0.422,0,13,SAMSN1
0,0.9999393652781148,0.667,0.21,0,13,SERPINB9
0,0.9909152986920768,0.53,0.039,0,13,VEGFA
0,0.9838882688458686,0.571,0.029,0,13,TNFAIP2
0,0.9734646640858992,0.404,0.016,0,13,CYP1B1
0,0.9710182096004124,0.705,0.177,0,13,CDKN1A
0,0.9703036988223199,0.872,0.564,0,13,CD44
0,0.9666678789482841,0.688,0.239,0,13,TNFRSF1B
0,0.9662854113977086,0.535,0.043,0,13,FNIP2
0,0.962234309536589,0.611,0.058,0,13,PHACTR1
0,0.9585837995645332,0.728,0.195,0,13,RILPL2
0,0.9490756583191273,0.894,0.657,0,13,S100A4
0,0.9358993326489773,0.661,0.202,0,13,WTAP
0,0.9301133198281256,0.621,0.056,0,13,CD68
0,0.9234810965264727,0.628,0.173,0,13,SERPINB1
0,0.9181180448199178,0.684,0.256,0,13,HLA-DRB1
0,0.9119033889441608,0.755,0.302,0,13,CFLAR
0,0.9003400776931312,0.667,0.122,0,13,ASAH1
0,0.894430623713284,0.976,0.891,0,13,VIM
0,0.8933302365212689,0.413,0.008,0,13,DNAAF1
0,0.8860329360541261,0.89,0.605,0,13,CYBA
0,0.8842832516126811,0.514,0.025,0,13,CCRL2
0,0.8836788974812847,0.429,0.014,0,13,LUCAT1
0,0.8824086005247096,0.352,0.019,0,13,THBD
0,0.8744548128294671,0.844,0.449,0,13,PPP1R15A
0,0.8692136028282064,0.565,0.046,0,13,CYBB
0,0.8685196068133308,0.286,0.017,0,13,IL10
0,0.8649514996064428,0.629,0.251,0,13,CHMP1B
0,0.8638850231428751,0.74,0.257,0,13,ANXA2
0,0.8551966465799106,0.558,0.108,0,13,PNP
0,0.8481678077013272,0.495,0.016,0,13,CLEC4E
0,0.8467999550423976,0.473,0.041,0,13,MNDA
0,0.8459814296099044,0.875,0.52,0,13,LAPTM5
0,0.8410840428814851,0.49,0.04,0,13,MS4A7
0,0.8248185133656188,0.639,0.159,0,13,NPC2
0,0.8247990078945818,0.559,0.167,0,13,GLUL
0,0.8236875653947019,0.304,0.007,0,13,PTX3
0,0.8204064829095313,0.37,0.114,0,13,TNF
0,0.8194677606372046,0.535,0.032,0,13,IRAK3
0,0.815649413346285,0.409,0.023,0,13,OSM
0,0.8107141534130511,0.663,0.247,0,13,TSPO
0,0.810301040634531,0.406,0.065,0,13,DUSP6
0,0.8092471290693558,0.528,0.056,0,13,DSE
0,0.8038065013878235,0.747,0.289,0,13,KDM6B
0,0.8004374468631968,0.512,0.047,0,13,FCGR2A
0,0.7974618523210649,0.512,0.029,0,13,CSTA
0,0.7962312386413776,0.406,0.033,0,13,MAFB
0,0.7942451985780661,0.869,0.413,0,13,CD74
0,0.7928437114433855,0.513,0.068,0,13,ITGAX
0,0.7896197168001278,0.424,0.009,0,13,CD300E
0,0.788704594410774,0.42,0.004,0,13,AC245128.3
0,0.7815986371025496,0.47,0.051,0,13,THAP2
0,0.78102495980748,0.559,0.216,0,13,PLIN2
0,0.7757477384670919,0.446,0.012,0,13,TREM1
0,0.7751610677675327,0.486,0.074,0,13,ATP2B1-AS1
0,0.774366700363295,0.591,0.24,0,13,TNFAIP8
0,0.7696061308210244,0.491,0.08,0,13,SLC25A37
0,0.7694671587584534,0.554,0.067,0,13,MS4A6A
0,0.7675191395295857,0.565,0.102,0,13,AP1S2
0,0.7626011677940641,0.696,0.265,0,13,HLA-DPA1
0,0.7572721176973325,0.512,0.118,0,13,SOCS3
0,0.7486119797406328,0.587,0.164,0,13,TKT
0,0.7457363780594553,0.472,0.124,0,13,EIF4E
0,0.7417471922836892,0.585,0.13,0,13,SPAG9
0,0.7342364492366847,0.424,0.041,0,13,ABL2
0,0.7329197414854021,0.63,0.183,0,13,ATP6V0B
0,0.7327863305109981,0.573,0.154,0,13,CD83
0,0.7287690461642211,0.569,0.129,0,13,LCP2
0,0.7273227311417116,0.588,0.126,0,13,MAP2K3
0,0.7269858192963938,0.5,0.04,0,13,CLEC7A
0,0.7265183921510503,0.578,0.141,0,13,GSTO1
0,0.7116658013803646,0.472,0.02,0,13,TLR2
0,0.7078675467009748,0.56,0.117,0,13,MGAT1
0,0.7006676762232875,0.828,0.464,0,13,CD63
0,0.6967073777710673,0.515,0.206,0,13,EIF1B
0,0.6920717433408725,0.671,0.32,0,13,LITAF
0,0.6919205390208292,0.571,0.095,0,13,FCGRT
0,0.6865956147335226,0.557,0.136,0,13,PNPLA8
0,0.6863816027609412,0.304,0.006,0,13,MIR3945HG
0,0.6856716077650677,0.538,0.085,0,13,GRN
0,0.6833206096298795,0.564,0.17,0,13,NFKBIZ
0,0.6793682726990697,0.517,0.171,0,13,HIF1A
0,0.6781164685032715,0.66,0.279,0,13,HLA-DPB1
0,0.6738516342036183,0.4,0.012,0,13,ANPEP
0,0.6680885092718553,0.472,0.065,0,13,ZFYVE16
0,0.6676984402068522,0.426,0.109,0,13,BNIP3L
0,0.6672467474523056,0.508,0.086,0,13,STX11
0,0.6613600330375446,0.467,0.083,0,13,TET2
0,0.6611247461634152,0.675,0.297,0,13,ITGB2
0,0.6565032325928837,0.274,0.013,0,13,MMP19
0,0.6541161422374582,0.528,0.096,0,13,ARL8B
0,0.6522881774868701,0.485,0.094,0,13,BID
0,0.6508176692668445,0.589,0.29,0,13,CSTB
0,0.6493670171862669,0.427,0.035,0,13,RNF144B
0,0.6430103176375034,0.481,0.07,0,13,ATP6V1B2
0,0.6421557699333744,0.574,0.212,0,13,FLNA
0,0.6411406947514089,0.465,0.051,0,13,CPVL
0,0.6340241793249078,0.518,0.187,0,13,TPM4
0,0.627685183709715,0.544,0.158,0,13,PIM3
0,0.6272630056559456,0.404,0.017,0,13,FPR1
0,0.6235903384601249,0.461,0.202,0,13,PHLDA1
0,0.6232356971073805,0.64,0.253,0,13,NFE2L2
0,0.6224131144122382,0.436,0.099,0,13,BRI3
0,0.6192350643627318,0.49,0.1,0,13,CTSZ
0,0.6161279898139008,0.416,0.029,0,13,CFP
0,0.6048688109800089,0.367,0.007,0,13,GPR84
0,0.6030443513570891,0.94,0.756,0,13,OAZ1
0,0.5989012059973251,0.386,0.079,0,13,FGL2
0,0.596564544223178,0.42,0.022,0,13,DENND5A
0,0.5938625507881575,0.4,0.044,0,13,NBPF19
0,0.5867554160471847,0.565,0.203,0,13,LGALS3
0,0.5838129601793793,0.454,0.077,0,13,PLSCR1
0,0.5808094922336946,0.404,0.115,0,13,AC016831.1
0,0.5754045573574412,0.538,0.249,0,13,VMP1
0,0.5749707496304838,0.378,0.024,0,13,SLC43A2
0,0.5744106007821373,0.458,0.112,0,13,ARFGAP3
0,0.5731376107130077,0.645,0.273,0,13,PDE4B
0,0.5701819303456847,0.413,0.081,0,13,BLVRB
0,0.5686727166997566,0.398,0.025,0,13,NCF2
0,0.5665128232150949,0.926,0.765,0,13,GAPDH
0,0.564612488432027,0.557,0.305,0,13,SLC2A3
0,0.5595050573128463,0.387,0.03,0,13,IL6R
0,0.55723370162411,0.994,0.991,0,13,MT-CO1
0,0.5566013157963179,0.423,0.049,0,13,FGR
0,0.5537610192551619,0.459,0.097,0,13,CSGALNACT2
0,0.553331478337489,0.565,0.203,0,13,ATP6V1F
0,0.5525213135151898,0.424,0.088,0,13,CFD
0,0.5458435453692381,0.479,0.126,0,13,HLA-DMA
0,0.5371327127349936,0.38,0.036,0,13,IFNGR2
0,0.5356051825915491,0.38,0.02,0,13,PILRA
0,0.5348358997361374,0.365,0.016,0,13,SPHK1
0,0.5314906138831996,0.353,0.021,0,13,EPB41L3
0,0.5309055348338688,0.45,0.092,0,13,QKI
0,0.5302632964255997,0.349,0.035,0,13,IGSF6
0,0.528732669925728,0.342,0.015,0,13,DMXL2
0,0.528528086821498,0.472,0.131,0,13,ZNF267
0,0.527362247736604,0.372,0.046,0,13,LPCAT1
0,0.5271058174888925,0.335,0.028,0,13,B3GNT5
0,0.5267554196006041,0.527,0.203,0,13,ELL2
0,0.5195122370243281,0.388,0.094,0,13,TYMP
0,0.5187392221940662,0.344,0.017,0,13,CSF3R
0,0.5178074980228139,0.344,0.046,0,13,TGFBI
0,0.5177740988796846,0.517,0.183,0,13,PKM
0,0.5174625182859094,0.382,0.079,0,13,STXBP2
0,0.5164347586324483,0.399,0.058,0,13,NUMB
0,0.5160592684746509,0.355,0.052,0,13,PDE4DIP
0,0.5148628165940763,0.526,0.248,0,13,CTSD
0,0.5133697134146875,0.357,0.034,0,13,RAB31
0,0.5118618502887752,0.258,0.018,0,13,SLC16A10
0,0.5092255140959018,0.353,0.021,0,13,SERPINB8
0,0.5052947618105967,0.392,0.069,0,13,ITGA5
0,0.5036994004219215,0.887,0.67,0,13,PABPC1
0,0.5012242093633771,0.364,0.082,0,13,MAP4K4
0,0.500264040205862,0.797,0.525,0,13,ARPC3
0,0.49984265039737813,0.456,0.16,0,13,CTNNB1
0,0.4977749149456677,0.408,0.095,0,13,TNIP1
0,0.4935112936369542,0.38,0.072,0,13,GCH1
0,0.4932634837820061,0.448,0.114,0,13,ATP6V0D1
0,0.49246241713686056,0.833,0.624,0,13,LGALS1
0,0.4911722495436671,0.451,0.134,0,13,PPP1R15B
0,0.49008341817638745,0.322,0.082,0,13,PELI1
0,0.48336752707052366,0.413,0.108,0,13,PTPRE
0,0.47672323952049,0.375,0.061,0,13,FAM49A
0,0.4766025774386497,0.33,0.023,0,13,RBM47
0,0.47555100801128913,0.602,0.27,0,13,FOSL2
0,0.47507770185687465,0.39,0.088,0,13,NCOA4
0,0.4735223900445909,0.344,0.036,0,13,MIR22HG
0,0.47298750474303175,0.447,0.133,0,13,TALDO1
0,0.4709288668368835,0.66,0.378,0,13,YBX1
0,0.4668467818868579,0.357,0.069,0,13,ACSL3
0,0.46477875854742096,0.282,0.009,0,13,KMO
0,0.4640942276627739,0.493,0.212,0,13,DNTTIP2
0,0.4570193929001868,0.351,0.074,0,13,ARL5B
0,0.45576778100065285,0.329,0.021,0,13,IRAK2
0,0.4507862703579057,0.351,0.048,0,13,LACTB
0,0.450355226691097,0.393,0.092,0,13,MAP2K1
0,0.44760455757066375,0.48,0.209,0,13,TMEM123
0,0.4472127115461569,0.533,0.222,0,13,CMTM6
0,0.4457207595817304,0.425,0.101,0,13,C1orf162
0,0.4456120012536075,0.294,0.022,0,13,CLEC12A
0,0.4439079253552401,0.477,0.169,0,13,RAB7A
0,0.4420382680614071,0.717,0.452,0,13,HNRNPC
0,0.44148786491167874,0.349,0.054,0,13,MAPK6
0,0.43975640361398566,0.396,0.077,0,13,RNF130
0,0.4381597076088438,0.531,0.262,0,13,PRDX1
0,0.43762374064010845,0.301,0.045,0,13,CREG1
0,0.4368531933909475,0.363,0.083,0,13,UBE2D1
0,0.43652818619387224,0.658,0.308,0,13,COTL1
0,0.43548119256979495,0.362,0.077,0,13,SH3BP5
0,0.4350405403913366,0.323,0.049,0,13,FNDC3B
0,0.43480053997739754,0.422,0.13,0,13,MAFF
0,0.43216692966355985,0.389,0.117,0,13,JARID2
0,0.43154855139803305,0.356,0.084,0,13,YBX3
0,0.43119997882107464,0.354,0.064,0,13,RUNX1
0,0.4304890192890297,0.575,0.279,0,13,ARPC5
0,0.43043904536084354,0.363,0.075,0,13,SIPA1L1
0,0.4288232534618852,0.26,0.026,0,13,HBEGF
0,0.4288125122592482,0.278,0.01,0,13,SEMA6B
0,0.4285867797497739,0.349,0.056,0,13,CXCL16
0,0.42649271310473524,0.258,0.022,0,13,LGALS2
0,0.4261440978441685,0.552,0.252,0,13,GNG5
0,0.4252611693943936,0.366,0.084,0,13,SEC22B
0,0.42365586340063144,0.255,0.027,0,13,MAP3K20
0,0.423571904329141,0.479,0.189,0,13,RTN4
0,0.4235418693338814,0.336,0.049,0,13,MAFG
0,0.4211233351848847,0.448,0.177,0,13,PRNP
0,0.4200909215022611,0.284,0.015,0,13,CD36
0,0.42000459666120077,0.395,0.1,0,13,TPP1
0,0.41973773162413397,0.336,0.056,0,13,C9orf72
0,0.4180192030619355,0.37,0.09,0,13,BACH1
0,0.4164936791049293,0.314,0.07,0,13,TRAF1
0,0.41086664072229767,0.437,0.17,0,13,RAC1
0,0.41056086381388357,0.411,0.145,0,13,VASP
0,0.4065280995274416,0.505,0.218,0,13,SLC7A5
0,0.4062076734186024,0.271,0.013,0,13,SLC2A6
0,0.4039079894120122,0.276,0.059,0,13,KLF4
0,0.4038073033093393,0.331,0.046,0,13,RNASE6
0,0.40198338259772015,0.337,0.053,0,13,MFSD1
0,0.4019231981122021,0.4,0.167,0,13,PFKFB3
0,0.40088629639286466,0.321,0.053,0,13,LY96
0,0.3981982127460129,0.336,0.076,0,13,RIT1
0,0.39566338768363174,0.415,0.152,0,13,RASGEF1B
0,0.3901353070967438,0.395,0.118,0,13,RAB1A
0,0.38933964673286564,0.257,0.04,0,13,IFI30
0,0.3890303722714944,0.274,0.022,0,13,SESTD1
0,0.3867576163117794,0.323,0.06,0,13,ARHGEF2
0,0.382730925794486,0.305,0.049,0,13,IRAK1
0,0.3824086288358905,0.282,0.03,0,13,MPP1
0,0.38140980550300907,0.317,0.059,0,13,LYN
0,0.38046545304058704,0.253,0.027,0,13,WARS
0,0.37940501536383,0.476,0.228,0,13,BAZ1A
0,0.3792140367747238,0.27,0.02,0,13,DRAM1
0,0.37764668499171583,0.33,0.099,0,13,SMS
0,0.37746762951307683,0.434,0.168,0,13,GRB2
0,0.37673740907892583,0.376,0.135,0,13,GPCPD1
0,0.3753167974630075,0.283,0.026,0,13,MPEG1
0,0.3722426551882039,0.338,0.1,0,13,GPR132
0,0.37140935443784695,0.258,0.016,0,13,TFEC
0,0.3697833681277981,0.298,0.099,0,13,SGK1
0,0.36948860807133943,0.308,0.067,0,13,PURB
0,0.3688578446825785,0.267,0.019,0,13,HCK
0,0.3666579967722436,0.26,0.017,0,13,LILRB2
0,0.3665794696334943,0.282,0.032,0,13,SPI1
0,0.3653076312680512,0.456,0.151,0,13,HLA-DQB1
0,0.3648795590489313,0.276,0.044,0,13,C3AR1
0,0.3626785845568604,0.411,0.152,0,13,ETF1
0,0.3623251478453777,0.274,0.027,0,13,EMILIN2
0,0.3622917459674762,0.443,0.198,0,13,RNASET2
0,0.35950785442950195,0.33,0.101,0,13,ZBTB43
0,0.3580530595847589,0.479,0.224,0,13,XBP1
0,0.35747012049410154,0.347,0.125,0,13,PABPC4
0,0.3568345868676053,0.27,0.031,0,13,GRINA
0,0.3544215294869012,0.349,0.109,0,13,ZC3H12A
0,0.35324843915267656,0.284,0.053,0,13,EAF1
0,0.35122303136812155,0.355,0.129,0,13,LPXN
0,0.3509676770787275,0.295,0.061,0,13,CCDC88A
0,0.34985338092761004,0.256,0.018,0,13,SLC7A7
0,0.3442946221946321,0.419,0.169,0,13,TGIF1
0,0.3441733228118247,0.282,0.038,0,13,LY86
0,0.3401798231563781,0.268,0.033,0,13,CD302
0,0.3390619141667919,0.276,0.047,0,13,NOTCH2
0,0.3365422687210792,0.268,0.044,0,13,SH3BP2
0,0.3317243363292146,0.319,0.082,0,13,PPT1
0,0.3309068465823713,0.322,0.085,0,13,MYO9B
0,0.3303455081296232,0.27,0.04,0,13,ATP6V1C1
0,0.32719079223905495,0.412,0.168,0,13,H2AFY
0,0.32425492299400127,0.35,0.123,0,13,NFAT5
0,0.32355523942410613,0.286,0.074,0,13,FOXO3
0,0.3218773258319416,0.284,0.064,0,13,B4GALT5
0,0.31979617908452135,0.394,0.163,0,13,ATP6AP2
0,0.31934019824231186,0.259,0.051,0,13,TNFRSF1A
0,0.3175652594099502,0.338,0.125,0,13,RYBP
0,0.3171031063911723,0.293,0.067,0,13,GNA15
0,0.31601259478359045,0.38,0.142,0,13,NFKB2
0,0.31351296853154764,0.262,0.043,0,13,ITGAM
0,0.313446753851596,0.327,0.117,0,13,MYO1G
0,0.3129398452474014,0.259,0.039,0,13,ALDH2
0,0.3101294219655574,0.266,0.057,0,13,ADA2
0,0.31010797244099897,0.27,0.06,0,13,USP12
0,0.30910840791821387,0.251,0.038,0,13,SEC24A
0,0.30697502475844385,0.25,0.044,0,13,PIK3AP1
0,0.3050973582161869,0.272,0.064,0,13,RIPK2
0,0.30192674488912186,0.383,0.161,0,13,RAB21
0,0.2971878506180221,0.304,0.084,0,13,CTSH
0,0.29571280138330064,0.254,0.05,0,13,SH2B3
0,0.2934894583238289,0.281,0.083,0,13,PDE4A
0,0.2899390843195862,0.254,0.056,0,13,LDLR
0,0.2885946840877942,0.27,0.09,0,13,STX4
0,0.2876887082942991,0.264,0.057,0,13,PSEN1
0,0.2803735326866954,0.274,0.073,0,13,CPEB4
0,0.2783703020277229,0.255,0.079,0,13,ATP6V1H
0,0.27748317869180245,0.271,0.073,0,13,HLA-DMB
0,0.2729547857088207,0.259,0.064,0,13,TNFSF13B
0,0.26490552963341085,0.251,0.07,0,13,ARHGAP26
0,0.2636537351075165,0.278,0.095,0,13,KCTD20
1.1362014938386119e-305,0.5558668124530604,0.877,0.687,3.448826014397723e-301,13,SH3BGRL3
9.159361202710421e-305,0.293701978805559,0.34,0.137,2.7802324994707212e-300,13,PLEKHB2
1.0262516829862485e-300,0.3467310185908441,0.323,0.12,3.115084358536459e-296,13,HLA-DQA1
4.895685848275291e-300,0.2798185947353477,0.346,0.139,1.4860364823854818e-295,13,JAML
1.2104867424358612e-295,0.3558464174513747,0.495,0.242,3.674311457989813e-291,13,TOP1
7.630845496183787e-292,0.3563616744484527,0.613,0.344,2.3162668419116265e-287,13,GSTP1
1.0435490688849989e-291,0.27365497443005,0.354,0.146,3.1675888436935257e-287,13,ARRB2
1.3212365241589305e-289,0.3547509171538221,0.527,0.273,4.010481345432018e-285,13,VAPA
3.672642858816634e-288,0.3342613238580608,0.409,0.186,1.114794013365201e-283,13,ATP1A1
4.393100698840254e-288,0.43167674781555987,0.675,0.422,1.3334817861259708e-283,13,SERP1
2.5145915478389986e-286,0.3089713384952182,0.416,0.189,7.632791184310497e-282,13,EFHD2
2.0644311894192964e-279,0.2921989076489579,0.334,0.136,6.266374432363332e-275,13,MAT2A
1.0979065533520583e-273,0.4089288547512784,0.608,0.358,3.332585552044837e-269,13,GPX4
2.3777278961058527e-272,0.364598582503162,0.518,0.27,7.217355255839706e-268,13,FAM107B
3.745912189371484e-267,0.2936374020671688,0.343,0.147,1.1370341859618203e-262,13,PTPN1
1.163134786803532e-261,0.3232139202829743,0.33,0.142,3.530579331863441e-257,13,CDC42EP3
5.905501286683016e-261,0.2872851451862757,0.389,0.176,1.7925558605597627e-256,13,B4GALT1
1.674822728936939e-256,0.2564352088539157,0.274,0.106,5.083756911415185e-252,13,RALGDS
2.8667864823346876e-253,0.2919445185029699,0.366,0.165,8.70184368847871e-249,13,CARD16
4.3602272191720033e-252,0.591359933398352,0.5,0.282,1.3235033701074698e-247,13,TXN
2.049580791357558e-247,0.3080227223180337,0.434,0.213,6.221297534086732e-243,13,TIPARP
2.564066034700951e-243,0.3963596305240462,0.568,0.333,7.782966041731266e-239,13,MAP1LC3B
3.3794333645546414e-241,0.37313279168893787,0.564,0.326,1.025793203476916e-236,13,BZW1
1.9519059460829603e-240,0.3863959293036425,0.54,0.302,5.924815308740217e-236,13,SQSTM1
1.0603278689931973e-239,0.3230901943491751,0.999,0.99,3.218519213541951e-235,13,EIF1
3.2018012880647825e-232,0.37904131117291395,0.506,0.28,9.71874762979184e-228,13,IVNS1ABP
7.629213110409444e-228,0.2710765599731787,0.366,0.169,2.3157713475336825e-223,13,NR4A3
7.37022315743556e-225,0.32286252626156076,0.988,0.945,2.23715753720799e-220,13,ACTB
2.1447533842372766e-220,0.3287120963260681,0.611,0.367,6.510184422513829e-216,13,SFPQ
1.5728964151120566e-217,0.4193125168172014,0.741,0.516,4.774369778431137e-213,13,DUSP1
3.5792126675076716e-217,0.33145646972479736,0.634,0.393,1.0864342130952787e-212,13,RHOA
5.735152048216042e-213,0.33803577897656545,0.566,0.34,1.7408480527154974e-208,13,ENO1
1.3571233867677944e-212,0.2759816854457907,0.363,0.176,4.119412328194963e-208,13,ZNF706
6.761130324546855e-212,0.3608978175348896,0.995,0.98,2.0522734987129522e-207,13,TMSB10
6.935954885670706e-207,0.3204964964940654,0.315,0.146,2.105339745996486e-202,13,GLRX
1.3076112430916673e-206,0.2514413823556509,0.363,0.174,3.969123167280447e-202,13,PLK3
1.3655294902554204e-202,0.2800181105130549,0.457,0.247,4.144928214721303e-198,13,CSNK1A1
2.0639328427706013e-202,0.26884498285719044,0.353,0.171,6.264861750945883e-198,13,RNF149
4.695910043701379e-199,0.28078128681084,0.51,0.289,1.4253965346651167e-194,13,ARPC1B
8.10679035402265e-199,0.2531844978506689,0.367,0.181,2.4607351440600352e-194,13,CANX
1.9324863709279535e-190,0.29368059945343417,0.719,0.465,5.86586913031471e-186,13,REL
6.25111799477483e-185,0.673581006130173,0.416,0.222,1.8974643561339517e-180,13,CCL4L2
5.88980060118425e-184,0.30525167884896276,0.549,0.33,1.7877900744834674e-179,13,SKIL
2.4577286494970315e-183,0.2594647997901347,0.441,0.243,7.460189542683289e-179,13,SH3BGRL
1.3770785466770034e-182,0.2773626718408041,0.515,0.303,4.179984220583376e-178,13,ACTR2
4.7217430074400554e-182,0.7245101155562594,0.58,0.388,1.4332378724783543e-177,13,GPR183
8.430443329502766e-173,0.2520270789455511,0.414,0.228,2.5589767682372695e-168,13,HCLS1
3.2932307707032266e-170,0.31828257276012595,0.53,0.318,9.996272681392574e-166,13,GADD45B
4.488388935046289e-170,0.260068037771728,0.381,0.202,1.3624055773439504e-165,13,GLS
1.130797224996488e-166,0.2511274689626586,0.35,0.181,3.4324218967543397e-162,13,MAP3K2
1.6132025211907043e-164,0.39270564643067163,0.322,0.166,4.8967149328222636e-160,13,PMAIP1
6.380642191435222e-159,0.3169165673252645,0.933,0.84,1.9367801307882474e-154,13,PFDN5
3.476109770423193e-156,0.29216699937122975,0.481,0.293,1.0551383597142559e-151,13,POMP
2.0460356635574867e-149,0.31148967335351463,0.931,0.839,6.210536653162395e-145,13,SERF2
1.632940266297453e-145,0.2652555489786804,0.568,0.372,4.956626884319288e-141,13,EIF4G2
3.493777330224519e-137,0.26242084130423504,0.628,0.436,1.0605011708163506e-132,13,TMBIM6
9.470189415514443e-134,0.2962956898293019,0.995,0.985,2.874581295185254e-129,13,MT-CO3
3.179214021967043e-127,0.28405974930382394,0.845,0.715,9.650186242278762e-123,13,ITM2B
7.776410759713688e-117,0.27392761320994347,0.366,0.219,2.3604517220034926e-112,13,ZFAND5
6.045077201120249e-110,0.25215548391773734,0.427,0.273,1.8349227336280403e-105,13,ATP5MPL
1.1072909013886681e-97,0.2679977564438034,0.992,0.984,3.361070802075163e-93,13,MT-ND4
1.1281934636200145e-95,0.2518636456355956,0.37,0.232,3.424518439472192e-91,13,IFITM3
1.0326465429976888e-63,0.325951374060085,0.618,0.476,3.1344953166151845e-59,13,CCL4
1.048042815252653e-45,0.8041343477556842,0.524,0.474,3.181229161417903e-41,13,MT2A
0,1.2428733163522034,0.939,0.563,0,14,RPL17
0,0.7057091287587998,0.919,0.735,0,14,RPL36A
0,0.6600446015892617,0.353,0.073,0,14,SEPTIN7
0,0.6019261931938498,0.487,0.179,0,14,COL3A1
0,0.5727314455926444,0.597,0.224,0,14,COL1A1
0,0.5452935851601892,0.505,0.195,0,14,COL1A2
0,0.5445841255589262,0.31,0.075,0,14,SNHG6
0,0.5358211321280634,0.273,0.057,0,14,KLRK1
0,0.5215608517106095,0.346,0.137,0,14,EEF1G
0,0.5025922420907429,0.281,0.075,0,14,SNHG29
0,0.491309209091199,0.794,0.381,0,14,DCN
0,0.4771625560208741,0.265,0.066,0,14,SNHG5
0,0.4415420492695643,0.27,0.077,0,14,GAS5
0,0.41728261634850927,0.251,0.07,0,14,LINC-PINT
0,0.3934645791398663,0.633,0.296,0,14,EGR1
0,0.36162431231872616,0.426,0.162,0,14,LUM
2.6701126659343097e-272,0.3831794777851748,0.315,0.124,8.104859986177004e-268,14,SPARCL1
8.971488201380712e-238,0.30323072127888007,0.301,0.122,2.723205528647101e-233,14,CALD1
6.218286815363197e-230,0.4658477557902083,0.89,0.696,1.8874987799353446e-225,14,RPS26
7.639833158867646e-225,0.6215574860641757,0.43,0.256,2.3189949570426852e-220,14,MIF
4.597895205115378e-208,0.2944334603721033,0.932,0.705,1.3956451105607219e-203,14,FOS
7.579222487903756e-207,0.567933761616692,0.836,0.725,2.300597193978306e-202,14,HMGB1
4.996885355593241e-199,0.46596249970616965,0.326,0.153,1.5167545808367723e-194,14,XCL1
1.2345501080398653e-187,0.42583594001591596,0.958,0.781,3.747353397944207e-183,14,ZFP36
4.2970588108273206e-187,0.4119767354833792,0.823,0.591,1.304329231438525e-182,14,CCL5
2.497223263276625e-183,0.3351979659755233,0.861,0.586,7.580071493349868e-179,14,FOSB
3.633165186922267e-170,0.5269304122994312,0.308,0.161,1.1028109608383849e-165,14,LINC01871
2.9814891493761945e-168,0.6484056424829112,0.772,0.647,9.050012164016501e-164,14,TXNIP
1.8758679229339256e-167,0.5095250477554452,0.9,0.847,5.694009493273638e-163,14,ATP5F1E
1.2452164410880965e-137,0.3734302192205843,0.988,0.95,3.779729985278808e-133,14,RPS21
1.0599661652782242e-136,0.26722158672282464,0.406,0.232,3.217421298085522e-132,14,IFITM3
4.627758631259881e-126,0.2979308414509694,1,0.98,1.4047098549326242e-121,14,MT-ND3
1.0846799889928039e-106,0.26837459100428385,0.992,0.932,3.292437638588757e-102,14,MT-ND5
8.223688642380284e-100,0.38405932743324556,0.373,0.237,2.4962184505081113e-95,14,KLRD1
5.667833573119976e-98,0.49733811650048065,0.594,0.525,1.7204142027848375e-93,14,MT-ND4L
3.9985654056636213e-97,0.27492834960177515,1,0.987,1.2137245432351356e-92,14,MT-ATP6
6.981398165231275e-93,0.2577379586586377,0.605,0.471,2.1191335990743012e-88,14,MT2A
9.141483065819439e-75,0.4674761963208238,0.492,0.41,2.7748057697988325e-70,14,CRIP1
1.0871494024389342e-62,0.2964376113266147,0.92,0.865,3.299933296163141e-58,14,RPL23
1.2976091945752794e-59,0.2842542804547068,0.436,0.348,3.938762949213803e-55,14,RPS17
8.685067528289571e-54,0.26014506729832165,0.971,0.951,2.6362653975370163e-49,14,RPL38
2.572170801732621e-53,0.3407476579943254,0.492,0.437,7.807567251579197e-49,14,ETS1
1.2210033436063578e-49,0.2596603901714669,0.738,0.737,3.7062335491827385e-45,14,PTPRC
6.887850496655608e-48,0.291267975062105,0.672,0.636,2.0907381397548433e-43,14,SRP14
1.1743359815690384e-46,0.3712666291175445,0.454,0.41,3.564579438454659e-42,14,IFITM2
2.8739906413436786e-37,0.3141599341401774,0.309,0.25,8.723711192734601e-33,14,EIF4A1
1.1115719493518961e-34,0.3242820651423639,0.4,0.348,3.3740654950627457e-30,14,CEMIP2
3.854501008785914e-26,0.26484466080784186,0.375,0.333,1.1699952362068764e-21,14,RNF19A
2.453147273285178e-21,0.3092312098677146,0.344,0.321,7.44628323332983e-17,14,HSP90B1
6.1567100273131235e-18,0.25706926284826714,0.506,0.536,1.8688077616906255e-13,14,YWHAZ
0,1.1509402413648802,0.928,0.563,0,15,RPL17
0,0.9611040979145022,0.659,0.404,0,15,CRIP1
0,0.8136209163449821,0.42,0.064,0,15,LINC-PINT
0,0.7735667853409892,0.486,0.133,0,15,EEF1G
0,0.5784789881263193,0.347,0.073,0,15,SNHG29
0,0.5314624340427978,0.333,0.075,0,15,GAS5
0,0.5037758867916604,0.324,0.075,0,15,SNHG6
0,0.4973503570512101,0.323,0.074,0,15,SEPTIN7
0,0.4892831402907611,0.277,0.038,0,15,PLAAT4
0,0.4217524037479776,0.314,0.107,0,15,RNASEK
0,0.41804447742282347,0.253,0.037,0,15,PCED1B-AS1
0,0.3912586307858277,0.266,0.066,0,15,SNHG5
1.0426410038217857e-303,0.6195533362665366,0.885,0.736,3.1648325030006485e-299,15,RPL36A
2.1811287878063457e-237,0.535642219779129,0.452,0.255,6.620598322507382e-233,15,MIF
3.473829891652408e-212,0.5153079525756561,0.431,0.246,1.054446325312172e-207,15,EIF4A1
1.3936891203334775e-200,0.5866040216741131,0.842,0.722,4.230403955860238e-196,15,TSC22D3
6.704430478683773e-184,0.5960358207672392,0.775,0.612,2.0350628274996725e-179,15,TNFAIP3
3.26773625579446e-152,0.5138194088653103,0.656,0.485,9.918886630838503e-148,15,RGS1
2.8327528127436107e-145,0.495404350804467,0.908,0.783,8.598537887801956e-141,15,ZFP36
2.045379744606513e-143,0.47697880989260977,0.482,0.329,6.2085456767786096e-139,15,RNF19A
6.752386846387411e-139,0.4850340266399398,0.981,0.951,2.049619503352435e-134,15,RPS21
2.7696629075265027e-116,0.42540940202553085,0.263,0.144,8.407034789505946e-112,15,MAF
1.87992318753476e-115,0.5450361688166145,0.782,0.7,5.70631884344301e-111,15,RPS26
1.591779757493702e-113,0.6841889878119045,0.992,0.932,4.831688275896383e-109,15,HSP90AA1
4.836618640981584e-104,0.3441837910965304,0.647,0.499,1.46810722228355e-99,15,IL32
2.6424781259062e-101,0.40694496775444033,0.941,0.849,8.020978103375679e-97,15,HSP90AB1
4.731281397340614e-99,0.3254086333203672,0.659,0.478,1.43613315534877e-94,15,IL7R
3.968315758052154e-86,0.32033135018114134,1,0.987,1.204542565199151e-81,15,MT-ATP6
9.225900959643085e-85,0.6483294699524518,0.617,0.542,2.800429977290062e-80,15,HSPE1
9.590751957765893e-70,0.33506543534794675,0.394,0.278,2.911176849260259e-65,15,HSPB1
1.7535540500351331e-68,0.2649767147857518,0.787,0.651,5.322737963476643e-64,15,DNAJB1
4.110376833145193e-68,0.47245695483641326,0.733,0.648,1.2476637839328918e-63,15,TXNIP
9.688173420213562e-67,0.4121025740631018,0.396,0.306,2.940748159971625e-62,15,HMGB2
5.644401536866518e-65,0.37075453375783596,0.862,0.848,1.713301642500463e-60,15,ATP5F1E
1.5009542350615668e-58,0.5385634244657964,0.506,0.447,4.55599648510588e-54,15,HSPD1
2.1261003475531064e-58,0.3070919881859917,0.498,0.402,6.453564994962699e-54,15,FAM177A1
3.859132449162812e-58,0.2957797748196087,0.761,0.736,1.1714010636188797e-53,15,PTPRC
5.010469285010135e-56,0.6303587461001268,0.524,0.462,1.5208778467719763e-51,15,HSPH1
5.851058541975569e-54,0.29552757350376724,0.532,0.459,1.776030309831264e-49,15,DDX24
1.753684433938146e-46,0.3298196543008687,0.532,0.472,5.323133730775848e-42,15,EZR
7.853405352051286e-45,0.2790168704604241,0.527,0.461,2.3838226605616472e-40,15,LEPROTL1
2.1413453997856115e-43,0.31361058914892936,0.487,0.439,6.499839826509245e-39,15,NDUFS5
1.3922765745661811e-39,0.44496193605855416,0.744,0.743,4.226116314438186e-35,15,HSPA8
7.782454635564519e-35,0.40479033672599174,0.65,0.613,2.3622862800792542e-30,15,ANXA1
9.557852911404877e-28,0.35490185881418757,0.355,0.307,2.901190672727836e-23,15,CACYBP
1.160846120434256e-27,0.36896100224640016,0.415,0.392,3.523632313966141e-23,15,SOD1
3.151028814150181e-27,0.36268112201384883,0.54,0.527,9.56463286247146e-23,15,MT-ND4L
0,1.041827378818345,0.915,0.696,0,16,RPS26
0,0.8541531045882583,0.62,0.307,0,16,LTB
0,0.8222621038493769,1,0.988,0,16,RPS29
0,0.7387986419334558,0.821,0.475,0,16,IL7R
0,0.7382122034185077,1,0.997,0,16,RPS27
0,0.7354643974728665,0.717,0.344,0,16,TRAC
0,0.6517425850128884,1,0.995,0,16,RPS28
0,0.6395779377692472,0.998,0.984,0,16,RPL36
0,0.6378064831757575,1,0.998,0,16,EEF1A1
0,0.6344750173255127,1,0.995,0,16,RPL34
0,0.6159349666366385,1,0.99,0,16,RPL37
0,0.602553644133236,0.999,0.991,0,16,RPS3
0,0.5760538181962969,0.999,0.993,0,16,RPL30
0,0.5709566084629341,0.998,0.987,0,16,RPL35A
0,0.5701112736767291,0.999,0.993,0,16,RPL19
0,0.5610776153487116,1,0.997,0,16,RPS18
0,0.560179749787586,0.999,0.987,0,16,RPL37A
0,0.5574145147114291,1,0.996,0,16,RPL32
0,0.5565651259933841,0.992,0.95,0,16,RPS21
0,0.5507555153255272,0.998,0.993,0,16,RPL3
0,0.5472825210178365,0.999,0.994,0,16,RPS3A
0,0.5464119659097874,0.616,0.282,0,16,LDHB
0,0.5454674207656494,0.999,0.995,0,16,RPL11
0,0.5362512797138166,1,0.997,0,16,RPS14
0,0.5264823642944085,0.997,0.98,0,16,RPS25
0,0.526114687460506,0.993,0.951,0,16,RPL38
0,0.5173144766044504,0.999,0.989,0,16,RPL9
0,0.5142346504536346,1,0.997,0,16,RPS12
0,0.5107810270755162,1,0.995,0,16,RPL39
0,0.5040790909808162,0.999,0.991,0,16,RPLP2
0,0.5007075090789055,1,0.999,0,16,RPL41
0,0.4954053856265457,1,0.999,0,16,TPT1
0,0.49021899476099495,0.999,0.993,0,16,RPS23
0,0.4888044667967586,1,0.999,0,16,RPL10
0,0.4840614036086941,1,0.995,0,16,RPS27A
0,0.4811336258688357,0.992,0.963,0,16,RPL5
0,0.4691630811424483,1,0.992,0,16,RPS8
0,0.4649921321338355,1,0.996,0,16,RPS4X
0,0.4641544328065015,0.998,0.989,0,16,RPL23A
0,0.4584376085645725,0.999,0.99,0,16,RPL18
0,0.4558195018899607,0.998,0.995,0,16,RPS15A
0,0.428142915691315,0.996,0.985,0,16,RPL29
0,0.4110039253896982,0.999,0.994,0,16,RPS15
5.604107011438854e-307,0.5036118836320322,0.998,0.99,1.7010706422521498e-302,16,RPS6
4.434890700466545e-298,0.4182976769626392,0.997,0.984,1.3461667232196151e-293,16,RPL7A
3.7834920816050025e-296,0.42151291728222606,0.999,0.994,1.1484411864503825e-291,16,RPL18A
1.949773073333617e-291,0.45616798064552455,0.983,0.933,5.918341186796861e-287,16,RPL22
6.297762533389573e-289,0.4851819304759555,0.696,0.403,1.9116228393850712e-284,16,NOP53
1.0673642745282348e-288,0.3634194433037954,1,0.997,3.239877518903004e-284,16,RPL28
9.766363348325032e-285,0.4787184902158601,0.998,0.992,2.96448193075058e-280,16,RPL21
5.741887509701852e-273,0.39464488237399165,0.997,0.98,1.7428925346949e-268,16,RPL14
1.0591801588735093e-266,0.42252261612578756,0.98,0.941,3.21503545424465e-262,16,RACK1
2.8389549210945153e-264,0.4810416222925856,0.744,0.47,8.617363767490292e-260,16,CD48
9.91904976475793e-263,0.33651792720436324,0.343,0.132,3.010828365594622e-258,16,TRAF3IP3
1.380236366356613e-262,0.4007488522995498,0.509,0.246,4.189569466438863e-258,16,AES
2.0401773703714417e-262,0.38574758661674613,0.997,0.987,6.192754390025474e-258,16,RPS16
7.044325072748775e-262,0.3965907785020617,0.996,0.979,2.138234432582163e-257,16,RPL35
3.274692544284446e-261,0.6211558073332355,0.792,0.496,9.940001748921006e-257,16,IL32
4.702889149020988e-257,0.280301173240022,0.259,0.083,1.4275149722938306e-252,16,CD40LG
2.213527808641719e-256,0.25695009343820696,0.261,0.085,6.718942310351074e-252,16,INPP4B
2.133090527857403e-253,0.3955152547833203,1,0.996,6.474782988258361e-249,16,RPS19
1.5999282042237682e-248,0.4088709284088292,0.996,0.983,4.856422071100826e-244,16,RPS13
4.180858462539506e-244,0.39601860995861315,0.993,0.969,1.2690577777192418e-239,16,RPL10A
1.2125114395943457e-240,0.438752435298122,0.971,0.928,3.6804572237446767e-236,16,RPSA
2.0054922326138816e-234,0.36243413134512137,0.997,0.988,6.087471122876176e-230,16,RPL12
2.3502598785809243e-231,0.3358663288614765,0.999,0.993,7.133978835444538e-227,16,RPL26
4.326866010794005e-226,0.41703998149336585,0.907,0.739,1.3133769089164123e-221,16,TOMM7
1.6315804669559837e-222,0.3533621080345912,0.994,0.984,4.952499349398193e-218,16,RPL8
1.3673188994915277e-198,0.3547517537206333,0.98,0.951,4.1503597875165834e-194,16,RPL27
9.536645130878303e-192,0.35152008818432057,0.991,0.972,2.8947532630268e-187,16,RPL6
2.9941300385701835e-190,0.31352110505559455,0.467,0.238,9.088382319075934e-186,16,AAK1
1.421920873678325e-189,0.36299345827614893,0.953,0.981,4.316098619963188e-185,16,RPS2
1.4486427666838105e-189,0.3260074079106152,0.99,0.991,4.3972102539920385e-185,16,RPL13
6.404963990631274e-187,0.35102776744852227,0.657,0.394,1.944162769716217e-182,16,CD3E
8.44910910021657e-186,0.5368275210807665,0.851,0.66,2.5646425762797377e-181,16,S100A4
2.2948435272855252e-182,0.3122853804202328,0.994,0.978,6.965768042722483e-178,16,RPL24
6.45230416005043e-179,0.34072960479900116,0.983,0.948,1.9585324047417076e-174,16,NACA
7.483603315354805e-178,0.34315295593477213,0.967,0.916,2.2715729503427977e-173,16,RPS10
8.124892056414029e-176,0.3012609249197327,0.46,0.241,2.466229734803914e-171,16,SEPT6
1.120384443262957e-171,0.28322664055152746,0.312,0.138,3.40081493908038e-167,16,NOSIP
1.0488415432389058e-168,0.32888890336587817,0.982,0.958,3.1836536203473748e-164,16,RPS5
2.934843884264939e-168,0.2857624865002698,0.427,0.22,8.908425126297795e-164,16,SMDT1
3.898064622881819e-166,0.31595091099388595,0.704,0.423,1.1832185356295474e-161,16,CD3D
1.6828697794575987e-165,0.36872332988082124,0.932,0.852,5.108182928565595e-161,16,EEF1B2
1.0510741476839626e-162,0.4141697601132146,0.818,0.581,3.1904304678799e-158,16,CD52
7.945245559768738e-162,0.2920399324852724,0.509,0.277,2.4116998372122028e-157,16,CD3G
1.8904714996978282e-160,0.4496594281672164,0.85,0.646,5.738337190182788e-156,16,TXNIP
2.795863618477167e-160,0.31198769779854996,0.479,0.267,8.486564427525592e-156,16,IKZF1
9.055756100413904e-157,0.35514441727978596,0.972,0.931,2.748784206719636e-152,16,RPL7
1.6752385914665955e-154,0.25011591714158155,0.372,0.185,5.085019220537704e-150,16,ARHGAP15
2.6660569613556057e-152,0.3005186747828513,0.549,0.325,8.092549300498805e-148,16,FYB1
1.2347005976671325e-151,0.2808274400395039,0.996,0.985,3.747810194158814e-147,16,RPS7
3.8738174912961606e-148,0.3973923589425732,0.605,0.382,1.1758585613080366e-143,16,TRBC2
1.0436812511864137e-145,0.2873121956739444,0.493,0.279,3.16799006985124e-141,16,C12orf57
2.7588402926099375e-140,0.2616640937763855,0.335,0.165,8.374183824188205e-136,16,TECR
5.041761574202153e-139,0.3374547365879672,0.998,0.988,1.5303763082333215e-134,16,RPL13A
1.514641499103836e-129,0.2859671479788287,0.487,0.283,4.5975428063797835e-125,16,KIAA1551
9.876273051143088e-129,0.26314674682236594,0.533,0.324,2.997843921943973e-124,16,ACAP1
7.497663994686335e-128,0.2773598003369051,0.558,0.35,2.27584092894709e-123,16,MZT2B
6.946719050171135e-127,0.33693383449917547,0.852,0.707,2.1086071004889464e-122,16,RPL4
1.2891873427076308e-120,0.4183812074576463,0.916,0.797,3.913199260054743e-116,16,RPL31
3.151448989294222e-120,0.25159752965396986,0.997,0.99,9.565908262103682e-116,16,RPL15
5.763027734741752e-118,0.276028248464002,0.404,0.227,1.7493094386035116e-113,16,GIMAP7
5.651132192282892e-117,0.28457752478909815,0.636,0.412,1.715344665645549e-112,16,CD2
2.6488685277941975e-116,0.2906226315943321,0.842,0.684,8.040375529266507e-112,16,COX7C
2.0049255330419e-114,0.3317571997561921,0.793,0.605,6.085750962995383e-110,16,MYL12A
2.9678030763701997e-114,0.2586359568561619,0.426,0.25,9.008469458014105e-110,16,GSTK1
2.256302760278899e-113,0.47830785488189964,0.495,0.318,6.84878139855057e-109,16,TRBC1
3.4689139271255734e-112,0.2897638765837913,0.945,0.889,1.0529541334396965e-107,16,RPLP0
2.5187530649150974e-110,0.2794080351095518,0.958,0.905,7.645423053243287e-106,16,RPS20
1.3896589571835404e-104,0.2572172256378096,0.996,0.981,4.2181707986349183e-100,16,RPL27A
3.638647249330711e-104,0.25935109856071015,0.593,0.398,1.1044749860618441e-99,16,FXYD5
9.376944066869377e-101,0.2633137411079576,0.71,0.522,2.8462776020575307e-96,16,COMMD6
1.6014901888603393e-89,0.25089325014614716,0.574,0.393,4.861163319266674e-85,16,GNAS
7.029962128972702e-84,0.2540318532530582,0.626,0.45,2.133874704628374e-79,16,CORO1A
2.5318234085922122e-67,0.2627166977696792,0.504,0.352,7.6850967744408e-63,16,ARL4C
5.357854781884702e-67,0.4528057837839104,0.287,0.174,1.6263232404932826e-62,16,KLF2
2.5333789610291243e-58,0.291352962814332,0.438,0.323,7.689818498307804e-54,16,MGP
8.497891504567343e-43,0.5622860610172586,0.776,0.705,2.579449987296371e-38,16,ZFP36L2
0,1.5954616441656528,0.865,0.481,0,17,RGS1
0,1.5421343647524148,0.839,0.337,0,17,RPS17
0,1.2025061701646806,0.976,0.784,0,17,BTG1
0,1.1120713903852488,0.817,0.589,0,17,PFN1
0,1.0914452764689826,0.965,0.796,0,17,RPL31
0,1.0104488533885458,0.975,0.734,0,17,CXCR4
0,0.9615446189257026,0.948,0.72,0,17,TSC22D3
0,0.9280592896802857,0.922,0.702,0,17,ZFP36L2
0,0.9126088306373887,0.991,0.945,0,17,ACTB
0,0.8763621442907379,0.654,0.228,0,17,AC016831.5
0,0.8634591455598639,1,0.988,0,17,RPL13A
0,0.8363342330959185,1,1,0,17,B2M
0,0.8267013187451542,0.988,0.939,0,17,HLA-A
0,0.8095092890148975,0.688,0.325,0,17,RGCC
0,0.7433731223208722,0.977,0.861,0,17,SRGN
0,0.7376830081332982,0.675,0.357,0,17,PPDPF
0,0.7316086871054877,0.991,0.931,0,17,RPL7
0,0.7222851282424658,1,0.996,0,17,TMSB4X
0,0.7084055633188027,0.854,0.595,0,17,SARAF
0,0.6712008917256415,0.674,0.345,0,17,TRAC
0,0.6568279410473847,1,0.991,0,17,RPLP2
0,0.6417619062374791,0.936,0.736,0,17,RPL36A
0,0.6277598834428358,0.74,0.456,0,17,LEPROTL1
0,0.6177533996853795,0.739,0.423,0,17,CD3D
0,0.5930176027575436,0.435,0.185,0,17,GPR171
0,0.43703543431715586,0.887,0.567,0,17,RPL17
5.811566126889913e-302,0.5491987302959203,0.999,0.992,1.764042782156164e-297,17,RPL21
9.538702899702934e-302,0.5888285559214728,0.885,0.706,2.8953778781758284e-297,17,RPL4
1.625834015939906e-292,0.43627399022425073,0.492,0.227,4.9350565719839906e-288,17,HNRNPA0
3.482964863269176e-291,0.5333124864690624,0.672,0.394,1.0572191545967256e-286,17,CD3E
2.0144979043339576e-276,0.5946891485301973,0.682,0.406,6.114806938815296e-272,17,CRIP1
4.223033933593329e-273,0.660905753878984,0.635,0.363,1.281859720202919e-268,17,CD7
8.440753667187149e-273,0.5268220754920967,0.877,0.71,2.562106368137987e-268,17,HNRNPA1
1.4758423998900235e-272,0.4998260542916354,0.572,0.302,4.4797720206261773e-268,17,STK17A
1.8498919688863847e-272,0.575021112391795,0.968,0.898,5.615162082357732e-268,17,HLA-C
2.6484993538935566e-268,0.5593518248235794,0.782,0.549,8.039254938808502e-264,17,CALM2
3.9823101598468343e-268,0.48816884344143263,1,0.99,1.2087904259199081e-263,17,RPS6
4.181061053044368e-261,0.4119504613601212,0.451,0.206,1.2691192720410874e-256,17,ARID5A
1.8181852017995497e-254,0.6566690944766624,0.792,0.581,5.518919361542353e-250,17,CD52
5.5692264666256845e-254,0.6104138639873896,0.295,0.109,1.6904830016795602e-249,17,BATF
9.568968273159188e-254,0.5822032445709029,0.986,0.967,2.90456462963474e-249,17,HLA-B
4.2558454203550004e-247,0.3101099641039749,0.307,0.114,1.2918193188945568e-242,17,CD6
9.384365849844336e-247,0.36270698819225405,0.444,0.205,2.84853041006175e-242,17,SELENOT
1.3170114176562518e-241,0.4408369102810633,0.357,0.149,3.9976564571537867e-237,17,TRAT1
8.528906668814678e-233,0.5388661368373797,0.649,0.399,2.5888643302520074e-228,17,ISG20
2.1858395599027803e-232,0.4745390759158157,0.641,0.397,6.6348974001289e-228,17,FXYD5
9.469976698965377e-232,0.38455415316705427,0.433,0.201,2.8745167272039507e-227,17,IFITM1
1.009946401561437e-225,0.3014862138173885,0.254,0.089,3.065591307299586e-221,17,GYG1
1.2915136063650903e-224,0.6073461283722176,0.466,0.233,3.920260400760595e-220,17,DUSP4
1.3426229423669518e-224,0.5718887385358431,0.809,0.587,4.075397679260645e-220,17,MCL1
2.501952830065365e-223,0.512946597405473,1,0.995,7.594427620380409e-219,17,RPL34
1.1593427555783912e-219,0.5867568311079111,0.624,0.382,3.519069000282649e-215,17,TRBC2
2.837000845583455e-218,0.46221956349416493,0.49,0.251,8.611432366684018e-214,17,ITM2A
1.1253678999680797e-215,0.3912755605743419,0.996,0.981,3.415941723563109e-211,17,RPL27A
2.1270925215671952e-215,0.5777858957488609,0.934,0.783,6.456576639965064e-211,17,ZFP36
2.923286073706892e-215,0.2999783061357726,0.266,0.098,8.8733425481299e-211,17,MTHFD2
5.569053896019601e-210,0.297254155027919,0.303,0.121,1.6904306195977898e-205,17,SLBP
6.9330250179464785e-208,0.4758761866529937,0.685,0.439,2.1044504139474742e-203,17,SRSF2
8.947191266799201e-206,0.5209468484224691,0.784,0.535,2.7158304371242295e-201,17,CREM
1.0085879227698702e-203,0.4471927996626685,0.491,0.265,3.061467780775664e-199,17,GNG2
3.6307124368932677e-200,0.4375544587378175,0.672,0.411,1.1020664530945825e-195,17,CD2
4.575958872063621e-199,0.4373575028677874,0.356,0.161,1.3889865560261916e-194,17,LINC01871
2.5403045251173433e-198,0.4303778032736195,0.69,0.463,7.710840355541184e-194,17,UBE2D3
2.4478005248614475e-195,0.46843637577599617,0.813,0.628,7.430053713164438e-191,17,EEF2
2.5398845788222108e-194,0.6266924786274553,0.893,0.767,7.709565650556939e-190,17,GAPDH
3.355513847055488e-193,0.31028611886087704,0.398,0.189,1.0185326731352228e-188,17,ATP5F1D
1.3793397417534695e-189,0.2895791685750261,0.379,0.174,4.186847852118481e-185,17,RAC1
2.420717847661387e-188,0.4270384712913027,0.53,0.311,7.347846954791374e-184,17,LSP1
8.630015496600052e-186,0.4326922791889478,0.614,0.376,2.6195549038379796e-181,17,PPP1R2
8.017643853655341e-181,0.409633727255171,0.65,0.399,2.4336756153385422e-176,17,FAM177A1
1.2761009270726147e-179,0.2705771211397027,0.322,0.143,3.8734767540362146e-175,17,CMPK1
4.410076548178153e-179,0.3580609222014289,0.495,0.276,1.3386346354339965e-174,17,ARF6
2.868155461860888e-178,0.38423663588853557,0.379,0.181,8.70599908893254e-174,17,LDLRAD4
5.8575351978363366e-176,0.530632040576059,0.827,0.714,1.7779962339512417e-171,17,CFL1
9.682552667800795e-176,0.44409400769130647,0.601,0.36,2.939042036784253e-171,17,DUSP2
1.8799884426762753e-175,0.2871274974111355,0.28,0.117,5.706516918899566e-171,17,LINC00513
5.447716726526823e-175,0.3281069609577884,0.363,0.173,1.6535999351699518e-170,17,TGIF1
5.84014143436855e-173,0.4204243932750117,0.633,0.406,1.7727165309882297e-168,17,IFITM2
6.227438371450656e-173,0.38637190526584364,0.967,0.904,1.890276643270132e-168,17,RPS20
1.1938510796452209e-170,0.3843699806970091,0.579,0.358,3.6238155671551035e-166,17,CDC42SE2
1.438595842832847e-169,0.2682073816516213,0.284,0.12,4.366713821334824e-165,17,C12orf75
6.765380391738966e-169,0.29988065925416235,0.401,0.202,2.053563564108446e-164,17,LCK
2.0622935775567057e-168,0.3582380677488714,0.428,0.223,6.259885925315625e-164,17,SLC7A5
7.056071979971348e-167,0.44618757959299093,0.64,0.429,2.141800088800503e-162,17,TAGLN2
1.532375432744136e-166,0.4144341481935112,0.684,0.456,4.651372388551551e-162,17,YPEL5
3.818780699986013e-166,0.38800631354536175,0.921,0.821,1.1591526936737545e-161,17,EEF1D
4.2148549322872326e-166,0.3665357472548909,0.288,0.125,1.2793770661464665e-161,17,CITED2
4.5343034673531164e-163,0.25998305294235147,0.305,0.136,1.376342474480365e-158,17,SH2D2A
1.4087152281641037e-162,0.3712622243787962,0.999,0.99,4.2760142035693206e-158,17,PTMA
1.3076266506429258e-161,0.41314086194737787,0.673,0.461,3.969169935361537e-157,17,CYTIP
1.3864688132102436e-161,0.2708586680303459,0.345,0.165,4.2084874356183735e-157,17,PPP2CA
3.013511446725771e-156,0.40118037955540187,0.957,0.889,9.147212645391406e-152,17,RPLP0
5.852440762665353e-155,0.26810359526268945,0.309,0.142,1.7764498690994412e-150,17,PTP4A1
2.064031755206061e-153,0.35088393373778803,1,0.997,6.2651619897524775e-149,17,RPS27
5.461606485211801e-153,0.4482031765623782,0.741,0.589,1.65781603252119e-148,17,ARHGDIB
4.872474586889377e-151,0.39197731206498787,0.595,0.383,1.4789909361044015e-146,17,CYCS
5.068265595511852e-151,0.42648949274302317,0.479,0.279,1.5384213388616675e-146,17,AC058791.1
4.38038324988753e-150,0.30413252475520186,0.415,0.221,1.3296215316708609e-145,17,SERPINB9
4.4033651357021516e-150,0.3365810396117703,0.536,0.326,1.3365974532910311e-145,17,SNRPD2
3.147791411021964e-148,0.2922306230467919,1,0.999,9.55480604901607e-144,17,RPL41
1.2862570566160888e-147,0.3524500778762545,1,0.988,3.904304669652476e-143,17,RPS29
1.0296122185159861e-142,0.3310946653488007,0.51,0.307,3.1252849280834243e-138,17,IL2RG
1.9541387842092094e-142,0.3189110877652352,0.428,0.238,5.931592865588634e-138,17,TERF2IP
1.425404566149847e-141,0.2988465033588378,0.409,0.222,4.326673020091246e-137,17,YWHAQ
1.7413709146041551e-140,0.32590498138166724,0.473,0.273,5.285757274189452e-136,17,SPOCK2
5.287241053944863e-140,0.3550720654292183,0.515,0.315,1.6048891495144235e-135,17,COTL1
4.382573870675543e-138,0.29575025315485753,0.421,0.238,1.3302864727048543e-133,17,GPSM3
1.5526022289081147e-137,0.3345268249458915,0.412,0.232,4.7127688056276914e-133,17,PLP2
9.063767094760438e-134,0.30974826771323,0.479,0.284,2.7512158639435835e-129,17,GYPC
3.305734404455368e-132,0.4130892400731909,0.612,0.419,1.0034226211283822e-127,17,PPP1CB
8.185478509449559e-130,0.28693947596607833,0.433,0.248,2.484620146758319e-125,17,NDUFA13
1.8409352365090923e-128,0.3647034639260811,0.656,0.456,5.5879748168996985e-124,17,LDHA
1.4761900460967195e-126,0.2807865209043867,0.443,0.26,4.4808272659219825e-122,17,TMEM50A
1.272863456862291e-122,0.2575057059546284,0.605,0.389,3.8636497369597977e-118,17,GPR183
1.3041499152495302e-122,0.33384939018210036,0.599,0.405,3.958616652748424e-118,17,NOP53
3.0766241444469476e-119,0.2842088740300349,0.509,0.318,9.338784928054265e-115,17,UQCR11
5.2462554689408085e-118,0.3821537424535898,0.624,0.45,1.592448385042293e-113,17,CORO1A
2.351030596907332e-117,0.2651105022949581,0.383,0.217,7.136318273852515e-113,17,RHOG
4.3740127634099263e-116,0.4089000173384383,0.483,0.304,1.327687834205449e-111,17,HMGB2
6.205101716600634e-116,0.3045478739546982,0.567,0.368,1.8834965750569562e-111,17,FYN
3.9114912137099935e-115,0.2768550482047809,1,0.995,1.1872940430095314e-110,17,RPS15A
3.812164558374519e-114,0.2570770773038318,0.386,0.221,1.1571444300490014e-109,17,RAP1A
5.845105895284954e-113,0.31231604809335844,0.594,0.401,1.774223443454795e-108,17,PPP2R5C
8.848938141769288e-112,0.2787445594737435,0.362,0.201,2.6860066835526498e-107,17,UGP2
7.824994783711381e-111,0.29540620249638094,0.458,0.281,2.3751989166477525e-106,17,TPI1
9.712474355429966e-109,0.27824558658266735,0.398,0.232,2.948124465847212e-104,17,STAT4
1.3848802975763092e-104,0.4326158575103718,0.486,0.311,4.203665655263129e-100,17,LTB
1.109783115049055e-102,0.28531688861521176,0.534,0.355,3.368635667419902e-98,17,CCNH
1.743761503258455e-102,0.3076315554235931,0.506,0.324,5.2930136669907144e-98,17,ATP1B3
2.7226031767971917e-100,0.3161015013611459,0.65,0.472,8.264189682850195e-96,17,PNRC1
7.942659927468988e-99,0.2622889559215982,0.995,0.979,2.410914994383937e-94,17,RPL35
2.7528029690558655e-98,0.2945458665270795,0.631,0.467,8.355858132272174e-94,17,SUMO2
6.22393364317412e-98,0.28191211353257906,0.563,0.384,1.8892128180490723e-93,17,YBX1
7.498183520353036e-98,0.2529898644730115,0.369,0.213,2.2759986257679605e-93,17,ARL6IP1
7.04075932083108e-97,0.44106243483743746,0.773,0.692,2.137152084245066e-92,17,SH3BGRL3
9.73799671806227e-97,0.33482028737185077,0.473,0.307,2.9558715238006215e-92,17,RORA
3.7895222585294634e-95,0.25412016565217777,0.593,0.402,1.1502715863540333e-90,17,CNOT6L
9.156424281388774e-92,0.26479605912381476,0.967,0.916,2.7793410263727484e-87,17,RPS10
3.524767122456302e-91,0.26483965013909794,0.496,0.332,1.0699078123503859e-86,17,HMGN1
7.743596281648651e-90,0.253154805433796,0.53,0.36,2.3504912153316316e-85,17,MORF4L1
9.76685447302956e-89,0.27627258939085747,0.285,0.158,2.9646310067433927e-84,17,C1orf56
1.3216037902734232e-87,0.2798262732192831,0.298,0.164,4.0115961449959484e-83,17,TUBB
2.7653435803977497e-87,0.30018683995924955,0.614,0.459,8.39392390393933e-83,17,EIF3E
7.482509639449627e-84,0.33672352599141914,0.302,0.174,2.2712409759585398e-79,17,TOB1
1.397607829093041e-80,0.2829023516612723,0.432,0.287,4.2422988044290167e-76,17,ALOX5AP
2.137740993877447e-80,0.25456616374565577,0.543,0.39,6.488899012815603e-76,17,COX7A2
1.0724936927006879e-78,0.26350408449247853,0.65,0.503,3.255447354823668e-74,17,SLC25A6
1.7052948027776532e-78,0.2575970066522605,0.6,0.432,5.176251844351289e-74,17,SAMSN1
1.5457176583203692e-76,0.3485836854076063,0.579,0.427,4.691871380065649e-72,17,CST7
1.2438145486961758e-73,0.2778661977807235,0.685,0.548,3.775474681112372e-69,17,SUB1
1.3521074763158269e-68,0.25715105506390223,0.376,0.241,4.104187033609061e-64,17,CLEC2D
5.203702108528402e-68,0.4423497414355847,0.45,0.32,1.579531738022711e-63,17,TRBC1
1.0414219716809382e-61,0.2570964297424071,0.643,0.51,3.16113225284032e-57,17,CDC42
2.094078009571599e-59,0.25444157514661936,0.578,0.445,6.356364390253632e-55,17,STK17B
5.8871174388682156e-58,0.3195634809867747,0.594,0.453,1.7869756273940582e-53,17,ID2
6.283036573986627e-57,0.26726210966047537,0.308,0.197,1.907152921667901e-52,17,CD8A
3.4122915275785494e-38,0.5682644057079365,0.479,0.395,1.0357669702811928e-33,17,KLRB1
3.831073431521893e-29,0.3083591938958339,0.799,0.742,1.1628840294041554e-24,17,JUNB
0,3.991215398653333,1,0.257,0,18,HLA-DRA
0,3.784923161031295,1,0.261,0,18,HLA-DPA1
0,3.745051776480381,1,0.274,0,18,HLA-DPB1
0,3.699067712374111,0.978,0.24,0,18,CST3
0,3.5565660419207994,0.997,0.252,0,18,HLA-DRB1
0,3.225734662690741,1,0.414,0,18,CD74
0,3.1023477444110616,0.983,0.104,0,18,HLA-DQA1
0,3.0657748815547294,0.991,0.14,0,18,HLA-DQB1
0,2.58373641425936,0.949,0.121,0,18,LYZ
0,2.199594971054459,0.453,0.082,0,18,G0S2
0,2.0227393646438854,0.658,0.022,0,18,FCER1A
0,1.9033912707541316,0.539,0.132,0,18,CXCL8
0,1.8310719194018958,0.698,0.027,0,18,CLEC10A
0,1.6946876951512126,0.709,0.048,0,18,CPVL
0,1.6608972668949225,0.903,0.119,0,18,HLA-DMA
0,1.5897048205582684,0.713,0.067,0,18,MS4A6A
0,1.5754522960855903,0.449,0.092,0,18,IL1B
0,1.5579020778906711,0.873,0.109,0,18,AIF1
0,1.5359520795522639,0.851,0.525,0,18,SAT1
0,1.4452484848425096,0.465,0.052,0,18,C15orf48
0,1.3484272215237392,0.561,0.165,0,18,IER3
0,1.3417292080741878,0.648,0.388,0,18,GPR183
0,1.3360497958287056,0.566,0.011,0,18,CD1C
0,1.3146772520038978,0.319,0.034,0,18,HLA-DQA2
0,1.2493704152025882,0.539,0.142,0,18,INSIG1
0,1.224027271486667,0.995,0.957,0,18,FTH1
0,1.2031545209018992,0.717,0.097,0,18,C1orf162
0,1.1793180049508614,0.801,0.256,0,18,TYROBP
0,1.1761075167946948,0.783,0.201,0,18,FCER1G
0,1.1631953409233828,0.667,0.289,0,18,TIMP1
0,1.143545213984078,0.998,0.98,0,18,TMSB10
0,1.1342254920209314,0.562,0.099,0,18,PLAUR
0,1.1212839361461031,0.74,0.105,0,18,LST1
0,1.1085901163165524,0.993,0.945,0,18,ACTB
0,1.1018047210849338,0.606,0.157,0,18,CD83
0,1.0958284924360688,0.505,0.148,0,18,BCL2A1
0,1.076168151393055,0.299,0.058,0,18,EREG
0,1.008512368197264,0.619,0.076,0,18,FGL2
0,1.0004440834045487,0.661,0.099,0,18,CTSZ
0,0.9356254681098708,0.482,0.03,0,18,FCGR2B
0,0.9095761210253699,0.652,0.065,0,18,HLA-DMB
0,0.9053807602638129,0.563,0.053,0,18,CXCL16
0,0.8990292862573595,0.569,0.112,0,18,PLEK
0,0.8943699104901315,0.996,0.947,0,18,FTL
0,0.8873088407255539,0.559,0.043,0,18,RNASE6
0,0.8870228450515709,0.415,0.02,0,18,LGALS2
0,0.8857749655572683,0.507,0.067,0,18,PHACTR1
0,0.8755339578166679,0.865,0.585,0,18,S100A10
0,0.8732676218804223,0.635,0.087,0,18,GRN
0,0.8654582279646272,0.979,0.817,0,18,H3F3A
0,0.8615204389751121,0.659,0.163,0,18,NPC2
0,0.8473003833828977,0.356,0.015,0,18,IL1R2
0,0.8397327441730688,0.766,0.228,0,18,CTSS
0,0.8219963177535746,0.598,0.241,0,18,NAMPT
0,0.8149978629862624,0.554,0.079,0,18,CTSH
0,0.808209934482114,0.397,0.025,0,18,MRC1
0,0.8041629594986353,0.385,0.039,0,18,IFI30
0,0.7942455403970748,0.532,0.18,0,18,SERPINB1
0,0.78442768686634,0.424,0.098,0,18,SGK1
0,0.7635825539259333,0.493,0.021,0,18,CSF2RA
0,0.7592607084216532,0.525,0.093,0,18,TYMP
0,0.7588374221473113,0.445,0.033,0,18,CFP
0,0.7528672074929013,0.722,0.31,0,18,COTL1
0,0.745341745839105,0.775,0.342,0,18,GSTP1
0,0.7391822122519647,0.592,0.099,0,18,FCGRT
0,0.7357411557076745,0.423,0.106,0,18,MXD1
0,0.7345423281892919,0.886,0.526,0,18,ARPC3
0,0.7320882294754995,0.509,0.208,0,18,SNX3
0,0.7250699631679576,0.547,0.136,0,18,JAML
0,0.7178843745738251,0.46,0.053,0,18,FCGR2A
0,0.7136098240592734,0.55,0.194,0,18,PPA1
0,0.6927717997999323,0.723,0.379,0,18,YBX1
0,0.688438710440773,0.313,0.005,0,18,CD1E
0,0.6839646766625921,0.433,0.067,0,18,BASP1
0,0.6785343645724362,0.89,0.608,0,18,CYBA
0,0.6781603532961824,0.445,0.027,0,18,CD86
0,0.6735775029246505,0.584,0.197,0,18,RNASET2
0,0.6664109964259214,0.711,0.299,0,18,ITGB2
0,0.6578483309555614,0.542,0.169,0,18,SAMHD1
0,0.6462368976274147,0.634,0.217,0,18,ANXA5
0,0.6449179665684708,0.381,0.066,0,18,NLRP3
0,0.6410795989487912,0.351,0.022,0,18,VSIG4
0,0.6359005554090746,0.847,0.496,0,18,S100A11
0,0.6240482286758742,0.444,0.169,0,18,NR4A3
0,0.6234910370125677,0.999,0.996,0,18,TMSB4X
0,0.6175938547050479,0.622,0.237,0,18,RGS10
0,0.6158042018790892,0.662,0.287,0,18,ARPC1B
0,0.6144035958233233,0.457,0.046,0,18,CLEC7A
0,0.6131622370090722,0.494,0.108,0,18,AP1S2
0,0.6103107927438028,0.457,0.08,0,18,PLSCR1
0,0.6003775445523198,0.475,0.166,0,18,MAP3K8
0,0.5975182737627526,0.635,0.308,0,18,LSP1
0,0.597378188283179,0.286,0.017,0,18,C1orf54
0,0.5954163922560377,0.574,0.166,0,18,H2AFY
0,0.5939668626860523,0.367,0.071,0,18,PPIF
0,0.5877505520814525,0.396,0.047,0,18,MNDA
0,0.5783201588536847,0.351,0.01,0,18,PKIB
0,0.5761276840849733,0.482,0.195,0,18,SOD2
0,0.5747984552296551,0.342,0.022,0,18,GPAT3
0,0.5720348155416792,0.284,0.045,0,18,OLR1
0,0.5719125311484854,0.321,0.05,0,18,VEGFA
0,0.5633546065003838,0.405,0.1,0,18,BID
0,0.5616445784867647,0.351,0.052,0,18,FNIP2
0,0.5566835624381615,0.62,0.282,0,18,VAMP8
0,0.5513482628042767,0.408,0.152,0,18,CEBPD
0,0.5413167404653332,0.392,0.037,0,18,ALDH2
0,0.5387496773461392,0.251,0.011,0,18,VMO1
0,0.5357420043226719,0.368,0.037,0,18,IGSF6
0,0.5354930169651402,0.416,0.06,0,18,CCDC88A
0,0.5349057792485233,0.374,0.032,0,18,SPI1
0,0.5289813300225463,0.603,0.213,0,18,PSAP
0,0.527737282380238,0.446,0.114,0,18,PYCARD
0,0.5244370754971698,0.332,0.041,0,18,KYNU
0,0.522783478119172,0.293,0.076,0,18,IRF8
0,0.5158667030331071,0.593,0.266,0,18,ANXA2
0,0.5144207235403337,0.999,0.995,0,18,RPS24
0,0.5139286398593199,0.352,0.022,0,18,CIITA
0,0.5131329563576342,0.391,0.052,0,18,SPINT2
0,0.5129544014360082,0.429,0.075,0,18,ITGAX
0,0.5105059095376037,0.266,0.051,0,18,FCN1
0,0.5096906974253897,0.372,0.039,0,18,IL18
0,0.5080199633706876,0.354,0.048,0,18,MS4A7
0,0.49708110285100293,0.417,0.082,0,18,PPT1
0,0.4960440068585614,0.414,0.111,0,18,PTPRE
0,0.4901376336367258,0.485,0.145,0,18,AP2S1
0,0.48955695305404145,0.427,0.125,0,18,MGAT1
0,0.4836271726047655,0.595,0.254,0,18,GNG5
0,0.4814063977544215,0.382,0.037,0,18,LY86
0,0.47976441167900674,0.644,0.336,0,18,SLC25A5
0,0.47633592318497353,0.543,0.225,0,18,CMTM6
0,0.4702800408429358,0.294,0.035,0,18,DAPP1
0,0.4667591157538215,0.388,0.068,0,18,CD68
0,0.4655258761108193,0.309,0.06,0,18,KLF4
0,0.45660278383879976,0.36,0.074,0,18,ETS2
0,0.45100321960847595,0.336,0.054,0,18,OGFRL1
0,0.44856032422466807,0.317,0.041,0,18,RNF144B
0,0.4479336790807606,0.333,0.065,0,18,FAM49A
0,0.43292339285006387,0.485,0.178,0,18,GDI2
0,0.43004306496027955,0.315,0.031,0,18,IL13RA1
0,0.4168819641128103,0.284,0.017,0,18,SHTN1
0,0.41222449517252935,0.341,0.07,0,18,HAVCR2
0,0.4094196789454914,0.351,0.082,0,18,SYNGR2
0,0.4084437417926282,0.269,0.051,0,18,C12orf45
0,0.4077992392528259,0.437,0.153,0,18,RNH1
0,0.4072829435829306,0.444,0.142,0,18,PGLS
0,0.40636098204688464,0.305,0.079,0,18,GRASP
0,0.4051483493290865,0.337,0.095,0,18,STX11
0,0.39690946329144583,0.309,0.076,0,18,GSN
0,0.3968180561162603,0.516,0.227,0,18,HCLS1
0,0.3871195775834203,0.5,0.191,0,18,ATP6V0B
0,0.3848190762624255,0.309,0.064,0,18,TNFSF13B
0,0.38119647841224663,0.324,0.056,0,18,LGALS9
0,0.37213298204182066,0.348,0.081,0,18,RNF130
0,0.35481911152100987,0.305,0.05,0,18,TGFBI
0,0.3529460301758204,0.3,0.087,0,18,ATP13A3
0,0.3521354543535933,0.285,0.036,0,18,PAK1
0,0.3520194992498705,0.291,0.077,0,18,ETV3
0,0.3507292720190073,0.261,0.055,0,18,GK
0,0.34703000971315606,0.258,0.016,0,18,HLA-DOA
0,0.34195271154794515,0.307,0.056,0,18,LY96
0,0.3414601620522883,0.289,0.049,0,18,THEMIS2
0,0.34042614717916325,0.267,0.04,0,18,CSTA
0,0.34024786729054024,0.273,0.063,0,18,CLN8
0,0.33784545039116287,0.267,0.046,0,18,MEF2C
0,0.33467379752095816,0.315,0.091,0,18,TET2
0,0.33362661297599977,0.291,0.067,0,18,DSE
0,0.3298120471528877,0.305,0.086,0,18,LAP3
0,0.32711789302788713,0.264,0.044,0,18,SERPINA1
0,0.32282409253245964,0.337,0.108,0,18,HMGA1
0,0.32279657132000394,0.289,0.058,0,18,ADA2
0,0.32248646855714513,0.316,0.078,0,18,CD4
0,0.30369504846027173,0.379,0.124,0,18,CTSB
0,0.30281744515742,0.256,0.041,0,18,GCA
0,0.3019347664608659,0.261,0.066,0,18,RIPK2
0,0.29422921283916653,0.276,0.082,0,18,SH3BP5
0,0.27623475272111364,0.255,0.059,0,18,CYBB
0,0.27521044490809227,0.26,0.061,0,18,CAT
0,0.26619622453700365,0.26,0.058,0,18,MFSD1
3.780728429903596e-307,1.323401668157547,0.485,0.228,1.1476023076129376e-302,18,AREG
2.7437370700949632e-306,0.47505333993254206,0.599,0.293,8.328339502566251e-302,18,CSTB
4.2299796475654184e-306,0.3864053724593221,0.55,0.248,1.2839680222220072e-301,18,SEC11A
2.235735201117826e-300,0.3070510347674895,0.26,0.075,6.786350629473049e-296,18,ICAM1
5.955747577010378e-300,0.4754932543932848,0.995,0.97,1.8078076195257301e-295,18,RPS11
5.876432042881495e-289,0.4306689032296913,0.449,0.189,1.783732182296249e-284,18,CDKN1A
2.46767566129246e-288,0.4754586552493063,0.469,0.207,7.490382702287133e-284,18,RILPL2
2.3546545661233954e-284,0.31119906833937533,0.332,0.117,7.147318470010954e-280,18,CNPY3
2.7253863625977446e-283,0.4869193587698747,0.791,0.499,8.272637765029193e-279,18,SLC25A6
6.949788442805044e-276,0.2718797802730342,0.287,0.094,2.1095387839290428e-271,18,ATG3
1.3573771106565373e-274,0.9978087217167428,0.885,0.788,4.1201824816868536e-270,18,NEAT1
4.151426015591824e-274,0.3621373098377331,0.446,0.188,1.2601238527727423e-269,18,PKM
5.454253093024067e-269,0.4783832401174023,0.582,0.3,1.6555839838565253e-264,18,DBI
2.0728353960902744e-268,0.4652589036348268,0.531,0.258,6.291884561292419e-264,18,CKLF
3.22136433988178e-266,0.25824849624193635,0.281,0.092,9.778129317277156e-262,18,TMEM14C
1.9065680594807872e-255,0.4009860102657486,0.354,0.139,5.7871966877479814e-251,18,NINJ1
5.2291579084382704e-254,0.45476102366867566,0.291,0.098,1.5872585915273527e-249,18,CXCL2
1.479646148787449e-250,0.26764467784007,0.278,0.094,4.4913179200294233e-246,18,RAPGEF1
1.956189458888146e-249,0.26773694377833435,0.284,0.098,5.937817483509078e-245,18,MAP2K1
9.468394704606678e-249,0.3419981076986025,0.514,0.243,2.8740365286363112e-244,18,SH3BGRL
2.3240564735554658e-247,0.6483106162530541,0.449,0.22,7.054441019830261e-243,18,SERPINB9
1.1603421666777044e-237,0.44234118965242986,0.794,0.525,3.522102612733504e-233,18,LAPTM5
2.28353385360784e-237,0.5474062348676525,0.55,0.291,6.931438659241237e-233,18,TUBA1B
3.637458267908169e-237,0.3162945905222073,0.461,0.21,1.1041140826408456e-232,18,EIF3L
3.145354923888586e-236,0.3469438087474572,0.386,0.165,9.547410335971414e-232,18,GNA13
4.5207653504426626e-235,0.3224947482568038,0.317,0.121,1.3722331144733657e-230,18,JARID2
7.846532406613274e-234,0.37680304262223624,0.479,0.227,2.3817364467033933e-229,18,ATP2B1
8.632994461395198e-234,0.5272506932659207,0.825,0.626,2.6204591388118986e-229,18,LGALS1
8.076403853381985e-230,0.35859490101031805,0.554,0.283,2.4515116256555677e-225,18,ARPC5
2.8079735295371764e-223,0.29236798037750183,0.399,0.173,8.523322851557145e-219,18,TKT
5.318976342756861e-220,0.5870116307729987,0.958,0.893,1.6145220790804177e-215,18,VIM
7.035744412085029e-220,0.8258610777000152,0.303,0.123,2.1356298588442899e-215,18,CCR7
2.958091008163931e-215,0.2512275341609147,0.304,0.116,8.978989446180796e-211,18,DNAJC15
5.828356592795778e-208,0.36022560203712883,0.996,0.99,1.7691393601772303e-203,18,RPS9
3.7241873536994095e-206,0.3838714018950049,0.998,0.993,1.1304398293419188e-201,18,RPS23
3.4172508441214694e-205,0.33642726300899634,0.547,0.288,1.0372723212246308e-200,18,GNAI2
3.222142586943816e-204,0.29495321160781596,0.338,0.141,9.780491608409258e-200,18,SPAG9
2.8655372357821476e-203,0.3003442002549352,0.409,0.186,8.69805172549313e-199,18,RBPJ
8.437741825144538e-203,0.27623361739172114,0.28,0.107,2.561192153604373e-198,18,BRI3
5.28975387072043e-202,0.33016403261832317,0.517,0.27,1.605651889918479e-197,18,FAM49B
2.6507753287697814e-199,0.273027837043984,0.368,0.162,8.046163432947794e-195,18,COX5A
2.9691483387187763e-198,0.26486921174343425,0.315,0.128,9.012552867346974e-194,18,PABPC4
1.432442392212571e-197,0.34874220032510417,0.996,0.993,4.348035637322038e-193,18,RPL26
1.786006697264151e-197,0.4326874732881937,0.677,0.417,5.421244728875604e-193,18,NAP1L1
8.649689378946026e-194,0.593648590274815,0.513,0.282,2.625526714085277e-189,18,RGS2
8.348214175413934e-192,0.2611121492954037,0.344,0.149,2.5340169308051457e-187,18,ARRB2
5.856203992220055e-190,0.4724347256485396,0.536,0.313,1.7775921597984755e-185,18,CFLAR
2.2677751490071074e-187,0.27244853679644626,0.377,0.172,6.883604687296174e-183,18,GRB2
2.921876575483187e-187,0.26369244332032615,0.342,0.149,8.869064157221666e-183,18,VASP
3.684778574508528e-183,0.48729343526287644,0.371,0.174,1.1184776885063187e-178,18,IER5
3.3324671557455923e-181,0.2643923483702722,0.379,0.175,1.0115370804550172e-176,18,RAB7A
1.3687158283303633e-180,0.3140563849192271,0.373,0.174,4.154600025313985e-176,18,RAC1
3.4128777172109753e-177,0.35925735526693836,0.613,0.36,1.0359449022822195e-172,18,GPX4
2.2237299201497964e-176,0.4835718214109503,0.436,0.232,6.749909799622692e-172,18,IFITM3
2.9166427945686783e-175,0.3137366369418355,0.424,0.213,8.853177538633766e-171,18,TMEM123
5.887446127093581e-175,0.45441876671679915,0.632,0.402,1.7870753974179856e-170,18,EMP3
1.7018800973565884e-174,0.30735468802205856,0.997,0.994,5.165886847516188e-170,18,RPS3A
3.937675116164718e-165,0.28915632796219193,0.266,0.11,1.1952419047606386e-160,18,RALA
5.263813684904507e-164,0.2533669251040843,0.4,0.194,1.597778005915914e-159,18,RTN4
2.1224169263626281e-162,0.3457881796043274,0.882,0.673,6.442384338281121e-158,18,PABPC1
2.154238605684476e-159,0.32537154013206115,0.93,0.758,6.538975863694658e-155,18,OAZ1
6.965819235425007e-157,0.7695296447772927,0.517,0.324,2.114404770720907e-152,18,ATP1B3
9.129355244343142e-155,0.480639772938916,0.947,0.906,2.7711244908679174e-150,18,ACTG1
1.7589425293762965e-153,0.3172102692191805,0.745,0.495,5.33909415366881e-149,18,ATP5MC2
1.449105500762333e-152,0.27601536189215214,0.537,0.305,4.398614837013986e-148,18,ACTR2
7.853773789016501e-151,0.5739230869027988,0.527,0.32,2.383934495918069e-146,18,GADD45B
1.0977439399467264e-142,0.27021472265346325,0.314,0.15,3.332091955314293e-138,18,PTPN1
5.3033054910618956e-142,0.3759564971646172,0.276,0.123,1.6097653487569277e-137,18,FABP5
2.648811570660047e-141,0.29848374674446543,0.98,0.933,8.040202641581506e-137,18,RPL22
1.1686564679556772e-137,0.27002051262494176,0.996,0.994,3.547339842832662e-133,18,RPL18A
2.282157991775534e-137,0.2956619162707904,0.648,0.417,6.927262368235456e-133,18,TPM3
7.12075902077137e-137,0.5003574445644232,0.422,0.248,2.1614351931649416e-132,18,TNFAIP8
2.0420880394005928e-135,0.3343175335202806,0.939,0.852,6.198554034796559e-131,18,EEF1B2
5.007893888596183e-133,0.29379337840926145,0.342,0.173,1.5200961109444853e-128,18,RAB11FIP1
1.3485066794253932e-132,0.29319146817545705,0.96,0.845,4.093257174727839e-128,18,ATP5F1E
2.3130564978419836e-132,0.3177752610156138,0.397,0.211,7.021051693549557e-128,18,LGALS3
4.314403402506567e-132,0.30623050827010045,0.727,0.5,1.3095940087968433e-127,18,CLIC1
4.15203445773323e-131,0.2699209905781559,0.993,0.974,1.2603085393003447e-126,18,UBA52
1.5637512305009427e-130,0.2914332458774904,0.99,0.984,4.746610485062561e-126,18,RPL8
1.335513238384985e-129,0.2943185148513241,0.881,0.707,4.0538168837937833e-125,18,RPL4
1.3994503796385526e-129,0.29523338823788836,0.919,0.766,4.2478916823548627e-125,18,GAPDH
1.73247047616117e-129,0.36280742684581146,0.425,0.242,5.258740883339615e-125,18,NFKB1
6.861527992803317e-123,0.2625322946940436,0.993,0.983,2.0827482069355186e-118,18,RPS13
1.7076410625738605e-119,0.2577969474957218,0.515,0.315,5.183373681336696e-115,18,ACTR3
1.724809213696574e-119,0.28276241163442484,0.549,0.343,5.23548588725458e-115,18,ENO1
2.6327662654824627e-115,0.27689387985310454,0.447,0.262,7.991498722245468e-111,18,NFE2L2
7.814599859071505e-114,0.2830280306291817,0.99,0.98,2.3720436412225645e-109,18,RPS2
6.8666130010746315e-109,0.2590819865778021,0.371,0.207,2.0842917103461937e-104,18,UPP1
2.462012701630271e-106,0.3646834241955216,0.538,0.355,7.473193354528524e-102,18,HERPUD1
1.6030768154299736e-101,0.36557221859426636,0.423,0.26,4.865979365556142e-97,18,CHMP1B
4.786095821996275e-101,0.27540019624485124,0.472,0.292,1.4527715258087493e-96,18,CD55
1.1214834717310508e-99,0.4833553951013334,0.635,0.47,3.404150930092432e-95,18,REL
7.597869015927716e-99,0.9052995510818812,0.436,0.285,2.306257161094699e-94,18,TXN
2.413040030547229e-97,0.25055504045939125,0.956,0.864,7.324541708723059e-93,18,RPL23
2.519295178510406e-96,0.2848476019148057,0.25,0.126,7.647068584850486e-92,18,CKS2
4.113421048680744e-96,0.30561526188144494,0.506,0.328,1.248587825116553e-91,18,LITAF
2.4129651758602657e-95,0.4054755679708597,0.675,0.486,7.32431449480625e-91,18,RGS1
5.798584853308058e-93,0.2706167872684535,0.798,0.59,1.760102446373128e-88,18,PFN1
2.5198218307662342e-89,0.4692057865139523,0.327,0.191,7.648667185107827e-85,18,CEBPB
1.8961694836001757e-88,0.2730761537300054,0.471,0.301,5.755632850519973e-84,18,KDM6B
1.3755366168874618e-80,0.3090975979353586,0.382,0.236,4.1753038469002015e-76,18,DUSP4
1.470048136785767e-79,0.7162900938327594,0.407,0.279,4.462184114399517e-75,18,HSPB1
3.611402590021466e-76,0.6152557519931572,0.635,0.529,1.0962051421751158e-71,18,NFKBIA
4.572655224637666e-69,0.3326286402756329,0.819,0.773,1.3879837668865172e-64,18,S100A6
2.4403182258271083e-56,0.2533926510506375,0.337,0.221,7.407341942675605e-52,18,ZFAND5
1.4498132428349544e-52,0.4845933422879274,0.266,0.164,4.400763117301221e-48,18,HSPA6
5.380460065082507e-51,0.42203318386917044,0.915,0.863,1.633184848155144e-46,18,SRGN
1.3361831515185048e-36,0.41106251047687725,0.545,0.454,4.0558503381192696e-32,18,ID2
3.1627508132105356e-34,0.29180464831009945,0.382,0.289,9.60021381841926e-30,18,ALOX5AP
2.112970046098563e-24,0.36099533065305867,0.704,0.692,6.413709277927579e-20,18,HSPA1A
6.045692195902629e-18,0.287879159878341,0.394,0.324,1.835109409144284e-13,18,BIRC3
3.9312267241244073e-17,0.26622979009189884,0.531,0.476,1.1932845598407225e-12,18,PNRC1
5.551000577029869e-6,0.3591114933402071,0.389,0.478,0.16849507151516463,18,MT2A
0,5.808333782169866,1,0.222,0,19,GNLY
0,3.139904104869504,0.97,0.182,0,19,GZMB
0,2.5037677444650783,0.997,0.413,0,19,NKG7
0,2.373747821795086,0.933,0.407,0,19,GZMA
0,2.3079937725631554,0.96,0.286,0,19,CTSW
0,2.155140400071592,0.932,0.305,0,19,COTL1
0,2.102368213444735,0.759,0.18,0,19,XCL2
0,1.959974227964807,0.928,0.338,0,19,GSTP1
0,1.917468895009233,0.86,0.102,0,19,KLRC1
0,1.6342581063402366,0.908,0.624,0,19,LGALS1
0,1.630827505696732,0.929,0.197,0,19,FCER1G
0,1.6063991477459547,0.628,0.147,0,19,XCL1
0,1.4666821081931025,0.785,0.102,0,19,TRDC
0,1.4401910325565075,0.821,0.147,0,19,IL2RB
0,1.4157710543105062,0.943,0.253,0,19,TYROBP
0,1.359788100082992,0.807,0.204,0,19,HOPX
0,1.3178156039238584,0.798,0.359,0,19,CD7
0,1.3176276501566702,0.678,0.104,0,19,TNFRSF18
0,1.2739653057006526,0.315,0.01,0,19,SCX
0,1.2258117635720915,0.934,0.466,0,19,CD63
0,1.2223383412276054,0.749,0.193,0,19,CMC1
0,1.1875251928322494,0.971,0.765,0,19,GAPDH
0,1.1732623326053402,0.594,0.03,0,19,KRT81
0,1.119866024572324,0.717,0.154,0,19,CAPG
0,1.0621990303982103,0.706,0.189,0,19,PRF1
0,0.9920418891959455,0.655,0.119,0,19,CHST12
0,0.975223941314609,0.6,0.175,0,19,LDLRAD4
0,0.9508715363294934,0.496,0.03,0,19,KRT86
0,0.858808238102027,0.719,0.229,0,19,KLRD1
0,0.8522582705212918,0.601,0.159,0,19,PRKX
0,0.8483045482038104,0.617,0.225,0,19,AREG
0,0.8366697695851282,0.999,0.996,0,19,RPS19
0,0.8345379286831673,0.518,0.037,0,19,TESC
0,0.8230208931138362,0.569,0.072,0,19,ITGAX
0,0.8145193589565706,0.527,0.031,0,19,NCAM1
0,0.8073092345719035,0.578,0.111,0,19,GNPTAB
0,0.8020829133110629,0.489,0.033,0,19,KLRC2
0,0.7913687381120457,0.326,0.027,0,19,SPINK2
0,0.7639955669249252,0.342,0.026,0,19,IGFBP2
0,0.759258228262329,0.964,0.808,0,19,MYL6
0,0.7548494632335792,0.85,0.497,0,19,CLIC1
0,0.7501647336605872,0.451,0.007,0,19,ITGAD
0,0.7471854040144036,0.704,0.339,0,19,ENO1
0,0.7378257672191577,0.672,0.255,0,19,CKLF
0,0.7365891134964491,0.881,0.588,0,19,PFN1
0,0.7316194555356392,0.924,0.712,0,19,CFL1
0,0.7143358684107497,0.984,0.945,0,19,ACTB
0,0.7005851463779077,0.412,0.029,0,19,SYNGR1
0,0.6982628767423804,0.432,0.018,0,19,KIR2DL4
0,0.6929965693885491,0.66,0.272,0,19,FOSL2
0,0.6701503030000512,0.458,0.059,0,19,EPAS1
0,0.6679246265108558,0.967,0.905,0,19,ACTG1
0,0.6673763469645533,0.708,0.339,0,19,EVL
0,0.6607262956406067,0.682,0.313,0,19,PGK1
0,0.6580665080233421,0.46,0.06,0,19,MCTP2
0,0.6548730480986502,0.766,0.446,0,19,CORO1A
0,0.6543444241021072,0.449,0.037,0,19,B3GNT7
0,0.6341258402053629,0.537,0.193,0,19,CNOT2
0,0.6301861389202691,0.695,0.247,0,19,CTSD
0,0.6300355691490815,0.711,0.385,0,19,RUNX3
0,0.6294214853499722,0.741,0.403,0,19,IFITM2
0,0.6257226418226658,0.86,0.568,0,19,HCST
0,0.6220754395400981,0.701,0.359,0,19,CALR
0,0.6214668862673399,0.432,0.058,0,19,CD300A
0,0.6156874787087095,0.654,0.276,0,19,TPI1
0,0.6033416274288108,0.443,0.052,0,19,TMIGD2
0,0.5959561920217397,0.37,0.031,0,19,SRGAP3
0,0.5898374372208068,0.406,0.07,0,19,CD9
0,0.5887177017949625,1,0.996,0,19,TMSB4X
0,0.58852197134097906,0.403,0.02,0,19,ADGRG3
0,0.5870007056589949,0.501,0.207,0,19,METRNL
0,0.5859836988005154,0.72,0.409,0,19,COX6C
0,0.5844767380798022,0.504,0.162,0,19,CTNNB1
0,0.5770063694457574,0.383,0.027,0,19,GOLIM4
0,0.5766139224016162,0.352,0.075,0,19,SEPTIN7
0,0.550897414513307,0.559,0.25,0,19,ITM2A
0,0.547249448140089,0.453,0.125,0,19,GLIPR2
0,0.545267540853725,0.394,0.048,0,19,CD38
0,0.5359594900886506,0.534,0.219,0,19,LY6E
0,0.526348348281614,0.459,0.105,0,19,SLA2
0,0.5251290931813195,0.531,0.191,0,19,TPM4
0,0.5205466973626814,0.583,0.246,0,19,CD247
0,0.5205100611502826,0.423,0.138,0,19,NUCB2
0,0.5158105028719941,0.285,0.007,0,19,KIR2DL3
0,0.5142423277589884,0.382,0.069,0,19,HAVCR2
0,0.513915603804048,0.404,0.085,0,19,TRAF5
0,0.5104918919950328,0.362,0.03,0,19,SH2D1B
0,0.5097471642169671,0.54,0.206,0,19,APOBEC3G
0,0.5084464851918777,0.516,0.193,0,19,PRELID1
0,0.5027321024972511,0.424,0.133,0,19,SH2D2A
0,0.4989580912801882,0.314,0.039,0,19,SNRNP25
0,0.49401623046864923,0.468,0.152,0,19,SEC14L1
0,0.49294777448482596,0.51,0.182,0,19,PRDX5
0,0.4922283884961762,0.516,0.186,0,19,FKBP1A
0,0.49180018329897207,0.388,0.074,0,19,IRF8
0,0.4913228504868904,0.319,0.007,0,19,AFAP1L2
0,0.49057842724523476,0.353,0.06,0,19,ECI2
0,0.48553548341272473,0.376,0.099,0,19,IGFBP7
0,0.4795182193043823,0.449,0.137,0,19,SEMA4D
0,0.4780373392005111,0.379,0.101,0,19,CASP3
0,0.46990431449595094,0.445,0.135,0,19,RHOC
0,0.4625721250078853,0.488,0.195,0,19,TLN1
0,0.4617504171284692,0.402,0.096,0,19,SLC16A3
0,0.45919224991107854,0.284,0.055,0,19,NME2
0,0.45876698905214025,0.488,0.206,0,19,CCND2
0,0.4540440870347879,0.403,0.142,0,19,ARPC5L
0,0.4439565169103491,0.508,0.196,0,19,ACTN4
0,0.42826518164935906,0.329,0.064,0,19,UBE2F
0,0.42702219877748654,0.308,0.076,0,19,SNHG29
0,0.4263734747024065,0.355,0.078,0,19,ITGA1
0,0.4259356400911485,0.553,0.248,0,19,SEC11A
0,0.42400611446367054,0.309,0.032,0,19,SLFN13
0,0.4207254704024369,0.339,0.071,0,19,EIF3B
0,0.41781246269947814,0.402,0.136,0,19,MAP2K3
0,0.41547181088864427,0.45,0.167,0,19,MAP3K8
0,0.41514823590473265,0.375,0.102,0,19,IDH2
0,0.4088103183291133,0.308,0.039,0,19,ZFHX3
0,0.40043083186756634,0.336,0.088,0,19,CD59
0,0.4001747895098379,0.304,0.047,0,19,GFOD1
0,0.3946763617434016,0.408,0.138,0,19,AUTS2
0,0.3918185723029284,0.343,0.087,0,19,SLC1A5
0,0.3909147903140056,0.389,0.134,0,19,MAFF
0,0.3872522622926794,0.353,0.104,0,19,LASP1
0,0.3759321991410205,0.309,0.061,0,19,GUSB
0,0.3754780798232338,0.301,0.054,0,19,ABHD2
0,0.37315289934268303,0.338,0.11,0,19,GATA3
0,0.3577403303085323,0.333,0.086,0,19,MPG
0,0.35492893588101865,0.269,0.028,0,19,ATP8B4
0,0.35399332070288897,0.305,0.059,0,19,SFMBT2
0,0.3492920474149858,0.284,0.041,0,19,NDFIP2
0,0.3453913098684643,0.362,0.123,0,19,CPNE1
0,0.33619268998665525,0.281,0.043,0,19,PLCG2
0,0.3280787668311419,0.272,0.068,0,19,SNHG5
0,0.3254479792605119,0.304,0.079,0,19,AGTRAP
0,0.32342245283206983,0.257,0.059,0,19,KLRK1
0,0.32019418388194276,0.272,0.061,0,19,TRG-AS1
0,0.3193754418617524,0.253,0.061,0,19,ATP6V0C
0,0.3079829602654037,0.279,0.079,0,19,GAS5
0,0.2934833288455256,0.258,0.058,0,19,FGR
0,0.29330808817600007,0.258,0.066,0,19,HIPK2
5.283375724876839e-307,0.3544223290253625,0.393,0.146,1.6037158675291157e-302,19,WDR1
1.0256138287266139e-302,0.6749739913071996,0.527,0.255,3.113148215716764e-298,19,MIF
6.438192571318957e-295,0.5524973593803078,0.619,0.324,1.954248973098156e-290,19,ADGRE5
1.5759558170715394e-294,0.2676192029156218,0.279,0.083,4.7836562871389507e-290,19,RNF130
1.3156167110119e-293,0.4042646963294932,0.487,0.209,3.9934229646055214e-289,19,DOK2
2.395000847930669e-289,0.4807164924890295,0.767,0.423,7.269785573808754e-285,19,CST7
7.520499959439526e-286,0.39644389910758554,0.482,0.211,2.2827725576882737e-281,19,OSTF1
8.844674765825049e-281,0.38686341151878084,0.527,0.234,2.6847125784185355e-276,19,ITGB1
1.0293518464959402e-280,0.2623513657791698,0.268,0.081,3.124494594853777e-276,19,MOB3A
7.952204065629264e-280,0.35060200897115157,0.407,0.161,2.413812022081107e-275,19,COX5A
3.99597638058357e-275,0.2783525591921341,0.264,0.081,1.2129386705623367e-270,19,EBP
8.861566679272906e-275,0.4887371220802713,0.654,0.361,2.6898399498264977e-270,19,RAC2
2.626538868509563e-274,0.38948083553050117,0.438,0.185,7.972596081473928e-270,19,CALM3
1.3511633228198096e-269,0.32794953660368287,0.403,0.16,4.10132115008725e-265,19,PPP1CA
1.1554725142779521e-268,0.3879056473552954,0.469,0.209,3.507321269839296e-264,19,ARPC4
2.2528681454754286e-263,0.44290672402541986,0.613,0.315,6.838355968776116e-259,19,HSP90B1
3.1248697410946076e-259,0.28603612158535696,0.293,0.099,9.485229612118572e-255,19,DGKZ
3.2973887112354605e-258,0.32815624403720867,0.329,0.119,1.0008893694084116e-253,19,SOCS1
1.2012324307014681e-256,0.2811881381174614,0.276,0.09,3.646220920151236e-252,19,CMIP
1.229318194460961e-256,0.3189067660386846,0.355,0.135,3.731472447466801e-252,19,MYDGF
1.1497180348172618e-255,0.43505605668471914,0.557,0.279,3.4898541228843163e-251,19,NDUFB2
5.8468091196559754e-254,0.28687309221694757,0.266,0.086,1.7747404401803747e-249,19,PRPF6
7.821328042851517e-253,0.5152247906216763,0.621,0.338,2.3740859141271494e-248,19,SLA
2.3826623987630004e-252,0.3158426334069766,0.348,0.13,7.232333445205212e-248,19,SAMD3
2.386224887659393e-252,0.4081293622173309,0.55,0.275,7.243147024001323e-248,19,ARF6
1.055588011220596e-244,0.33396326012412014,0.384,0.156,3.204131849258997e-240,19,PDIA6
1.7332190783394957e-244,0.35852581435442815,0.455,0.205,5.261013190391705e-240,19,BUB3
3.190144062556026e-241,0.4147042749828479,0.586,0.31,9.683363287482561e-237,19,LSP1
7.574344001147677e-240,0.5541708603702706,0.9,0.689,2.299116378108366e-235,19,SH3BGRL3
1.519310354947466e-238,0.6482145137911193,0.907,0.787,4.6117146514075385e-234,19,NEAT1
3.563030605664639e-235,0.5259640071460541,0.74,0.449,1.0815223100434445e-230,19,ID2
7.430161288675559e-235,0.42072857641854094,0.353,0.139,2.2553511575645795e-230,19,EEF1G
2.20283490061631e-234,0.25817739933214207,0.275,0.093,6.686485057330747e-230,19,TENT4B
2.6217815166085264e-233,0.4327263810094753,0.55,0.289,7.958155615513521e-229,19,GNAI2
3.963312884077611e-230,0.3414556876660105,0.413,0.182,1.203023992832918e-225,19,PRKCH
3.2199397419874066e-229,0.4491232509174604,0.605,0.34,9.773805092828574e-225,19,EIF3G
9.329679472629387e-227,0.3026337452764303,0.331,0.128,2.831930907121924e-222,19,NEDD9
4.791966541413325e-226,0.27888510582673287,0.315,0.119,1.4545535239806007e-221,19,TCIRG1
4.842910680358112e-224,0.3603700244652711,0.449,0.204,1.4700171079159013e-219,19,BHLHE40
1.3173948921704496e-221,0.44987905941101003,0.799,0.546,3.9988204556941825e-217,19,ARPC2
9.919575619059443e-220,0.2880163053552336,0.345,0.138,3.0109879834093034e-215,19,PSTPIP1
1.1308629689692119e-219,0.325456761637908,0.406,0.18,3.4326214560091457e-215,19,EIF5A
1.8179664893989437e-219,0.3327189621066359,0.447,0.205,5.518255481921553e-215,19,UPP1
3.9155493199115883e-218,0.38566685848714755,0.473,0.234,1.1885258405659635e-213,19,PSME2
1.867066846615452e-214,0.3299986148684741,0.39,0.17,5.6672947062165424e-210,19,ARAP2
4.9114006015784485e-214,0.3148052609540608,0.377,0.161,1.4908065386031223e-209,19,P4HB
2.9894294717591246e-213,0.4890517978593548,0.553,0.303,9.074114218577646e-209,19,SYTL3
1.8285294560587458e-212,0.5265088032480497,0.476,0.246,5.550318310920717e-208,19,EIF4A1
5.800794726411172e-212,0.2754966644758444,0.314,0.121,1.7607732312548473e-207,19,JARID2
1.2496957422581748e-208,0.264865136565,0.308,0.119,3.793326456050464e-204,19,RASA2
1.8164944385519927e-207,0.3514998094106464,0.493,0.247,5.513787218780718e-203,19,NDUFA13
2.508201743768755e-205,0.4483152379768112,0.455,0.225,7.61339557303568e-201,19,RANBP2
5.1940157632857696e-204,0.40378166884437117,0.941,0.84,1.5765915447877625e-199,19,SERF2
4.159820878343927e-200,0.2607244586663339,0.322,0.13,1.2626720294125156e-195,19,NDUFS8
1.903924918811186e-199,0.25133326317614524,0.294,0.113,5.779173698559474e-195,19,SFT2D1
1.4661448772473429e-196,0.6085068832891583,0.621,0.373,4.450336160396584e-192,19,NR4A2
3.2508813074759135e-194,0.32870594350460114,0.38,0.172,9.867725120712388e-190,19,BAX
2.28214097417251e-193,0.3345758025023622,0.358,0.158,6.9272107130032365e-189,19,MATK
5.910787812174168e-192,0.3632587869433209,0.537,0.288,1.794160532507347e-187,19,CD96
1.344579291417633e-190,0.2580173708466217,0.311,0.126,4.081335981169083e-186,19,SURF4
9.91062160430333e-190,0.26714492049315297,0.329,0.137,3.008270081770233e-185,19,APMAP
1.1293155193878279e-189,0.29025958370534344,0.331,0.141,3.4279243275498126e-185,19,RANBP1
5.862412319454413e-188,0.5140690961731806,0.985,0.985,1.7794766354471925e-183,19,MT-CO3
7.95329674336127e-187,0.32689326124591855,0.432,0.211,2.41414369347988e-182,19,RAB8B
1.3891412255562916e-186,0.26078674251896244,0.304,0.123,4.2165992760535676e-182,19,HNRNPAB
2.0656767585292586e-186,0.32248641209365086,0.366,0.167,6.270155232839712e-182,19,ANXA11
1.5686664378897933e-185,0.33630057366236543,0.495,0.258,4.7615301055706784e-181,19,PDIA3
4.394500706418426e-185,0.3755699343361022,0.474,0.245,1.3339067444262491e-180,19,RPS27L
1.957434887565981e-184,0.3685331074941802,0.543,0.3,5.941597857717779e-180,19,SLC38A1
2.4048716358698144e-184,0.26370729825554895,0.304,0.124,7.2997473635192345e-180,19,HERC1
1.0713545659106192e-178,0.406462750682383,0.704,0.465,3.2519896493650935e-174,19,LCP1
1.950990404547636e-176,0.28203226771159073,0.451,0.224,5.922036273963894e-172,19,WDR83OS
7.339158531593465e-176,0.2916163566091963,0.356,0.161,2.2277281806798803e-171,19,AGO2
7.613813255858288e-176,0.2653684222309689,0.28,0.11,2.3110968756832247e-171,19,RNASEK
8.162778740627266e-175,0.31585326083848686,0.704,0.452,2.47772985893e-170,19,SSR4
4.533957826704327e-174,0.38986734776365783,0.711,0.455,1.3762375587178313e-169,19,LDHA
5.225984497037931e-174,0.2801257257695649,0.402,0.192,1.5862953342308933e-169,19,EFHD2
1.6682060141806723e-172,0.2658134969638279,0.349,0.156,5.063672535444013e-168,19,NDUFC2
1.846962226773907e-171,0.41503947591758095,0.445,0.233,5.606269143149517e-167,19,CD81
8.956358561986429e-171,0.33066696467513546,0.541,0.302,2.7186130779053607e-166,19,DBI
1.4865219542654604e-169,0.33961608552358663,0.442,0.23,4.512188739977379e-165,19,ARHGEF1
8.201743173203739e-169,0.31006454428666336,0.453,0.235,2.489557122794263e-164,19,ATP5MF
1.4094956963361172e-168,0.35632228934348154,0.698,0.439,4.27838323665865e-164,19,SRSF2
1.2608847674174419e-167,0.3452846728588458,0.576,0.334,3.827289623018903e-163,19,POLR2L
1.8567909802152365e-166,0.4932536791844599,0.28,0.119,5.636103341345329e-162,19,STMN1
5.354292260179162e-166,0.2832223960886929,0.427,0.213,1.6252418726547828e-161,19,ARHGAP9
4.006856266428322e-164,0.37114083405899356,0.605,0.369,1.216241151111653e-159,19,PPIB
2.335446198296329e-162,0.292618056645412,0.373,0.178,7.089013390308678e-158,19,B4GALT1
9.563508626596541e-162,0.3914006294259069,0.771,0.551,2.902907408517114e-157,19,CHCHD2
1.4899785428904293e-160,0.35224384062194736,0.681,0.428,4.522680869089609e-156,19,TAGLN2
2.7128951595270798e-160,0.2566846521633922,0.335,0.152,8.234721967228498e-156,19,SELENOS
5.3291291929278665e-160,0.25881058573271415,0.341,0.157,1.6176038752213246e-155,19,RNF115
2.4037939953976813e-159,0.43208906241914846,0.986,0.986,7.296476293630122e-155,19,MT-CO2
1.444563200304313e-158,0.26030107993723844,0.33,0.149,4.384827138203712e-154,19,TACC1
1.4931516222397842e-158,0.299552141352761,0.47,0.253,4.532312434146641e-154,19,ATP5MC3
6.009237121148334e-158,0.3765593194883996,0.741,0.475,1.8240438357533653e-153,19,CCL4
4.019902990931153e-153,0.35846306676885764,0.619,0.369,1.220201353867242e-148,19,PIK3R1
4.902114435731323e-153,0.3136705319572919,0.427,0.222,1.4879878158218856e-148,19,VPS37B
3.9806703927326495e-152,0.27682266523381033,0.38,0.187,1.2082926910100684e-147,19,PDE7A
1.5103906784774908e-149,0.27973473626612977,0.507,0.284,4.584639865450576e-145,19,TXN
7.6026074947151885e-149,0.32233660401718023,0.5,0.284,2.3076954789458482e-144,19,ARPC5
4.13646371415794e-147,0.329661686068202,0.531,0.314,1.2555821957955012e-142,19,ACTR3
5.91184748104193e-144,0.2527871506625577,0.368,0.183,1.7944821843954673e-139,19,ATP5F1C
1.9480398074620578e-141,0.30389200533279226,0.594,0.365,5.91308003157033e-137,19,SERBP1
3.868788789368862e-140,0.2606075034519759,0.376,0.19,1.1743321491250244e-135,19,ATP5F1D
4.351361544767297e-140,0.2675569794372725,0.404,0.206,1.3208122832986654e-135,19,PHLDA1
5.439288737173065e-138,0.2754901737695376,0.468,0.261,1.6510417032815123e-133,19,NEDD8
1.1812852886908486e-137,0.7382532553546315,0.586,0.408,3.5856733652922015e-133,19,CRIP1
1.4619064270840533e-135,0.31779158579770694,0.64,0.402,4.4374707687709355e-131,19,DDIT4
6.331444971146559e-135,0.25520909918143986,0.403,0.213,1.9218468065418266e-130,19,PSMD8
5.845205532403817e-133,0.3444820051846751,0.603,0.394,1.7742536873058545e-128,19,RAN
6.573680834182377e-133,0.25541504742312743,0.285,0.129,1.9953750804077186e-128,19,GADD45A
6.245944804243169e-132,0.2977512459021481,0.537,0.327,1.8958940858799716e-127,19,SNRPB
1.1203850222009004e-131,0.2580238025085103,0.404,0.215,3.4008166963886134e-127,19,JPT1
3.941356841903937e-130,0.263951148494385,0.425,0.232,1.196359455791521e-125,19,PLP2
9.137923694354708e-130,0.34236052250094096,0.598,0.378,2.773725358184428e-125,19,HSPA5
1.798534389471033e-126,0.26889005754813144,0.493,0.285,5.459271285800374e-122,19,TGFB1
1.2371803203109425e-125,0.3004221108874696,0.471,0.275,3.7553371442718347e-121,19,AKNA
2.625564071940558e-125,0.3197897741609682,0.55,0.345,7.96963718396837e-121,19,COX8A
6.007674268281852e-124,0.2577889899500708,0.439,0.247,1.8235694473942733e-119,19,ATP5F1B
1.6208137936009928e-123,0.39467923091828716,0.984,0.984,4.9198181890964536e-119,19,MT-ND4
9.511165171848061e-121,0.2659742828402016,0.464,0.272,2.88701907626276e-116,19,FAM49B
2.03062010610082e-119,0.34395772102813593,0.522,0.328,6.163744270058429e-115,19,LITAF
2.1313119213751126e-117,0.4023473378990563,0.677,0.469,6.469384206142017e-113,19,REL
4.88035530727219e-116,0.34063098974593764,0.581,0.376,1.4813830499694006e-111,19,IER2
5.65653453890226e-112,0.2632308627809372,0.556,0.35,1.716984493938392e-107,19,MZT2B
2.412143673228227e-108,0.34350764900149733,0.573,0.375,7.32182090571696e-104,19,H2AFZ
5.7813214271940655e-105,0.2616173173318025,0.476,0.292,1.7548623060104867e-100,19,ARPC1B
3.9390557592836304e-98,0.2731135090871408,0.672,0.47,1.1956609851729532e-93,19,NCL
2.874664586373095e-97,0.3566630379468254,0.99,0.987,8.725756885476892e-93,19,MT-ATP6
1.2682275970180954e-94,0.32603117027384787,0.992,0.991,3.849578047988727e-90,19,MT-CO1
1.0203862027968223e-85,0.2891636416117076,0.964,0.861,3.0972802799694743e-81,19,SRGN
3.4726416557916784e-83,0.30037326607917625,0.514,0.345,1.054085648199006e-78,19,CEMIP2
5.646085729793439e-77,0.3254461206749637,0.462,0.315,1.7138128624215004e-72,19,HMGN2
1.7361074137792978e-75,0.30481392704846777,0.833,0.726,5.269780443785681e-71,19,HMGB1
1.0223578684650345e-64,0.27926430167479566,0.277,0.164,3.1032650739387654e-60,19,TUBB
1.3031643565775122e-56,0.4622223587877048,0.627,0.574,3.9556250879553806e-52,19,RPL17
2.2801021534577843e-47,0.39982932078906763,0.406,0.295,6.921022076605758e-43,19,TUBA1B
3.749005945823179e-45,0.2560017870776754,0.95,0.933,1.1379732647951677e-40,19,MT-ND5
0,4.251210490797833,0.969,0.152,0,20,HSPA6
0,3.1601948857747804,0.999,0.687,0,20,HSPA1A
0,2.5730464908980757,0.997,0.65,0,20,DNAJB1
0,2.5091944303934204,0.999,0.519,0,20,HSPA1B
0,2.329168929346605,1,0.933,0,20,HSP90AA1
0,2.1989832436376284,0.923,0.441,0,20,HSPD1
0,2.1858159087574913,0.967,0.537,0,20,HSPE1
0,2.0286382932816482,0.946,0.455,0,20,HSPH1
0,1.9074842136755938,0.993,0.953,0,20,UBC
0,1.781436774163753,0.982,0.849,0,20,HSP90AB1
0,1.4068061174546804,0.857,0.564,0,20,DNAJA1
0,1.1323856251975775,0.771,0.301,0,20,CACYBP
0,1.0617701298701367,0.58,0.1,0,20,BAG3
0,1.0592843420132347,0.592,0.162,0,20,ZFAND2A
0,0.9389086134257499,0.684,0.256,0,20,CHORDC1
0,0.8258628223279283,0.661,0.229,0,20,TCP1
0,0.8167157374149727,0.525,0.15,0,20,MRPL18
0,0.6986879587022503,0.576,0.209,0,20,AHSA1
0,0.6948653984414297,0.394,0.097,0,20,DNAJA4
0,0.6827502953159486,0.518,0.154,0,20,DEDD2
0,0.5258199221754972,0.386,0.095,0,20,DNAJB4
0,0.5255623818930366,0.375,0.11,0,20,FKBP4
5.5272069974976694e-306,0.9938951043046853,0.919,0.74,1.6777284120204426e-301,20,HSPA8
2.954906591705731e-293,0.9152048751981992,0.95,0.812,8.969323468463575e-289,20,UBB
4.3654092061894336e-263,1.2355543627532781,0.368,0.12,1.3250763104467408e-258,20,IFNG
1.4637654151997424e-258,0.7248021309137134,0.602,0.276,4.443113541297298e-254,20,HSPB1
4.9468272444260045e-239,0.572867347212283,0.563,0.266,1.5015599417730694e-234,20,TAF7
1.8766067393502515e-218,0.7269495130705317,0.894,0.593,5.6962520966237535e-214,20,CCL5
2.6390658634178407e-195,0.5156279575523589,0.462,0.205,8.010620521818514e-191,20,NABP1
4.527305017309837e-153,0.3812572284156427,0.273,0.099,1.3742181649542278e-148,20,TNFSF14
1.2615217314277886e-150,0.3371374511567867,0.352,0.148,3.8292230635759094e-146,20,STIP1
7.335883193402966e-141,0.5521954340199519,0.623,0.389,2.2267339845255364e-136,20,SOD1
9.572192524304756e-131,0.29616745189213795,0.294,0.12,2.9055433188274656e-126,20,HSPA4
1.8957107051498314e-126,0.4186315658694253,0.604,0.334,5.754240274411798e-122,20,GZMK
4.424442016195019e-110,0.3843378689857652,0.351,0.168,1.342995129595836e-105,20,SLC5A3
1.0717442639126725e-107,0.8421088542493542,0.789,0.67,3.253172538680526e-103,20,JUN
1.1943182881662884e-107,0.34862029988632615,0.44,0.238,3.625233731899952e-103,20,CCT4
7.552941262594731e-106,0.4170153066861524,0.836,0.692,2.2926197908480045e-101,20,HNRNPA2B1
8.56582909014045e-106,0.3020606616721073,0.39,0.2,2.600071762021232e-101,20,CCT3
1.6449084561710205e-101,0.2921288696751416,1,0.993,4.992955127861515e-97,20,MALAT1
5.071273075835777e-96,0.3748419805387021,0.394,0.212,1.5393342294391917e-91,20,DOK2
1.8503457486685698e-90,0.4126244621594245,0.662,0.461,5.6165394855085766e-86,20,DNAJB6
1.076442116457739e-87,0.26640279540373857,0.363,0.19,3.2674324002958208e-83,20,NUDC
2.626942618484055e-87,0.3989320271145773,0.466,0.275,7.9738216241465e-83,20,TSPYL2
2.321624700535716e-84,0.2810663372682507,0.999,0.991,7.047059616006112e-80,20,RPS3
1.549612907393419e-82,0.4062131399701072,0.654,0.46,4.703695019101984e-78,20,PPP1R15A
3.6329554045392074e-79,0.33657392249823936,0.909,0.853,1.102747283493831e-74,20,DDX5
2.1397825127164027e-77,0.4103910543735909,0.587,0.415,6.495095839099369e-73,20,PTGES3
2.3842181821434942e-76,0.3586330838309657,0.721,0.5,7.237055870078362e-72,20,IL32
2.3337231699190065e-74,0.33426738621598684,0.58,0.398,7.083783309972153e-70,20,CLK1
1.7201522093788498e-73,0.3282074432180917,0.38,0.214,5.22135001634856e-69,20,NR4A1
1.812277912291826e-72,0.4028879750114396,0.541,0.357,5.500988374970609e-68,20,ZNF331
2.7266627573028107e-71,0.3876632774270099,0.461,0.285,8.276512133516952e-67,20,RGS2
1.4831254587737804e-67,0.29399599546488553,0.486,0.31,4.501879017561933e-63,20,TRA2B
1.587768934557868e-60,0.27291626382860806,0.278,0.15,4.819513823956953e-56,20,GABPB1-AS1
5.885161172105244e-58,0.2936484589351002,0.358,0.215,1.7863818221808257e-53,20,NEU1
2.7313395425238875e-40,0.26081230600001126,0.576,0.441,8.290708047377008e-36,20,GPBP1
9.580092481909458e-36,0.2611760404028021,0.359,0.247,2.9079412719587968e-31,20,TAGAP
3.9781580167604165e-34,0.2959929660326548,0.569,0.454,1.2075300844074569e-29,20,HNRNPU
5.659834527773981e-30,0.26848297364761653,0.576,0.464,1.717986172560514e-25,20,DYNLL1
8.9404910595648e-23,0.26112163911163666,0.5,0.395,2.7137966562202994e-18,20,KLRB1
3.709736397370908e-15,0.2981085215863415,0.294,0.227,1.1260533860579655e-10,20,PLIN2
2.302395010414558e-8,0.31473125734424023,0.504,0.455,6.988689814612349e-4,20,CD69
0,1.8670266318958286,0.988,0.482,0,21,RGS1
0,1.836973996125829,0.925,0.092,0,21,IGFBP7
0,1.5439150168542937,0.938,0.03,0,21,IGHG4
0,1.3373281467655693,0.909,0.089,0,21,CXCL2
0,1.3311042938506237,0.897,0.386,0,21,DCN
0,1.2831258347671906,0.939,0.548,0,21,CALM2
0,1.268667648174649,0.927,0.288,0,21,TIMP1
0,1.1338519281295083,0.995,0.707,0,21,FOS
0,1.1259944707050653,0.953,0.715,0,21,ITM2B
0,1.0807476220517582,0.8,0.195,0,21,COL1A2
0,1.0783658199899975,0.998,0.931,0,21,RPL7
0,1.0614601721585106,0.803,0.227,0,21,IFITM3
0,1.0114152710578597,0.992,0.786,0,21,BTG1
0,0.9682210180995021,0.708,0.197,0,21,LAPTM4A
0,0.9641247824325374,0.993,0.784,0,21,ZFP36
0,0.9326325857107995,0.946,0.516,0,21,DUSP1
0,0.9238721222547487,0.649,0.091,0,21,SPARC
0,0.9119374318411928,0.619,0.032,0,21,CCL2
0,0.8904078004750287,0.967,0.524,0,21,NFKBIA
0,0.8579050336473062,0.652,0.149,0,21,MORF4L2
0,0.846807095347563,0.697,0.207,0,21,SNX3
0,0.8447592617210792,0.608,0.065,0,21,TSC22D1
0,0.8413444250836203,0.778,0.299,0,21,EGR1
0,0.8377386936829088,0.567,0.032,0,21,C7
0,0.8365460639587087,0.663,0.105,0,21,TAGLN
0,0.8287929669978327,0.979,0.74,0,21,JUNB
0,0.8244259331518531,0.638,0.182,0,21,COL3A1
0,0.8085942778718664,0.52,0.016,0,21,TM4SF1
0,0.7998582622669752,0.942,0.589,0,21,PFN1
0,0.7901390075847283,0.954,0.526,0,21,SAT1
0,0.752620313890334,0.893,0.449,0,21,ID2
0,0.7478461329388293,0.858,0.542,0,21,EIF4A2
0,0.7355984739533574,0.994,0.736,0,21,CXCR4
0,0.7283664428220249,0.502,0.028,0,21,CYR61
0,0.725615428299106,0.5,0.022,0,21,CTGF
0,0.7224396784201508,0.989,0.721,0,21,TSC22D3
0,0.721000107509451,0.628,0.229,0,21,COL1A1
0,0.7197215059657405,0.467,0.029,0,21,SERPINE2
0,0.7067397000319341,0.486,0.034,0,21,C1S
0,0.7060776970553055,0.846,0.471,0,21,PNRC1
0,0.7050975861829734,0.502,0.045,0,21,C3
0,0.6899312029772056,0.966,0.798,0,21,RPL31
0,0.6834121158890395,0.776,0.441,0,21,CIRBP
0,0.6777077150740398,0.533,0.078,0,21,RHOB
0,0.661994525520587,0.997,0.862,0,21,SRGN
0,0.6513025192608599,0.48,0.062,0,21,TIMP2
0,0.6467607695159299,0.54,0.123,0,21,SPARCL1
0,0.6429934636564644,0.456,0.042,0,21,RARRES2
0,0.6357324037955524,0.434,0.04,0,21,APP
0,0.6320341189419157,0.447,0.036,0,21,SERPING1
0,0.6282593358987447,0.77,0.319,0,21,MGP
0,0.6240387525132092,1,0.988,0,21,RPL13A
0,0.6105773822267937,0.456,0.059,0,21,IGFBP4
0,0.6077671551555546,0.422,0.03,0,21,TCEAL9
0,0.6070218378233749,0.441,0.039,0,21,C1R
0,0.5982671489896013,0.497,0.069,0,21,SFRP4
0,0.5981777634934011,0.536,0.125,0,21,SOCS3
0,0.5949944882810811,1,1,0,21,B2M
0,0.581836014402301,0.514,0.123,0,21,CITED2
0,0.5803734023987444,0.557,0.173,0,21,RAC1
0,0.5780462166940525,0.56,0.182,0,21,DSTN
0,0.5752439574562951,0.429,0.046,0,21,MYL9
0,0.5744165291930113,0.446,0.058,0,21,ACTA2
0,0.56868754143681,0.532,0.116,0,21,STMN1
0,0.5680346603138472,0.702,0.275,0,21,HSPB1
0,0.5610658622014895,0.54,0.165,0,21,LUM
0,0.5578484439313598,0.771,0.343,0,21,RPS17
0,0.5534699345257932,0.714,0.061,0,21,CXCL3
0,0.5507081603265878,0.595,0.217,0,21,ZFAND5
0,0.5445210933075668,0.491,0.122,0,21,CALD1
0,0.5336388801650842,0.59,0.169,0,21,NPC2
0,0.5230466492496644,0.455,0.054,0,21,SELENOP
0,0.52065046128752,0.963,0.42,0,21,CD74
0,0.5162275910362473,0.429,0.076,0,21,GSN
0,0.5126944925890102,0.524,0.188,0,21,FKBP1A
0,0.5122382640174764,0.37,0.034,0,21,BEX3
0,0.5052919958548486,0.414,0.06,0,21,KLF4
0,0.5008849142696915,0.367,0.026,0,21,HES1
0,0.49557647852674774,0.35,0.021,0,21,PLA2G2A
0,0.4890643867790452,0.353,0.025,0,21,CFH
0,0.48835291451265583,0.46,0.048,0,21,APOE
0,0.4769069477698735,0.665,0.12,0,21,CCL3L1
0,0.4755200878903605,0.351,0.026,0,21,FN1
0,0.4749750549087327,0.732,0.319,0,21,GADD45B
0,0.4745563739095821,0.5,0.161,0,21,TUBB
0,0.46857496936229226,0.881,0.217,0,21,CCL4L2
0,0.4675848275633334,0.367,0.05,0,21,SERPINF1
0,0.46392745584118233,0.342,0.036,0,21,EMP1
0,0.46318829705348585,0.402,0.073,0,21,TCEAL4
0,0.4608568310459593,0.419,0.088,0,21,ID3
0,0.4580730530462135,0.344,0.035,0,21,MDK
0,0.4502055759298702,0.327,0.033,0,21,CAV1
0,0.4449024259315786,0.373,0.066,0,21,TPM2
0,0.44283978466652746,0.527,0.153,0,21,CEBPD
0,0.441989772273083,0.84,0.053,0,21,IGHG1
0,0.43864680332763806,0.338,0.025,0,21,MEG3
0,0.43713700288071755,0.389,0.082,0,21,PTMS
0,0.4311880620617469,0.32,0.031,0,21,GNG11
0,0.4248809832304476,0.3,0.016,0,21,EFEMP1
0,0.4140858831165781,0.569,0.188,0,21,CEBPB
0,0.41381814336407163,0.31,0.028,0,21,OGN
0,0.4106094796691996,0.284,0.017,0,21,GPX3
0,0.40782782832426556,0.614,0.217,0,21,PSAP
0,0.40769739122470366,0.324,0.036,0,21,IFI27
0,0.4061309615698774,0.363,0.069,0,21,MYC
0,0.4037433649762146,0.317,0.045,0,21,RBP1
0,0.40302582259433045,0.28,0.015,0,21,DEPP1
0,0.40218247893893594,0.278,0.018,0,21,FHL2
0,0.4018350299846195,0.359,0.089,0,21,CD59
0,0.392289419076842,0.308,0.033,0,21,NNMT
0,0.388606723928725,0.305,0.032,0,21,IGFBP3
0,0.3779635016451182,0.365,0.077,0,21,IGFBP5
0,0.37405903931456375,0.927,0.129,0,21,CXCL8
0,0.3703007268490236,0.263,0.015,0,21,LHFPL6
0,0.3688056941017969,0.314,0.04,0,21,C11orf96
0,0.36639590542760264,0.272,0.025,0,21,HTRA1
0,0.36534035987291896,0.299,0.059,0,21,SNHG25
0,0.36053008161153904,0.266,0.023,0,21,CNN3
0,0.35433262920621206,0.322,0.077,0,21,KLF10
0,0.35304800912239226,0.396,0.101,0,21,SGK1
0,0.3284707645475452,0.255,0.036,0,21,COL6A1
0,0.31659303156014895,0.252,0.026,0,21,PDK4
0,0.3141978843835226,0.268,0.051,0,21,NBL1
0,0.29707908128472593,0.815,0.25,0,21,CST3
0,0.2926413288611674,0.334,0.014,0,21,SPP1
0,0.2680838490828875,0.689,0.032,0,21,JCHAIN
0,0.2661564071924727,0.595,0.04,0,21,IGHA1
0,0.2542460564331477,0.809,0.172,0,21,CCL3
1.6134148661475796e-305,0.32477098655143555,0.307,0.078,4.897359484704363e-301,21,YWHAH
5.830455603375485e-305,0.5185018960895473,0.658,0.285,1.769776493848595e-300,21,ALOX5AP
2.2826882251551027e-304,0.4703354120630678,0.496,0.181,6.928871838635799e-300,21,SRP9
1.0590986780265235e-300,0.5559417315355741,0.752,0.375,3.2147881272817094e-296,21,IER2
1.3266894505660284e-293,0.5205591220060144,0.55,0.221,4.0270331582481224e-289,21,YWHAQ
1.1919145567958432e-292,0.28389132021293084,0.298,0.074,3.617937445698103e-288,21,CD9
3.0088482540862727e-292,0.39183449478989657,0.363,0.108,9.133057990453472e-288,21,AP3S1
1.7179578732094617e-289,0.426975163069217,0.548,0.205,5.2146893283399996e-285,21,PHLDA1
8.597561906968041e-283,0.5901482812443999,0.96,0.809,2.6097039412410792e-278,21,MYL6
2.3507761159700897e-282,0.6404444076824514,0.829,0.531,7.13554582241561e-278,21,SKP1
1.0802172200542795e-278,0.6290855116218288,0.79,0.459,3.2788913497527603e-274,21,HNRNPDL
1.2648444409441828e-277,0.5989692400202912,0.792,0.439,3.8393088160419725e-273,21,SRSF2
3.924612139772161e-276,0.33419428204304946,0.745,0.328,1.1912767689064417e-271,21,RGCC
1.7766756539788932e-273,0.5684187136981915,0.607,0.283,5.3929212800875325e-269,21,TMEM59
2.450199909396741e-271,0.49511119400218884,0.662,0.303,7.437336804982868e-267,21,HMGB2
2.532556049331252e-266,0.3696860609132415,0.768,0.36,7.687320632140082e-262,21,DUSP2
1.0117806691043048e-264,0.38277054776693564,1,0.996,3.071159042999207e-260,21,TMSB4X
1.0749654576056615e-263,0.3601472736286194,0.363,0.113,3.262950150016225e-259,21,SELENOM
1.5125535432153247e-263,0.5921194623105226,0.684,0.359,4.5912050250757966e-259,21,MORF4L1
1.0255062305519588e-259,0.5608513509654499,0.751,0.4,3.112821612217416e-255,21,SDCBP
2.5969260623965096e-254,0.3888682067867437,0.999,0.945,7.882709369798365e-250,21,ACTB
4.3474464561691706e-253,0.5208279854565631,0.776,0.405,1.31962389730559e-248,21,IFITM2
5.099233827312848e-243,0.5546992600402072,0.768,0.429,1.547821435942542e-238,21,TAGLN2
3.233789924592883e-242,0.38437737463030597,0.697,0.322,9.815845937109237e-238,21,ATP1B3
1.2648666634423792e-237,0.2545530698198658,0.28,0.076,3.839376270212998e-233,21,ICAM1
4.516546477794754e-237,0.3489474390465672,0.369,0.124,1.3709525178698196e-232,21,RAB1A
8.802917325033084e-237,0.36434036364813027,0.377,0.129,2.6720375248405424e-232,21,HMGN3
1.2289099760970236e-235,0.47693665595192036,0.8,0.472,3.7302333414449054e-231,21,CD63
4.056582729966802e-235,0.3044877843066961,0.297,0.087,1.231335121854123e-230,21,PLSCR1
3.5029911142868895e-227,0.2573683126886409,0.257,0.069,1.0632979228306425e-222,21,TIFA
2.734132677071916e-225,0.5354927789410047,0.707,0.396,8.2991863279840935e-221,21,CLK1
5.392615180631436e-225,0.542143927375315,0.773,0.463,1.636874411928866e-220,21,UBE2D3
6.3799364379794186e-223,0.41681216219340533,0.493,0.206,1.9365659063842727e-218,21,EID1
4.003167075985928e-220,0.30335408191838525,0.306,0.094,1.2151213342447684e-215,21,MARCKSL1
1.2176642906680868e-219,0.3883025565829137,0.573,0.252,3.696098187893911e-215,21,ITM2A
2.479216484898226e-219,0.30866897470853916,0.316,0.101,7.525413718260075e-215,21,ESD
9.706499938924069e-219,0.44333425632974016,0.506,0.223,2.946310991461012e-214,21,PSMA1
2.1883067743853703e-218,0.2554443527671302,0.25,0.068,6.642386382969353e-214,21,FAM3C
2.729174193967647e-217,0.47192336536294743,0.612,0.305,8.284135348369396e-213,21,RSL24D1
1.225902374048344e-216,0.422273539169967,0.509,0.221,3.721104066186344e-212,21,ARF4
1.6703869169622908e-215,0.3830871447028734,0.419,0.162,5.070292447747338e-211,21,RHEB
3.0227612039698685e-215,0.5418667846550187,0.752,0.466,9.17528935853014e-211,21,SUMO2
3.6373960728679174e-215,0.2600248484489457,0.569,0.244,1.1040952039583277e-210,21,NAMPT
1.1670073887218762e-214,0.35052694117787153,0.76,0.388,3.542334227726383e-210,21,GPR183
1.7361422194513658e-212,0.26195575453298114,0.336,0.108,5.269886092922676e-208,21,FCGRT
3.6483744231767235e-212,0.2923367178098295,0.457,0.176,1.1074275724110627e-207,21,GLUL
3.137914922899846e-209,0.5570448846362906,0.736,0.458,9.524826956970191e-205,21,EIF3E
2.4715915833556742e-207,0.4058694367105869,0.447,0.185,7.502269092117814e-203,21,C6orf48
6.312005207362024e-205,0.506743774176251,0.72,0.419,1.9159460606426688e-200,21,NAP1L1
1.0822171984943383e-203,0.38077980209471296,0.609,0.292,3.2849620843097147e-199,21,TUBA1B
3.3965023142736504e-203,0.2947995946830845,0.305,0.099,1.0309743124746238e-198,21,MTHFD2
3.4141523504617616e-203,0.4941706755343107,0.88,0.597,1.0363318044591631e-198,21,SARAF
2.575712576858035e-200,0.4251309440510198,0.996,0.94,7.8183179557948795e-196,21,HLA-A
8.374575028864604e-196,0.30463937039162836,0.325,0.112,2.542018504261562e-191,21,SYPL1
9.587559420072398e-194,0.4658080785141363,0.89,0.588,2.9102077863687755e-189,21,MCL1
3.437126743643168e-193,0.4371287940349632,0.561,0.278,1.0433054517654471e-188,21,VAPA
3.200455036613607e-188,0.2830712648406815,0.451,0.181,9.714661218136943e-184,21,LDLRAD4
5.028373302455262e-188,0.2649949597353344,0.61,0.282,1.5263124322272703e-183,21,RGS2
1.1597684554326986e-186,0.44151857815509266,0.782,0.456,3.5203611696204136e-182,21,LDHA
1.9543115432638182e-186,0.5130886492229363,0.887,0.711,5.932117258422994e-182,21,HNRNPA1
3.841765193630456e-184,0.32369151870257196,0.414,0.166,1.1661294068745885e-179,21,CTNNB1
3.991514117338343e-183,0.3894715734136265,0.615,0.313,1.2115841951768807e-178,21,HMGN2
1.4691984864387242e-181,0.27013155209698525,0.276,0.09,4.459605085736104e-177,21,UBE2D1
1.9156905852186712e-178,0.3467952602751138,0.394,0.161,5.814887202372754e-174,21,TMED2
2.3901392855586296e-178,0.4461416026774485,0.965,0.89,7.255028787384664e-174,21,RPLP0
2.4173018752315307e-175,0.47235728168700897,0.906,0.779,7.337478112077788e-171,21,NPM1
2.812939338414787e-174,0.3549078899217726,0.544,0.26,8.538396067824245e-170,21,CHMP1B
5.4952941089837745e-174,0.39465976557163135,0.534,0.259,1.6680415738409348e-169,21,ST13
8.141346395582703e-173,0.47998085877289254,0.704,0.426,2.471224284915174e-168,21,HNRNPH1
5.105938631210441e-172,0.35217722471937,0.445,0.195,1.5498566121176171e-167,21,RTN4
2.5658163975226207e-171,0.2845430948287099,0.328,0.121,7.788279093040162e-167,21,C12orf75
2.472596733038492e-167,0.3253761805258355,0.999,0.99,7.505320123465039e-163,21,RPS6
6.479150391485228e-166,0.304089807407663,0.323,0.122,1.966681309831426e-161,21,PYURF
7.508938569196852e-164,0.28325932881098415,0.324,0.122,2.2792632132940124e-159,21,DUT
3.678419429990423e-163,0.2980339834580439,0.353,0.139,1.1165474337792929e-158,21,RHOC
8.458981304280625e-163,0.30473753739702275,0.442,0.191,2.567639185101341e-158,21,CDKN1A
1.3950663050266463e-162,0.3302851741733066,0.424,0.186,4.234584262277882e-158,21,PRDX5
4.651447620474934e-162,0.39406024333011636,0.665,0.383,1.4119004107189615e-157,21,CYCS
3.3173237620908535e-160,0.2727073982972561,0.315,0.117,1.0069404547450576e-155,21,IL6ST
2.7185289356412827e-159,0.3487621035012523,0.461,0.214,8.25182273124555e-155,21,WTAP
9.91389621485283e-159,0.3966337903763182,0.989,0.898,3.0092640570564283e-154,21,HLA-C
2.854870172510899e-158,0.3207620475828395,0.398,0.171,8.665672921639583e-154,21,PRKAR1A
1.0920728878150955e-156,0.36000960114503644,0.666,0.375,3.314878043673941e-152,21,H2AFZ
5.454614286525621e-156,0.29661973402755626,0.993,0.949,1.655693620531987e-151,21,H3F3B
1.0745364531076187e-155,0.4224671189774494,0.683,0.413,3.261647949762866e-151,21,PTGES3
2.2831383205809977e-155,0.4020187951423122,0.602,0.332,6.93023805829156e-151,21,HMGN1
1.0163992067683518e-153,0.3182353617907393,0.721,0.403,3.085178152224655e-149,21,DDIT4
6.053687593652738e-152,0.37242744588212107,0.998,0.967,1.8375363321773522e-147,21,HLA-B
2.091771972358636e-151,0.4486657615847167,0.883,0.708,6.349364644897404e-147,21,RPL4
2.8509086339788594e-149,0.33953500301092193,0.409,0.187,8.65364806757943e-145,21,ARPP19
4.821676413708219e-149,0.322038530845818,0.376,0.163,1.4635716586169926e-144,21,SCP2
4.822350300565315e-149,0.2865052618908003,0.349,0.143,1.4637762102335957e-144,21,PTP4A1
5.25078590584349e-149,0.3159312978659487,0.457,0.213,1.593823553859733e-144,21,ARL6IP1
7.053630292507645e-149,0.26166647382999236,0.283,0.104,2.1410589389877705e-144,21,CNIH1
7.900245781596671e-147,0.31196027754221956,0.473,0.224,2.3980406045458534e-142,21,ANXA5
9.915980020515021e-147,0.2992645967546569,0.47,0.222,3.0098965754271293e-142,21,SERPINB9
1.4108059773564864e-145,0.36047304330208335,0.505,0.26,4.282360463667879e-141,21,TMEM50A
1.5103464774828662e-144,0.2814552796522392,0.325,0.131,4.584505697751492e-140,21,RAB11A
3.201888153721732e-144,0.29036458775110785,0.409,0.183,9.719011301806945e-140,21,PRNP
5.553825603403489e-142,0.30507880369092066,0.392,0.175,1.6858082236570952e-137,21,TGIF1
9.506976402168584e-142,0.2918563675490169,0.342,0.144,2.885747617114252e-137,21,CMPK1
2.1029162914067044e-141,0.2644904070597094,0.85,0.627,6.38319211093591e-137,21,LGALS1
1.1912782826692125e-140,0.33742707327958815,0.431,0.208,3.616006099214128e-136,21,SELENOT
9.077077314014613e-140,0.3025991364673562,0.376,0.167,2.7552560478959955e-135,21,ATP6AP2
5.200925509895545e-138,0.4137924875741641,0.798,0.547,1.5786889292736937e-133,21,SUB1
1.9577371855454788e-137,0.35100613374920275,0.533,0.282,5.9425154530047465e-133,21,TPI1
2.4530578687077917e-137,0.33933097833537523,0.467,0.235,7.446011854675632e-133,21,GABARAPL2
1.781015056926483e-133,0.2946152192887309,0.438,0.206,5.406093103794646e-129,21,BHLHE40
4.8274772618979825e-133,0.3023799391696479,0.436,0.21,1.4653324480765135e-128,21,BST2
9.425022295981351e-131,0.38594411616308566,0.6,0.358,2.8608712677221794e-126,21,ATP6V1G1
3.8143852870210595e-127,0.3992468800953569,0.771,0.522,1.1578185100223724e-122,21,MYL12B
1.2164845039412205e-126,0.31597982764577937,0.424,0.209,3.692517063263181e-122,21,SELENOF
1.4974930353941058e-126,0.30155387369374986,0.405,0.194,4.545490359635269e-122,21,ERH
1.7463685144355037e-124,0.38603545244791593,0.623,0.381,5.300926988717528e-120,21,RAP1B
4.759860776699753e-124,0.2815518370325089,0.478,0.239,1.444808140159443e-119,21,SLC38A2
7.526112352956042e-124,0.2668884988198368,1,0.996,2.284476143616277e-119,21,RPS4X
1.0482756289050891e-121,0.30718766316627316,0.453,0.231,3.1819358439785075e-117,21,POLR2K
1.2020089503570994e-121,0.27963724239978516,0.344,0.155,3.6485779679139394e-117,21,OCIAD1
4.688607792745369e-120,0.30684737910872945,0.476,0.247,1.4231800094099292e-115,21,RPS27L
9.909122886298855e-119,0.2640324121057547,1,0.992,3.0078151609071543e-114,21,RPL21
7.268835913412625e-117,0.3177830174024141,0.733,0.458,2.206382453157268e-112,21,YPEL5
7.948604745296697e-116,0.29281854789872935,0.461,0.239,2.4127194843873594e-111,21,TERF2IP
3.0885785614457e-114,0.31319322338267,0.444,0.232,9.375071365412278e-110,21,CUTA
4.646382702059973e-114,0.2834855174964752,0.996,0.984,1.410363005383284e-109,21,RPL8
9.152718053868488e-113,0.27362643449660873,0.365,0.174,2.7782160380712408e-108,21,PCNP
2.920854739799895e-112,0.2787138129316891,0.377,0.183,8.865962477188601e-108,21,OSTC
1.4846994531595325e-111,0.3301260644280417,0.839,0.606,4.5066567201204447e-107,21,MYL12A
1.4978917777926558e-111,0.325897868153045,0.523,0.296,4.5467007023118275e-107,21,POMP
6.985473543287736e-111,0.2713875762089865,0.354,0.167,2.1203706393295593e-106,21,CAPZA2
8.782409673440671e-109,0.25804776659080575,0.337,0.156,2.6658126322761814e-104,21,TMEM230
1.2815660557673668e-106,0.31805145909712296,0.466,0.255,3.890065605676265e-102,21,ATP5MC3
2.259066889031446e-106,0.28220319323867993,0.381,0.191,6.857171634966052e-102,21,COX7A2L
3.2937961617979935e-106,0.28542524260666946,0.703,0.432,9.99798886952163e-102,21,SAMSN1
5.803697949633333e-103,0.2594273004530258,0.415,0.214,1.761654475631702e-98,21,EIF1B
1.8841401143287092e-102,0.2721418184219132,0.429,0.223,5.719118903033364e-98,21,LY6E
2.2483891719975163e-102,0.258895730543055,0.345,0.166,6.824760492681261e-98,21,PPP2CA
3.7481106357481325e-102,0.33046085177720275,0.6,0.375,1.1377015023749881e-97,21,EIF4G2
1.9842920408145907e-101,0.319808389776126,0.656,0.42,6.023120060688608e-97,21,PPP1CB
1.4544798514407981e-100,0.30873644736200245,0.473,0.268,4.4149281410633984e-96,21,SPCS1
1.5653255050818644e-100,0.3172692667646615,0.514,0.302,4.751389038125491e-96,21,HNRNPF
2.5568697909290606e-99,0.26607903783434583,0.6,0.356,7.761122563386071e-95,21,HERPUD1
1.2463653976311955e-96,0.29283879492753095,0.714,0.459,3.783217527969731e-92,21,LEPROTL1
5.958025917435533e-96,0.257423390130067,0.655,0.401,1.8084991869783818e-91,21,ISG20
1.2048552049886792e-95,0.2648703839103181,0.418,0.222,3.657217489222637e-91,21,YWHAE
2.758377390673533e-91,0.27716634465463164,0.46,0.262,8.372778731650441e-87,21,NEDD8
8.209187247397933e-91,0.307831157645592,0.707,0.486,2.4918166970751686e-86,21,SRSF3
1.5880522975970963e-89,0.2782284607759075,0.396,0.215,4.820373944126226e-85,21,BRK1
3.423762726334111e-89,0.2618522568619749,0.522,0.305,1.039248937951456e-84,21,STK17A
4.4839508569383726e-89,0.2514117454030381,0.379,0.2,1.3610584431150736e-84,21,PPA1
6.390181078573256e-89,0.3285691001760739,0.602,0.398,1.9396755645901262e-84,21,RHOA
1.3799550751630878e-87,0.26667564194851384,0.404,0.223,4.1887156351500364e-83,21,RAP1A
2.199359555406075e-86,0.2645258933045553,0.399,0.218,6.6759359944796e-82,21,ATP5PO
4.178481606857875e-86,0.2692708046314526,0.49,0.286,1.2683363069456394e-81,21,GYPC
1.687629897053661e-83,0.2590104959248539,0.489,0.288,5.122631789516683e-79,21,LDHB
1.727910879009428e-83,0.2938291789485695,0.546,0.347,5.2449006821452174e-79,21,ATP6V0E1
1.9614754759669967e-83,0.2769923180317073,0.481,0.286,5.953862659750221e-79,21,C11orf58
8.370271753829829e-83,0.3276430943780281,0.688,0.498,2.5407122881575064e-78,21,ATP5MC2
9.816347519296809e-83,0.25341317619054793,0.61,0.389,2.9796541260073533e-78,21,SOD1
2.791980945000864e-82,0.26519755500726977,0.422,0.24,8.474778960455623e-78,21,VAMP2
7.410338488111751e-78,0.3031033614597257,0.531,0.344,2.249334144681441e-73,21,CNBP
1.1576715006462135e-74,0.2763364599194565,0.473,0.291,3.513996073061517e-70,21,PCBP1
1.0022008364019285e-73,0.2887405742232113,0.629,0.435,3.0420804188144137e-69,21,HNRNPK
4.046237511299438e-73,0.25791089687291247,0.46,0.279,1.2281949341798314e-68,21,SPCS2
5.997000368510922e-73,0.2509823627542072,0.462,0.278,1.8203294918578054e-68,21,ATF4
1.0122518994114185e-72,0.2555607185046548,0.594,0.385,3.0725894154734198e-68,21,YBX1
3.2554176739579784e-71,0.3032452790654183,0.777,0.634,9.881494807532047e-67,21,SRP14
8.759802039258143e-69,0.2887863689749707,0.582,0.396,2.658950310996417e-64,21,RAN
4.31717700950487e-67,0.2541653456216466,0.508,0.325,1.3104359094651083e-62,21,TRMT112
2.777347108507836e-62,0.262322461838972,0.547,0.372,8.430359413164686e-58,21,SSR2
1.1262176104878174e-61,0.25502328543337305,0.561,0.382,3.418520934874721e-57,21,UBE2B
3.189756889847261e-57,0.26346365470735456,0.763,0.631,9.682188063442376e-53,21,EEF2
0,5.34772526720656,0.999,0.344,0,22,HBB
0,4.851021107896881,1,0.306,0,22,HBA2
0,4.319109511677638,0.992,0.191,0,22,HBA1
0,0.50194529239202,0.377,0.09,0,22,SLC25A37
7.760776665321272e-65,0.6352299859076229,0.428,0.269,2.3557061489916188e-60,22,HLA-DRB1
3.3082390425644176e-59,0.6247109808937672,0.43,0.278,1.0041828789800034e-54,22,HLA-DPA1
4.722146595267896e-59,0.6518602702210605,0.44,0.29,1.4333603775276173e-54,22,HLA-DPB1
2.802384900884856e-51,0.3790690441322704,0.65,0.526,8.506359128145893e-47,22,MT-ND4L
1.4963595645064322e-49,0.5005286450688509,0.414,0.274,4.542049822102824e-45,22,HLA-DRA
1.0565647958530778e-43,0.468621647526547,0.251,0.14,3.207096781332432e-39,22,LYZ
1.5054555397046397e-39,0.8256244620505029,0.366,0.258,4.5696597452194634e-35,22,CST3
2.7199089437689418e-39,0.2919539823030137,0.269,0.16,8.256011607916246e-35,22,HLA-DQB1
4.312316205985022e-36,0.4893429111514447,0.54,0.428,1.3089604611646936e-31,22,CD74
2.2808453339320996e-31,0.6083772764310686,0.963,0.948,6.923277926617495e-27,22,FTL
5.832543474864953e-7,0.290415088241749,0.365,0.326,0.017704102463605077,22,MGP
8.327253767801223e-6,0.43002599254196805,0.262,0.228,0.25276546086783835,22,CCL4L2
0,8.69183520014298,0.777,0.185,0,23,IGKC
0,7.764453978755161,0.428,0.077,0,23,IGLC2
0,7.316647327521413,0.283,0.045,0,23,IGLC3
0,6.948082706954406,0.701,0.057,0,23,IGHG1
0,6.5717469516895335,0.324,0.045,0,23,IGHA1
0,5.769222229234186,0.763,0.032,0,23,JCHAIN
0,5.492223127241012,0.455,0.023,0,23,IGHG3
0,5.168740839733005,0.443,0.039,0,23,IGHG4
0,4.603548745343895,0.273,0.013,0,23,IGHG2
0,2.5154075678522068,0.69,0.025,0,23,MZB1
0,2.1484928819453715,0.825,0.453,0,23,SSR4
0,1.3314258248189224,0.524,0.006,0,23,DERL3
0,1.0059997942467604,0.547,0.127,0,23,SEC11C
0,0.908386253000099,0.521,0.036,0,23,PRDX4
0,0.8580936289789866,0.55,0.16,0,23,FKBP11
0,0.7229184307730421,0.492,0.125,0,23,FKBP2
0,0.60631406543767,0.337,0.033,0,23,CD79A
0,0.5861061623908617,0.344,0.006,0,23,FCRL5
0,0.46320323460191143,0.38,0.103,0,23,SDF2L1
8.576127202034287e-304,0.9993572904828876,0.554,0.228,2.6031976509054876e-299,23,XBP1
3.199714990532623e-213,0.4396111008010105,0.481,0.193,9.712414882262724e-209,23,SSR3
2.743274963451224e-190,0.8022934480042061,0.633,0.356,8.326936824059845e-186,23,HERPUD1
6.436525452676134e-179,0.4416773591324638,0.363,0.133,1.9537429359053138e-174,23,ITM2C
8.39385237005574e-136,0.5669981165660308,0.573,0.318,2.5478699484067193e-131,23,HSP90B1
1.8388599934903915e-134,0.4293448636191524,0.537,0.285,5.581675624240734e-130,23,TMEM59
2.4935336705642773e-132,0.40051533487089874,0.528,0.279,7.568872103630807e-128,23,SPCS2
7.32992475310175e-125,0.3197834808698945,0.294,0.115,2.2249253595565053e-120,23,SELENOM
1.3757021865000214e-119,0.35974541158992995,0.408,0.194,4.175806416902165e-115,23,SPCS3
8.201965294142907e-82,0.713850796119232,0.262,0.126,2.4896245453841378e-77,23,CALD1
7.870943890606279e-80,0.3285381217395648,0.458,0.269,2.38914630855463e-75,23,SPCS1
5.3377983505912886e-76,0.486775867962876,0.741,0.613,1.6202353113384797e-71,23,CYBA
3.778567590828178e-65,0.26214365335632206,0.277,0.139,1.1469464065199852e-60,23,MYDGF
5.6627007650461835e-50,1.0333301275226117,0.32,0.204,1.7188561902221185e-45,23,COL1A2
1.9922413148818262e-45,0.3204895255457887,0.328,0.198,6.047249287192295e-41,23,ANKRD28
5.1512289078884016e-23,1.0522038146551753,0.308,0.235,1.5636040227004454e-18,23,COL1A1
2.2668128367920914e-22,0.7657183305844883,0.262,0.188,6.880683684798714e-18,23,COL3A1
3.0677855992348844e-21,0.2953190529495917,0.309,0.224,9.311956407917568e-17,23,CYTOR
3.360536843614878e-14,0.9284167597525125,0.368,0.326,1.02005735351086e-9,23,MGP
5.571635237678714e-13,0.9226441041629411,0.406,0.395,1.6912141600449968e-8,23,DCN
2.1699002082302383e-10,0.46949604148487123,0.347,0.307,6.586515092062065e-6,23,EGR1
1.340731249639603e-6,0.2818024234659543,0.326,0.281,0.040696556351560505,23,HSPB1
0,4.809700577397545,0.978,0.009,0,24,TPSB2
0,4.335950302340784,0.963,0.005,0,24,TPSAB1
0,2.6863247804111468,0.879,0.002,0,24,CPA3
0,2.3578186393659397,0.666,0.035,0,24,HPGD
0,2.2788957921412063,0.53,0.003,0,24,CTSG
0,2.1109779802274384,0.783,0.006,0,24,HPGDS
0,1.7986156421976975,0.734,0.001,0,24,MS4A2
0,1.6614292574987564,0.697,0.209,0,24,LGALS3
0,1.5632891988285058,1,0.957,0,24,FTH1
0,1.5318022181976447,0.705,0.174,0,24,GLUL
0,1.524720394394401,0.996,0.893,0,24,VIM
0,1.520260082405863,0.924,0.471,0,24,CD63
0,1.3638354483833717,0.975,0.772,0,24,S100A6
0,1.3467331265576776,0.542,0.004,0,24,GATA2
0,1.320247903886487,0.582,0.002,0,24,RHEX
0,1.300942666246664,0.65,0.07,0,24,CD9
0,1.2814416002144804,0.756,0.198,0,24,LAPTM4A
0,1.2715560569305908,0.6,0.006,0,24,IL1RL1
0,1.2527583725412774,0.554,0.001,0,24,HDC
0,1.1603772916117845,0.556,0.01,0,24,KIT
0,1.1350295084883137,0.577,0.051,0,24,CLU
0,1.0959272886504596,0.467,0.026,0,24,LTC4S
0,1.0492969988171095,0.643,0.161,0,24,CAPG
0,1.0492631424083143,0.665,0.266,0,24,PRDX1
0,1.0216180156824468,0.52,0.006,0,24,VWA5A
0,1.02054985428869,0.799,0.502,0,24,CLIC1
0,0.9576086154020146,0.488,0.001,0,24,SLC18A2
0,0.9444913026712279,0.669,0.253,0,24,CTSD
0,0.9283551596957569,0.638,0.227,0,24,PEBP1
0,0.8345697439146453,0.522,0.185,0,24,SERPINB1
0,0.8154816898446167,0.689,0.209,0,24,FCER1G
0,0.8051281528512721,0.437,0.007,0,24,RGS13
0,0.7565956995274103,0.403,0.035,0,24,TMEM176B
0,0.7469312082387578,0.317,0.071,0,24,TSC22D1
0,0.7372315028390497,0.322,0.05,0,24,PTGS2
0,0.7239726390333198,0.42,0.048,0,24,ACSL4
0,0.6990306055033877,0.517,0.136,0,24,ASAH1
0,0.6673305216456336,0.456,0.085,0,24,ARHGAP18
0,0.6507660984340637,0.424,0.109,0,24,BATF
0,0.5994425277880633,0.342,0.002,0,24,AL157895.1
0,0.5835430955311238,0.335,0.042,0,24,LEO1
0,0.5308126956711087,0.29,0.025,0,24,CPM
0,0.5189605507385208,0.283,0.029,0,24,DUSP14
0,0.5065221197391878,1,0.948,0,24,FTL
0,0.46429991023229933,0.33,0.07,0,24,CD82
0,0.4525755081524959,0.279,0.023,0,24,BTK
0,0.44180346410994015,0.274,0.006,0,24,MAOB
0,0.44171368037305975,0.273,0.012,0,24,RAB27B
0,0.42957656377159226,0.317,0.035,0,24,FCER1A
0,0.40408256451680896,0.268,0.03,0,24,BMP2K
0,0.3688128304121211,0.265,0.045,0,24,ANXA4
5.607050456141845e-303,1.6365540027267458,0.684,0.34,1.7019640954572955e-298,24,LMNA
8.09140095062149e-288,0.3624533298784837,0.253,0.05,2.456063844551647e-283,24,ADRB2
4.413184867682053e-277,0.5494979168513217,0.316,0.079,1.3395781347362104e-272,24,NSMCE1
5.3442566452610345e-276,0.4362382914247839,0.26,0.054,1.6221956621025345e-271,24,VEGFA
4.411440573003731e-264,0.8464484287869777,0.555,0.224,1.3390486715295525e-259,24,PLIN2
5.2258922298784e-244,1.0888847351752253,0.603,0.283,1.5862673274572894e-239,24,RGS2
4.3416133087075295e-237,0.729650692195624,0.615,0.287,1.3178533037250836e-232,24,ALOX5AP
1.5367207861577146e-235,0.7855047633924768,0.93,0.793,4.664562274303127e-231,24,RPL36AL
1.0179753945069952e-231,1.2556423248413573,0.52,0.23,3.089962512486533e-227,24,TUBA1A
1.2860923083170974e-231,1.1340506212492214,0.866,0.611,3.9038045926657176e-227,24,ANXA1
9.129559327509717e-219,0.5901462006048173,0.407,0.145,2.7711864382722996e-214,24,CDC42EP3
1.8588717053594522e-208,0.47408391702662067,0.303,0.088,5.642419174448081e-204,24,LMO4
1.2471480058807862e-198,0.5080071490172184,0.271,0.074,3.785593057050538e-194,24,DUSP6
2.6741884007288103e-191,0.33594163360611606,0.286,0.081,8.11723147157223e-187,24,SMIM3
1.617462772750636e-190,0.3590664296063814,0.274,0.077,4.90964650040728e-186,24,CPEB4
1.148186818040653e-184,0.3261756005943964,0.267,0.075,3.485206267480598e-180,24,CTNNBL1
2.3419320652897878e-179,0.3469067953884557,0.273,0.079,7.108700590980622e-175,24,DDAH2
1.4724560310708827e-175,0.5683268687024154,0.473,0.207,4.469493036712557e-171,24,BHLHE40
4.719406132124247e-174,0.9462162867176844,0.94,0.813,1.432528537344994e-169,24,UBB
4.54975993898599e-166,0.4920591333451155,0.473,0.212,1.3810341318798074e-161,24,ATP6V1F
5.0077708355141034e-166,1.0522677033438832,0.764,0.528,1.520058759411951e-161,24,NFKBIA
4.138857871574931e-164,0.3661965315872411,0.595,0.295,1.2563089183378545e-159,24,TIMP1
3.9850674863255453e-162,0.6744862290918063,0.669,0.405,1.209627384799256e-157,24,EMP3
2.1590442085312144e-157,0.5712960806634481,0.632,0.363,6.553562790575648e-153,24,GPX4
4.889735310000551e-152,0.6675337503496446,0.44,0.197,1.4842302559975672e-147,24,ANKRD28
4.259288938796355e-151,0.4745926590159266,0.998,0.996,1.2928645644822455e-146,24,RPS4X
3.330616052776489e-150,0.27369101580102095,0.612,0.265,1.0109751966597755e-145,24,TYROBP
4.980504095376735e-150,0.8503125407788303,0.985,0.981,1.5117822131106543e-145,24,MT-ND3
1.23185385037998e-149,0.5188103729409215,0.996,0.989,3.739169177443391e-145,24,FAU
1.1518681739027747e-145,0.38509753238840616,0.355,0.139,3.4963806550644825e-141,24,SEPT2
3.9166200416576595e-144,0.5655927565381427,0.542,0.286,1.188850847444766e-139,24,TXN
2.3984124305899566e-140,0.28182382383234705,0.265,0.086,7.280141091812755e-136,24,RNF130
1.8802105029367435e-136,0.48382929126506724,0.976,0.948,5.707190960614191e-132,24,NACA
6.222249237842836e-136,0.4593535959603998,0.999,0.995,1.8887015336548146e-131,24,RPL11
3.3178420684553495e-133,0.5419433733835612,0.989,0.963,1.0070977814589368e-128,24,RPL5
1.083501256322257e-127,0.6049210264369971,0.647,0.422,3.288859713440579e-123,24,NDUFA4
2.4252411516123133e-124,0.7046886715215783,0.846,0.663,7.361576991604015e-120,24,S100A4
1.748787744129894e-114,0.43921973107570034,0.435,0.22,5.3082703185318803e-110,24,DAD1
8.623623033600962e-114,0.5184163990528003,0.865,0.717,2.617614535619236e-109,24,ITM2B
9.27900709228908e-113,0.47100950417789905,0.461,0.244,2.8165498127934274e-108,24,RGS10
1.7735001447321431e-112,0.474787305365055,0.433,0.223,5.383282339319947e-108,24,PRDX6
1.8902295053369737e-111,0.44426715334993455,0.473,0.253,5.73760264049985e-107,24,SEC11A
7.257935144049438e-107,0.5058860086059576,0.448,0.234,2.2030736336247663e-102,24,IFITM3
2.35443930611055e-106,0.33169408525194793,0.3,0.121,7.146665069767964e-102,24,STMN1
1.0144682466630046e-105,0.505418497784959,0.531,0.307,3.0793169159208844e-101,24,SQSTM1
6.4531884210135316e-105,0.501460189700614,0.521,0.305,1.9588008133144474e-100,24,DBI
9.557427428362358e-101,0.33895605607962437,0.291,0.121,2.90106152160511e-96,24,DUSP10
1.6615854516654808e-97,0.46309649643553064,0.792,0.635,5.0435764799854e-93,24,SRP14
2.9847837041908488e-96,0.5078124926822322,0.552,0.349,9.060012455700902e-92,24,SEC61B
3.199729118013729e-95,0.30266364617175967,0.319,0.142,9.712457764818874e-91,24,TALDO1
1.0904449057574842e-90,0.30985615699219227,0.274,0.115,3.309936466936268e-86,24,AHR
3.5869134801511325e-88,0.4103705261852381,0.478,0.28,1.0887717177650748e-83,24,VAPA
4.65713962347476e-88,0.48619446186076476,0.7,0.502,1.4136281613095287e-83,24,S100A11
4.9430961537193575e-87,0.3266596674970521,0.999,0.995,1.5004274064999738e-82,24,RPL34
6.165676704054224e-87,0.3459817303015912,0.384,0.196,1.8715295067486193e-82,24,ATP6V0B
6.16691090505119e-87,0.2980547648076433,0.303,0.135,1.871904136119238e-82,24,ITM2C
9.405764614232748e-87,0.3932603988573311,0.463,0.262,2.855025791004208e-82,24,CKLF
8.121814714367182e-86,0.5664285847022086,0.98,0.975,2.4652956383990146e-81,24,MT-ND2
1.0179955597772877e-83,0.297606062716363,0.286,0.128,3.090023722147979e-79,24,FKBP2
2.695006588688163e-83,0.4524305620765495,0.611,0.403,8.180422999304049e-79,24,SDCBP
4.8719096742679985e-82,0.45311632944522673,0.492,0.295,1.4788194625273083e-77,24,TUBA1B
3.0347997360250075e-78,0.38187875054194986,0.979,0.949,9.211831118730308e-74,24,H3F3B
2.0587199244299495e-75,0.4138240918714542,0.548,0.366,6.249038458614669e-71,24,RAC2
1.8801480057233302e-72,0.3414639126966734,0.991,0.985,5.707001256572596e-68,24,RPL7A
5.9584581506759e-72,0.49412599924051914,0.991,0.986,1.8086303870561625e-67,24,MT-CO2
2.636339739437203e-71,0.3263806942001289,0.351,0.187,8.002345645087686e-67,24,COX17
1.4763251330061158e-70,0.3371144845201742,0.347,0.185,4.481237308726764e-66,24,ATP5F1C
2.851393356520644e-70,0.3301796129190952,0.38,0.211,8.655119394382763e-66,24,BST2
3.886160970695283e-69,0.5633677899578942,0.987,0.982,1.1796053010448461e-64,24,MT-CYB
4.3565818926726315e-68,0.5309299130714433,0.926,0.863,1.3223968677018505e-63,24,SRGN
1.457095438421863e-66,0.4908113300405045,0.56,0.408,4.422867493785723e-62,24,AKAP13
7.56716833514634e-65,0.3237178887850292,0.374,0.213,2.29693827645032e-60,24,NDUFB4
1.5461527387360882e-64,0.3999759064181876,0.455,0.289,4.693192023159522e-60,24,LDHB
2.836623033773215e-64,0.2900021675774527,0.998,0.99,8.610285556715216e-60,24,PTMA
3.7880513784602504e-63,0.43331895396277864,0.803,0.692,1.1498251154178244e-58,24,SH3BGRL3
2.1735001354516297e-62,0.2832205987715277,0.361,0.203,6.597442311149877e-58,24,PFDN2
2.8473139717834137e-62,0.4770269582345741,0.699,0.573,8.642736829951374e-58,24,CD44
3.3024731714834204e-62,0.4063767890622416,0.676,0.533,1.0024327064720774e-57,24,ARPC3
5.086935295425281e-61,0.25358689042126764,0.306,0.159,1.54408833957339e-56,24,NDUFC2
1.1503483774695205e-60,0.31073960548079055,0.387,0.227,3.4917674649709823e-56,24,WDR83OS
8.806030503030826e-60,0.3033076312527272,0.975,0.933,2.672982498889977e-55,24,RPL22
3.3166132700290303e-59,0.25645946446929957,0.293,0.151,1.0067247919846118e-54,24,LAT
4.877902168369517e-59,0.3440583425354522,0.914,0.866,1.4806384241868832e-54,24,RPL23
1.5583532687760745e-58,0.2941675811912545,0.994,0.98,4.7302255120428964e-54,24,RPL14
1.2698368970154125e-57,0.29352413468199146,0.994,0.978,3.854462917200583e-53,24,RPL24
2.2663226140040687e-56,0.392973469796432,0.596,0.45,6.87919566254795e-52,24,EIF3K
3.121172592396783e-55,0.2600779559793338,1,0.999,9.474007286961195e-51,24,RPL10
2.4433003604221788e-54,0.39559294973076986,0.638,0.5,7.416393914025481e-50,24,ATP5MC2
3.931295932760987e-52,0.335497095287967,0.499,0.348,1.19330556743027e-47,24,ATP6V0E1
5.789052153455333e-51,0.27308463414209583,0.311,0.172,1.7572088906598318e-46,24,MAP3K8
3.3337973565854404e-48,0.3228757935656972,0.679,0.526,1.0119408496179446e-43,24,MT-ND4L
1.2190684853329331e-46,0.28149168732910823,0.994,0.984,3.700360480379585e-42,24,RPL8
1.76193587925643e-46,0.6812169694787014,0.379,0.233,5.348180167894967e-42,24,AREG
8.752674959653275e-46,0.4023352361156838,0.984,0.984,2.656786957253155e-41,24,MT-ND4
2.3496332401114572e-45,0.6613431783390067,0.706,0.594,7.132076737034317e-41,24,FOSB
7.034804058765499e-45,0.330491894874573,0.43,0.294,2.1353444239976795e-40,24,SEC61G
1.0306135973303283e-44,0.3037179866569241,0.402,0.262,3.1283245133364784e-40,24,PDIA3
3.1246794051237694e-44,0.2558082428286079,0.999,0.993,9.48465186631269e-40,24,RPL30
1.6518376138491542e-43,0.2829543456665372,0.365,0.232,5.0139878930777226e-39,24,VPS28
2.7953631761828e-42,0.25490082794854,0.38,0.244,8.485045384985271e-38,24,DRAP1
3.61286954356646e-42,0.26811138349203983,0.347,0.215,1.0966504212541634e-37,24,EIF1B
4.3110204852629286e-42,0.2831421796265726,0.438,0.299,1.3085671580967094e-37,24,CSTB
2.202128193293077e-41,0.3072224892333244,0.596,0.469,6.684339917921806e-37,24,SUMO2
5.404139898747349e-40,0.31953419239876113,0.544,0.415,1.6403726248657704e-35,24,SLC25A3
6.733286277191575e-40,0.2566316451971382,0.346,0.219,2.0438217165787307e-35,24,PHF20
9.585708975994334e-40,0.3247598100847102,0.604,0.464,2.90964610257332e-35,24,DYNLL1
6.702901698763314e-39,0.27618452184433273,0.443,0.311,2.034598781642616e-34,24,ARL6IP5
1.2188932668836848e-38,0.3111351365221321,0.567,0.445,3.699828622298737e-34,24,CIRBP
1.3923203226605917e-38,0.30133728565742013,0.502,0.375,4.22624910740396e-34,24,UQCRH
1.4281871089434262e-38,0.267911245163023,0.399,0.27,4.335119150486875e-34,24,SPCS1
6.128478525831423e-38,0.34303941978701413,0.956,0.933,1.86023837173087e-33,24,MT-ND5
6.707096665245977e-37,0.4053030968494149,0.74,0.63,2.0358721217687638e-32,24,LGALS1
8.616143859386116e-37,0.5295350842075947,0.446,0.324,2.615344307078062e-32,24,GADD45B
1.933078542097624e-36,0.25234073194112017,0.413,0.284,5.867666606683128e-32,24,TPI1
5.7938545008135495e-34,0.2970598027619261,0.627,0.525,1.7586665951769448e-29,24,MYL12B
1.948180436885577e-33,0.3510925136042823,0.575,0.456,5.91350689812248e-29,24,SELENOK
9.837699867108393e-31,0.2764115980129337,0.544,0.433,2.9861354176620815e-26,24,TAGLN2
1.0747052745375646e-30,0.3929178721218949,0.562,0.462,3.2621603903313233e-26,24,PPP1R15A
1.5370759699115982e-29,0.27482781794969435,0.913,0.851,4.665640399069665e-25,24,HSP90AB1
2.3372832819204602e-29,0.2645412587552559,0.469,0.36,7.094589673941365e-25,24,RBM8A
4.296500625156405e-28,0.2603048829150323,0.467,0.361,1.3041597997599752e-23,24,ATP6V1G1
7.086004729253339e-26,0.28854268094575386,0.427,0.321,2.1508858755175586e-21,24,HSP90B1
9.790502800064736e-26,0.32249816187549873,0.43,0.325,2.97180921993165e-21,24,BIRC3
1.0848192408185556e-24,0.286638119834533,0.407,0.304,3.292860323580643e-20,24,KDM6B
5.216770966175645e-22,0.26101399542908865,0.993,0.991,1.5834986590729553e-17,24,MT-CO1
6.387361950010936e-18,0.3043424434687634,0.462,0.382,1.9388198463063194e-13,24,HSPA5
1.440965166690618e-17,0.26296991992285934,0.395,0.306,4.3739056669727017e-13,24,EGR1
1.696331431489778e-14,0.2645976709473028,0.89,0.832,5.149044427144072e-10,24,JUND
1.0697785179993867e-13,0.25319068177604986,0.554,0.475,3.2472057135353386e-9,24,MT2A
1.3152753549796041e-11,0.37533796045504997,0.342,0.281,3.9923868125050904e-7,24,HSPB1
2.24904201747289e-10,0.7456625215494643,0.384,0.326,6.826742139837211e-6,24,MGP
9.424679613170317e-5,0.3631243974093644,0.275,0.236,1,24,COL1A1
0.00132573927477834,0.38376433218920325,0.428,0.394,1,24,DCN
0,4.826225577499081,0.999,0.084,0,25,S100A9
0,4.250286228116354,0.982,0.054,0,25,S100A8
0,4.014443519143018,0.96,0.134,0,25,LYZ
0,2.6261662144313243,0.891,0.048,0,25,FCN1
0,2.3623744155925235,0.914,0.235,0,25,CTSS
0,2.083087039863446,0.771,0.023,0,25,S100A12
0,1.936890542625298,0.904,0.121,0,25,AIF1
0,1.8801749906820542,0.769,0.049,0,25,VCAN
0,1.8752031729549707,0.962,0.263,0,25,TYROBP
0,1.8532450198774586,1,0.948,0,25,FTL
0,1.8398142488595726,0.994,0.772,0,25,S100A6
0,1.778124110497206,0.98,0.662,0,25,S100A4
0,1.62694845030777,0.708,0.05,0,25,MNDA
0,1.5008862843271773,0.84,0.115,0,25,LST1
0,1.4924132146267763,0.806,0.173,0,25,TKT
0,1.4370426068272752,0.832,0.218,0,25,PSAP
0,1.3855356788323545,0.947,0.253,0,25,CST3
0,1.3425575592302035,0.844,0.256,0,25,TSPO
0,1.2835981154584428,0.946,0.612,0,25,CYBA
0,1.2796537154109526,0.734,0.039,0,25,CSTA
0,1.1946693815624503,0.93,0.501,0,25,S100A11
0,1.1516196929426097,0.665,0.059,0,25,CYBB
0,1.1254866370166037,0.856,0.21,0,25,FCER1G
0,1.1203858350667852,0.666,0.078,0,25,MS4A6A
0,1.1184103962209941,0.649,0.044,0,25,SERPINA1
0,1.0808620812883312,0.631,0.095,0,25,CFD
0,1.054308579205498,0.805,0.305,0,25,ITGB2
0,1.026453267093219,0.956,0.628,0,25,LGALS1
0,0.9812819538019529,0.804,0.316,0,25,COTL1
0,0.9554795201040248,0.599,0.033,0,25,NCF2
0,0.9518251787694276,0.647,0.096,0,25,GRN
0,0.9367815611566175,0.668,0.139,0,25,TALDO1
0,0.9345887249687126,0.521,0.117,0,25,NCF1
0,0.9241960932427284,0.577,0.038,0,25,CFP
0,0.9051455954699759,0.62,0.071,0,25,CD68
0,0.9032600691013228,0.481,0.1,0,25,TYMP
0,0.8953170283430301,0.847,0.271,0,25,HLA-DRA
0,0.8938091591230055,0.571,0.06,0,25,CPVL
0,0.8679320920824782,0.638,0.108,0,25,C1orf162
0,0.8648896488559092,0.606,0.113,0,25,AP1S2
0,0.8485311578421031,0.695,0.254,0,25,CTSD
0,0.8273179856290991,0.507,0.036,0,25,SLC11A1
0,0.8264008665788469,0.617,0.107,0,25,FCGRT
0,0.8076712671920132,0.528,0.086,0,25,FGL2
0,0.7810313222616712,0.5,0.028,0,25,CLEC4E
0,0.7673657778590265,0.53,0.086,0,25,STXBP2
0,0.7628480632171203,0.559,0.088,0,25,BLVRB
0,0.7548058020785933,0.452,0.02,0,25,CD36
0,0.7467804308483008,0.592,0.153,0,25,VSIR
0,0.7292946958409354,0.582,0.132,0,25,APLP2
0,0.7238094733588722,0.582,0.137,0,25,ASAH1
0,0.7155345073017277,0.457,0.024,0,25,CSF3R
0,0.7151394088778084,0.457,0.031,0,25,MPEG1
0,0.7123036786561703,0.558,0.118,0,25,PYCARD
0,0.7099219837451052,0.353,0.045,0,25,IFI30
0,0.7013084939458474,0.561,0.142,0,25,JAML
0,0.6989601337442541,0.507,0.055,0,25,NUP214
0,0.6968044163123444,0.414,0.052,0,25,CD14
0,0.6923564998633875,0.405,0.024,0,25,PLBD1
0,0.6870771634412673,0.56,0.127,0,25,CTSB
0,0.670206799345723,0.338,0.027,0,25,LGALS2
0,0.6619398502485262,0.442,0.028,0,25,CLEC12A
0,0.6614101505583848,0.302,0.003,0,25,FOLR3
0,0.639741904829308,0.463,0.053,0,25,CLEC7A
0,0.6201775642956326,0.551,0.15,0,25,AP2S1
0,0.6083775272583716,0.412,0.043,0,25,ALDH2
0,0.606591407197098,0.415,0.042,0,25,IGSF6
0,0.5972228493825293,0.439,0.044,0,25,CD163
0,0.5938514727124009,0.459,0.085,0,25,RNF130
0,0.5926679750804585,0.359,0.015,0,25,LRRK2
0,0.5893258172962573,0.449,0.067,0,25,TNFSF13B
0,0.5884405140483505,0.412,0.022,0,25,SLC7A7
0,0.5870831009002734,0.422,0.053,0,25,TGFBI
0,0.581058081609465,0.354,0.017,0,25,RBP7
0,0.579888829885221,0.438,0.06,0,25,FCGR2A
0,0.5703694490355606,0.463,0.088,0,25,CTSH
0,0.5690315960026333,0.482,0.11,0,25,CTSZ
0,0.5678720821813074,0.462,0.059,0,25,FGR
0,0.5637558489622574,0.448,0.081,0,25,AGTRAP
0,0.5567330665577055,0.408,0.046,0,25,IRAK3
0,0.5484696063231396,0.376,0.044,0,25,GCA
0,0.535095077896582,0.3,0.044,0,25,MAFB
0,0.533518050536261,0.37,0.027,0,25,FPR1
0,0.5316813221386265,0.442,0.09,0,25,CASP1
0,0.5295245288049286,0.39,0.042,0,25,KCTD12
0,0.5236439535247885,0.393,0.043,0,25,LY86
0,0.5150084040202205,0.422,0.087,0,25,PPT1
0,0.5107643662581144,0.359,0.038,0,25,SPI1
0,0.49901298403228994,0.27,0.016,0,25,AC020656.1
0,0.4978076562328214,0.408,0.085,0,25,SELL
0,0.4793045277193011,0.32,0.022,0,25,MEGF9
0,0.47915169421519654,0.392,0.053,0,25,RNASE6
0,0.4760375094987702,0.358,0.038,0,25,CD302
0,0.4692705187176636,0.32,0.024,0,25,DMXL2
0,0.4681439586150539,0.367,0.061,0,25,ADA2
0,0.45758162659070295,0.323,0.013,0,25,C19orf38
0,0.45601449353766976,0.328,0.039,0,25,CD93
0,0.4486957089140871,0.332,0.03,0,25,PILRA
0,0.435234168624414,0.354,0.06,0,25,LGALS9
0,0.42828787566761517,0.272,0.01,0,25,CDA
0,0.424989499213545,0.36,0.059,0,25,LY96
0,0.4237918567955904,0.319,0.022,0,25,LILRB2
0,0.41639189906985946,0.313,0.033,0,25,NAIP
0,0.40881774762308193,0.287,0.022,0,25,CPPED1
0,0.40005604271510425,0.293,0.02,0,25,LILRB3
0,0.3958849294101384,0.311,0.048,0,25,ITGAM
0,0.3938454424020451,0.3,0.02,0,25,CLEC4A
0,0.39343732810803417,0.273,0.009,0,25,ASGR1
0,0.38884519847375726,0.276,0.026,0,25,MARCH1
0,0.3849217303710947,0.27,0.012,0,25,BST1
0,0.3776828947082303,0.288,0.039,0,25,PGD
0,0.37549472273677487,0.293,0.03,0,25,SYK
0,0.3713399426043494,0.306,0.048,0,25,PECAM1
0,0.3676363433434061,0.273,0.025,0,25,HCK
0,0.36498928619313875,0.306,0.051,0,25,SCPEP1
0,0.3612876408746003,0.265,0.022,0,25,MGST1
0,0.35675231168134613,0.26,0.032,0,25,NUDT16
0,0.35575248334508436,0.286,0.043,0,25,RAB31
0,0.3554167376092938,0.279,0.034,0,25,TLR2
0,0.3497839728162897,0.287,0.039,0,25,TBXAS1
0,0.34857148128338444,0.292,0.046,0,25,TNFAIP2
0,0.3462584573704713,0.254,0.015,0,25,CD33
0,0.33776963190296744,0.272,0.041,0,25,SRGAP2
0,0.33294310991009185,0.259,0.034,0,25,PLXDC2
0,0.3077580650146531,0.256,0.036,0,25,CD86
6.439516929604686e-302,0.662154059782475,0.601,0.185,1.9546509688122063e-297,25,SERPINB1
1.0752557699763606e-298,0.4473893365312383,0.344,0.066,3.263831364186245e-294,25,CCDC88A
1.1549743157051592e-297,0.9895009159294836,0.881,0.532,3.5058090378914403e-293,25,ARPC3
2.3907435433252947e-293,0.618149876882772,0.59,0.172,7.2568629514096e-289,25,NPC2
1.947332804242522e-291,0.43953039422961726,0.337,0.066,5.910933993997751e-287,25,LTA4H
6.2473053434831116e-291,0.6730941181236955,0.605,0.195,1.8963070639608637e-286,25,ATP6V0B
6.317733760763535e-286,0.5410857355029031,0.462,0.119,1.9176849057421635e-281,25,CNPY3
5.15269131283311e-279,0.5302478233547538,0.525,0.15,1.564047921097362e-274,25,ARRB2
9.706472334142336e-279,0.3727928006500544,0.301,0.054,2.946302612305565e-274,25,MS4A7
1.0372101540356985e-277,0.6842297498146654,0.562,0.175,3.1483477015599595e-273,25,SAMHD1
1.166454718156603e-274,0.8017171290277618,0.788,0.349,3.5406566514925526e-270,25,GSTP1
1.6970285302236063e-271,0.41152425170376283,0.309,0.056,5.1511604006407346e-267,25,C5AR1
6.265509881544644e-271,0.9951351104766735,0.963,0.768,1.9018328694440612e-266,25,GAPDH
2.180670658518727e-269,1.081899763737373,0.898,0.589,6.619207716867744e-265,25,S100A10
1.1498017894233956e-268,0.834127427767408,0.718,0.267,3.490108351615775e-264,25,HLA-DRB1
7.505801491793096e-263,0.528539476825549,0.506,0.146,2.2783109848188764e-258,25,PGLS
2.422048010567601e-259,0.9188400138545574,0.941,0.691,7.351884531276895e-255,25,SH3BGRL3
3.123355568968776e-255,0.5755145086383255,0.501,0.149,9.480633494047823e-251,25,GLRX
4.193518641637078e-251,0.5754601548912033,0.536,0.168,1.2729006484825187e-246,25,CARD16
4.565874486822619e-251,0.82357341432523,0.958,0.76,1.3859255417301377e-246,25,OAZ1
1.2682607986066492e-250,1.2500196299843487,0.961,0.788,3.8496788280906227e-246,25,NEAT1
1.5164224650984545e-248,0.9372007262477626,1,0.957,4.602948750559849e-244,25,FTH1
1.8380043614892587e-241,0.32673765314703895,0.279,0.053,5.579078438864496e-237,25,THEMIS2
2.3357548389093027e-240,0.8338197497497868,0.998,0.946,7.0899502380252974e-236,25,ACTB
5.678043946529564e-240,0.7329066861204961,0.587,0.199,1.723513459529584e-235,25,SOD2
3.84683306351317e-239,0.8343709807622821,0.976,0.819,1.1676677080987876e-234,25,H3F3A
5.108766096302483e-237,0.345099374978976,0.314,0.066,1.5507148608716558e-232,25,LYN
1.022736927627897e-231,0.3880465366587107,0.341,0.077,3.1044156701217184e-227,25,HLA-DMB
1.15529598291776e-231,0.47485120179187434,0.429,0.118,3.506785426548569e-227,25,MYO1F
1.6873014350044708e-231,0.7313050956373246,0.997,0.98,5.121634775812571e-227,25,TMSB10
4.894359439662464e-228,0.6388263261384781,0.641,0.253,1.4856338643151443e-223,25,LAMTOR4
1.545289920565308e-223,0.32631466954901917,0.284,0.058,4.6905730248839364e-219,25,DPYD
3.655322248326048e-220,0.5261841802527945,0.523,0.173,1.1095365152568886e-215,25,H2AFY
2.398670048807336e-219,0.8511210657920372,0.839,0.529,7.280923066149788e-215,25,LAPTM5
8.611363366832001e-214,0.6968561237850639,0.655,0.27,2.613893236368186e-209,25,ANXA2
1.642991431262451e-213,0.30650463802514694,0.268,0.054,4.987136190454044e-209,25,SNX10
3.386394031786276e-212,0.7250110860400821,0.684,0.315,1.0279060444084063e-207,25,EVI2B
9.659599391354792e-211,0.5365948528671161,0.586,0.212,2.932074799251834e-206,25,LGALS3
9.90765245254634e-207,0.4915058212228707,0.507,0.165,3.007368825445916e-202,25,CAPG
1.9318626113643618e-196,0.5542662573872521,0.53,0.192,5.863975770535384e-192,25,PKM
4.521077348729225e-196,0.5704014563265514,0.826,0.426,1.3723278184332689e-191,25,CD74
4.3639709053848474e-195,0.347654720565874,0.302,0.072,1.3246397286205165e-190,25,NAGK
1.3703636020865783e-194,1.5088761083800741,0.931,0.69,4.1596016777735997e-190,25,HSPA1A
7.989403245780452e-192,0.5083025757645431,0.377,0.108,2.425103461224198e-187,25,BRI3
1.019568503631893e-183,0.3197899386718484,0.265,0.06,3.094798235924248e-179,25,SPTLC2
1.9051887693389787e-179,0.29124435063820114,0.268,0.061,5.783009990451536e-175,25,MFSD1
6.332934931914262e-179,0.6401382973439573,0.97,0.842,1.9222990692332552e-174,25,PFDN5
8.660649606977249e-174,0.5435906616721786,0.642,0.277,2.6288535817018742e-169,25,HLA-DPA1
1.422764324240561e-172,0.3477365969527604,0.344,0.096,4.318658829799798e-168,25,AOAH
1.6235539798014787e-172,0.3248639471124392,0.289,0.071,4.9281357502894085e-168,25,POU2F2
3.1302470956814594e-172,0.38449564120336155,0.379,0.109,9.501552034231501e-168,25,PLAUR
5.425447175837947e-170,0.5975887425557554,0.633,0.293,1.6468402357538504e-165,25,ARPC1B
6.045981737855484e-170,0.5858235642590344,0.574,0.231,1.8351972967086536e-165,25,ZEB2
1.0502063778368546e-169,0.41174301289604276,0.429,0.136,3.1877964392859884e-165,25,HLA-DMA
1.1765209517972232e-168,0.34429057518201034,0.312,0.083,3.571211697085291e-164,25,ATP6V1B2
6.873142774727088e-160,0.4208468014899131,0.439,0.154,2.0862737578406603e-155,25,GSTO1
3.6798989653719067e-155,0.3972195502894722,0.365,0.115,1.1169965319489886e-150,25,RTN3
7.120937149963645e-153,0.38384791733222945,0.288,0.076,2.1614892624999646e-148,25,PHACTR1
1.3727778621320131e-150,0.29538623570548167,0.298,0.082,4.166929922715513e-146,25,COMT
4.818717889179285e-146,0.3805020248420161,0.378,0.125,1.4626736280814804e-141,25,LAMTOR1
5.1105923115996603e-144,0.44614221524627584,0.486,0.191,1.5512691902629608e-139,25,FKBP1A
5.597867371367507e-144,0.26862967606351607,0.254,0.065,1.699176661904893e-139,25,UQCRC1
5.977748509446083e-144,0.5755793517196472,0.972,0.847,1.814485782557264e-139,25,ATP5F1E
7.785164951571912e-142,0.41230540419286954,0.547,0.225,2.363108969400138e-137,25,ANXA5
7.159621689472538e-141,0.5847314949193795,0.67,0.35,2.173231567622494e-136,25,ELOB
7.899074756452062e-141,0.2777938656259182,0.25,0.064,2.397685151573459e-136,25,C9orf72
2.25691860789286e-139,0.6733875885820503,0.457,0.172,6.850650742397988e-135,25,IER3
5.833375809077976e-139,0.549795471015254,0.464,0.178,1.7706628930875288e-134,25,GLUL
1.783388495847917e-136,0.32005216827113137,0.304,0.091,5.413297440296767e-132,25,SKAP2
1.6261331817507784e-134,0.5871792516088319,0.726,0.421,4.935964659886313e-130,25,GMFG
7.738066884105864e-134,0.9195450810261807,0.829,0.524,2.3488128220014938e-129,25,HSPA1B
1.1754743891767089e-133,0.5503762400505723,0.588,0.288,3.568034960906982e-129,25,VAMP8
1.554428318110267e-133,0.3887713934107643,0.411,0.152,4.7183117167919044e-129,25,VASP
4.6602182367035014e-133,0.514646646805926,0.597,0.287,1.4145626435689807e-128,25,ARPC5
1.721305092296398e-132,0.497377809309106,0.599,0.292,5.224849477156486e-128,25,GNAI2
1.2486408360166112e-131,1.3889532128506474,0.428,0.164,3.790124393644822e-127,25,HSPA6
1.0173655653255886e-130,0.5683346166561565,0.873,0.657,3.088111436989292e-126,25,COX4I1
1.207784601737964e-129,0.47935450756190606,0.585,0.276,3.666109380115416e-125,25,ATP5MPL
1.515268520464495e-129,0.3030553989977821,0.301,0.092,4.5994460670179283e-125,25,PTPN6
2.2862485054741304e-128,0.5470490922530948,0.727,0.405,6.9396787135161754e-124,25,EMP3
1.4016029587881823e-127,0.36870020333773645,0.362,0.126,4.2544256211056486e-123,25,RIPOR2
7.054793131527372e-125,0.31498738943627946,0.314,0.1,2.1414119071438187e-120,25,PTEN
8.359930621651778e-125,0.3321158993092568,0.371,0.131,2.5375733408961808e-120,25,GLIPR2
2.5598307882381655e-124,0.28151008583536136,0.278,0.082,7.770110374618128e-120,25,CD4
3.1798893850463705e-124,0.4364826525530816,0.606,0.29,9.652236239369752e-120,25,HLA-DPB1
9.79284284583114e-124,0.43452048604781246,0.514,0.232,2.972519517423584e-119,25,HCLS1
3.876061848226369e-123,0.3275426331702337,0.359,0.121,1.1765398134106319e-118,25,PLEK
6.697277632997845e-122,0.34693639887288963,0.341,0.116,2.0328916527201658e-117,25,PTPRE
1.3854452147880878e-119,0.6696863564881518,0.58,0.285,4.205380404967762e-115,25,RGS2
1.0311745563568327e-118,0.30038386634013703,0.269,0.079,3.1300272483655297e-114,25,ETS2
3.311948972033318e-117,0.36799807486303743,0.281,0.086,1.0053089909709934e-112,25,THBS1
6.462789027973764e-116,0.43210580596031195,0.551,0.26,1.9617149815511563e-111,25,GNG5
8.574581598728462e-116,0.5391424317432486,0.771,0.499,2.6027284984780375e-111,25,ATP5MC2
8.966210108727915e-115,0.6643777853562682,0.376,0.14,2.721603416403271e-110,25,CXCL8
1.0975444385166863e-114,0.2969439770245908,0.322,0.109,3.3314863886735495e-110,25,TPP1
1.9686677589215145e-113,0.42751892384063367,0.454,0.198,5.975694115430365e-109,25,PRELID1
7.856335058365943e-113,0.45574597406174777,0.304,0.104,2.3847119436163985e-108,25,ERICH1
1.0530873018078382e-112,0.6470651188127707,0.824,0.53,3.196541195907512e-108,25,SAT1
1.836116260915223e-112,0.28073339861491015,0.297,0.097,5.5733472983820685e-108,25,NCOA4
2.795044801102761e-112,0.5070810398012316,0.298,0.1,8.484078989267321e-108,25,DNAJA4
1.0289863648306336e-111,0.8761492901789442,0.598,0.296,3.123385211806905e-107,25,TIMP1
2.6155599370413665e-110,0.3905046177081273,1,0.995,7.939270632895364e-106,25,RPS24
2.4257301240100386e-109,0.3756991634551839,0.467,0.203,7.36306121842007e-105,25,BLOC1S1
9.497882230452234e-108,0.37545831297040405,0.467,0.204,2.8829871722314714e-103,25,RNASET2
6.256941658207481e-107,0.27834290140230444,0.302,0.103,1.899232070932299e-102,25,DBNL
2.311299310398781e-105,0.3049986478489848,0.337,0.124,7.01571792678446e-101,25,ATP6V0D1
4.3656006099290186e-105,0.3125479662082954,0.333,0.122,1.3251344091378542e-100,25,TCIRG1
1.6047587204444935e-104,0.7481512150662313,0.299,0.106,4.871084620037215e-100,25,BAG3
3.710621452418457e-104,0.375663632984265,0.28,0.093,1.1263220356670984e-99,25,SLC25A37
3.931308672742464e-104,0.30194591662666465,0.336,0.124,1.1933094345242475e-99,25,HSD17B11
9.903432055086853e-104,1.3317497144001722,0.953,0.934,3.0060877660010634e-99,25,HSP90AA1
9.616120693949395e-103,0.46247711511602807,0.961,0.841,2.9188772754413993e-98,25,SERF2
1.010267132629105e-102,0.2692023849037568,0.274,0.09,3.066564854382385e-98,25,LAP3
2.9127217615395317e-102,0.4514650844327268,0.99,0.948,8.841275634977095e-98,25,NACA
1.0637914269586807e-98,0.3550276513484817,0.365,0.148,3.2290324973903794e-94,25,METTL9
4.10440651690312e-98,0.3071871231518377,0.351,0.137,1.245851554140773e-93,25,FERMT3
6.180751698988639e-98,0.336584565070602,0.425,0.184,1.8761053707110114e-93,25,GDI2
2.3371160409090044e-97,0.39451483531355436,0.996,0.975,7.094082030575192e-93,25,UBA52
4.230552106288818e-97,0.3477434671851544,0.444,0.199,1.2841417863429079e-92,25,PSMB3
7.706546908349409e-97,0.28895643925665804,0.328,0.123,2.3392452485603795e-92,25,MYO1G
2.3727306538212868e-96,0.3331756222392669,0.378,0.156,7.202186626609134e-92,25,PGAM1
1.0947130874728512e-94,0.2958982949512433,0.318,0.118,3.3228921057150925e-90,25,BNIP3L
2.0504958178679399e-94,0.3221399864132048,0.338,0.131,6.224075005556345e-90,25,MGAT1
2.1339821355196334e-94,0.2741908757368987,0.32,0.12,6.477489374156295e-90,25,NCKAP1L
1.1564537739505364e-93,0.2888708089723333,0.285,0.1,3.510299785449458e-89,25,IRS2
2.91338046937164e-93,0.2940872592111308,0.275,0.095,8.843275076730676e-89,25,TET2
1.3317976631373702e-92,0.5672967703567856,0.375,0.155,4.042538626687173e-88,25,BCL2A1
9.929286006084755e-91,0.49682892573438264,0.514,0.257,3.0139354742869666e-86,25,VMP1
1.5776309451164315e-90,0.2576432093539216,0.272,0.095,4.788740970806416e-86,25,CTSA
5.444455380542842e-90,0.3710738545855774,0.508,0.253,1.6526099862099742e-85,25,SEC11A
8.558520809508097e-90,0.26340886026935395,0.286,0.103,2.5978534065180877e-85,25,LAMTOR2
6.381601943214493e-89,0.2534656747469151,0.274,0.097,1.9370714538433272e-84,25,ATG3
1.2004972363896563e-88,0.2816817055499673,0.307,0.117,3.643989311337163e-84,25,PRKCB
9.306099631061369e-88,0.4426797014529863,0.65,0.399,2.824773482012368e-83,25,RHOA
2.0569477593232126e-86,0.2790871653649917,0.301,0.114,6.24365922864968e-82,25,CAPNS1
4.448287518486116e-86,0.48322312964231084,0.848,0.677,1.3502331933612755e-81,25,PABPC1
1.6156662071497766e-85,0.2686306118665802,0.296,0.111,4.904193205182432e-81,25,HSBP1
2.546477958953009e-83,0.26215797141882324,0.296,0.113,7.729579196605963e-79,25,SNX2
2.7249093159022314e-83,0.34891789515615945,0.444,0.215,8.271189737489633e-79,25,EIF3L
3.1944883120683822e-81,0.41393269109851927,0.636,0.379,9.696549822452368e-77,25,COX6B1
5.37963975584961e-81,0.29189464360363276,0.365,0.158,1.6329358514905906e-76,25,RNH1
7.935731978483804e-81,0.48993390788988145,0.48,0.248,2.408812084748974e-76,25,NAMPT
2.806861953825058e-79,0.34092711888050553,0.485,0.248,8.519948774640581e-75,25,SH3BGRL
2.2768780591259806e-77,0.3606933690569886,0.45,0.223,6.911235660671002e-73,25,FLNA
3.892037063609692e-77,0.3517053084052008,0.452,0.227,1.1813889302880858e-72,25,USP15
8.445167029907645e-77,0.31154681453943217,0.436,0.213,2.5634460002581667e-72,25,ARPC4
1.0438117082349774e-76,0.27007921599288626,0.327,0.137,3.1683860591764507e-72,25,CHMP2A
1.2179005046697641e-76,0.35704836380965943,0.554,0.308,3.696815191874602e-72,25,ACTR2
1.9927676984553785e-76,0.3278516699036166,0.437,0.214,6.048847071891456e-72,25,NDUFB1
9.132804660754588e-76,0.5256616254617956,0.451,0.235,2.7721715267254477e-71,25,IFITM3
1.586059091744747e-75,0.42492663800841557,0.585,0.346,4.8143237670820055e-71,25,ENO1
4.998437579777911e-73,0.2540032806021979,0.322,0.137,1.5172257429657871e-68,25,WAS
8.84492498323373e-73,0.42059945981295654,0.695,0.469,2.6847885294107663e-68,25,LCP1
3.207213229245247e-72,0.35287339781898563,0.545,0.303,9.735175036051023e-68,25,COX5B
4.0759886595815836e-72,0.28598916896268456,0.337,0.148,1.2372255977293939e-67,25,ANP32A
5.042972452501263e-72,0.30737429010160067,0.275,0.111,1.5307438582322333e-67,25,VAMP5
3.2734092268715517e-71,0.42606464594064564,0.719,0.505,9.936106367245907e-67,25,SLC25A6
4.18021910618271e-71,0.40716028277583693,0.668,0.429,1.2688637074906997e-66,25,SERP1
7.816925866502278e-70,0.3457940315976799,0.48,0.258,2.3727496775181013e-65,25,CAP1
1.0468872945176996e-69,0.32038011773515684,0.999,0.99,3.177721693779025e-65,25,RPS9
1.0527818000397555e-69,0.37530674033105405,0.692,0.452,3.1956138758406737e-65,25,CORO1A
4.3979876517464497e-69,0.3789478457822141,0.608,0.374,1.3349651718111174e-64,25,UQCRH
6.228765865047529e-69,0.5878638580736513,0.363,0.177,1.890679590676527e-64,25,IER5
1.4007695997167698e-68,0.3621026103073052,0.465,0.246,4.251896042980283e-64,25,FKBP5
2.998071968402792e-67,0.31437579860601295,0.467,0.243,9.100347652889836e-63,25,CAST
1.8827544828920565e-66,0.2533432350689956,0.3,0.129,5.714912957370548e-62,25,GNB2
1.8960370163163164e-66,0.7822047852488092,0.648,0.462,5.755230759326546e-62,25,HSPH1
7.097451811356089e-66,0.30836865448410733,0.423,0.212,2.154360522819027e-61,25,RILPL2
3.6748969047686017e-63,0.35964634600093415,0.679,0.45,1.1154782064734614e-58,25,EIF3K
2.4752166105112096e-59,0.29072469365162895,0.408,0.212,7.513272499545726e-55,25,BST2
5.076817508623603e-59,0.29558567472888964,0.442,0.241,1.5410171865676087e-54,25,GPSM3
3.088415552374142e-58,0.35421131761979285,0.73,0.504,9.374576567676471e-54,25,CLIC1
4.46785104578834e-58,0.31611163313167034,0.495,0.284,1.3561715064385927e-53,25,TPI1
2.709608469693354e-57,0.28193957129185376,0.336,0.157,8.224745548907206e-53,25,CEBPD
6.786521677338489e-57,0.29999235843531746,0.998,0.983,2.0599807899393247e-52,25,RPS13
7.184376379417825e-55,0.2542146900273777,0.382,0.196,2.1807456062084866e-50,25,EFHD2
7.734633763195963e-55,0.2896783574977911,0.5,0.293,2.3477707324805027e-50,25,ERP29
1.1223313078250333e-53,0.2809685318344778,0.448,0.252,3.406724451772106e-49,25,HIGD2A
4.721868859207364e-53,0.2988172676962628,0.67,0.457,1.4332760735238034e-48,25,CD37
1.1739799358355084e-51,0.2677742302714042,0.394,0.209,3.563498697235102e-47,25,UPP1
2.4595740510780213e-50,0.2559923930176328,0.401,0.219,7.465791074642225e-46,25,RHOG
1.1992202535036533e-48,0.2623039436219572,0.5,0.298,3.640113157484989e-44,25,GLIPR1
3.4545345499450317e-47,0.27333892570996127,0.471,0.279,1.0485894172903149e-42,25,DAZAP2
7.56931195264598e-47,0.288825029354127,0.568,0.365,2.2975889501061608e-42,25,GPX4
9.743185062265846e-47,0.2975172670495948,0.525,0.329,2.957446393800175e-42,25,FYB1
1.1533419546224969e-45,0.2681177282337448,0.52,0.321,3.500854169061127e-41,25,UQCR11
1.2914419229310051e-45,0.304280076278612,0.86,0.718,3.920042812864773e-41,25,ITM2B
8.055320199795137e-45,0.7609894360924281,0.435,0.28,2.445111893445816e-40,25,HSPB1
9.393914349674345e-44,0.279764294754113,0.408,0.238,2.8514287617001506e-39,25,PSME2
3.281600752804716e-43,0.2698879758316069,0.473,0.291,9.960970925063435e-39,25,NDUFB11
2.2683461684208488e-42,0.30529671372834066,0.766,0.591,6.885337959624644e-38,25,ATP5MG
2.0448882255325505e-41,0.2963673332463411,0.606,0.421,6.207053719781504e-37,25,YWHAB
3.6530316197634595e-41,0.2903616778751935,0.601,0.421,1.1088412178630004e-36,25,TPM3
4.0431554552332425e-39,0.25752809337445104,0.942,0.866,1.2272594068814985e-34,25,RPL23
4.095903340678515e-38,0.40042813167135893,0.379,0.227,1.2432705000295564e-33,25,PLIN2
3.552211763438054e-37,0.2935017812201157,0.91,0.811,1.0782383586739869e-32,25,MYL6
4.6445145821591865e-35,0.2645498387647973,0.723,0.551,1.4097959562685995e-30,25,ARPC2
4.560744545102184e-34,0.26905814339057044,0.463,0.295,1.384368399220317e-29,25,CD55
1.0565250672601777e-33,0.5250903546395125,0.97,0.954,3.2069761891615434e-29,25,UBC
1.4542183133528049e-27,0.5512465060133072,0.755,0.655,4.414134268351104e-23,25,DNAJB1
6.481285444188117e-27,0.3271755808375909,0.676,0.522,1.9673293837288612e-22,25,DUSP1
4.243090463913442e-26,0.35862432069073735,0.432,0.306,1.2879476794162862e-21,25,EGR1
2.2000988325240137e-8,0.27876803760962066,0.272,0.213,6.678179996243392e-4,25,ISG15
0,2.94890565509956,0.911,0.098,0,26,CCL20
1.2809184131224583e-258,1.301355652240654,0.939,0.481,3.88809975119191e-254,26,IL7R
6.239018103190177e-238,0.9868078397097251,0.746,0.308,1.8937915550423464e-233,26,RORA
9.113207583164508e-210,1.102141117981928,0.84,0.393,2.766223029793755e-205,26,KLRB1
6.687474623892779e-189,0.4304694246970958,0.341,0.078,2.0299160473364142e-184,26,CCR6
1.5710724261953696e-145,1.0596300105109568,0.911,0.615,4.768833242473425e-141,26,TNFAIP3
3.647512451118314e-124,0.3775104374378214,0.32,0.093,1.107165929412453e-119,26,AQP3
4.4743976121357194e-122,0.33016306174063864,0.28,0.075,1.3581586511876762e-117,26,TNFRSF25
5.775773507406398e-118,0.555172540384592,1,1,1.753178290438138e-113,26,RPLP1
1.279730691186742e-115,0.6029877826142276,0.49,0.198,3.884494540028237e-111,26,ANKRD28
4.758858124165679e-98,0.3199840995334691,0.25,0.071,1.4445037950092501e-93,26,TIFA
1.0905596935841349e-82,0.3798368190926922,0.317,0.116,3.310284893905283e-78,26,AHR
1.938562222779767e-82,0.46809587842217937,1,0.999,5.884311771025705e-78,26,TPT1
5.290462614507612e-82,0.6090649474535027,0.594,0.314,1.6058670220076406e-77,26,LTB
1.7742959828314543e-81,0.7227025611661337,0.793,0.529,5.385698026286596e-77,26,NFKBIA
3.173040122212722e-79,0.47651164462283285,0.435,0.198,9.631445986964497e-75,26,TANK
8.113515549980414e-79,0.4035466620663483,0.406,0.174,2.462776510041055e-74,26,ODF2L
9.809892681911282e-76,0.7232218703127546,0.833,0.641,2.9776948246673502e-71,26,KLF6
6.328917947903432e-75,0.69327909977273094,0.925,0.788,1.921079753906608e-70,26,BTG1
1.6204955310340464e-73,0.3576543584763452,0.417,0.185,4.918852134900745e-69,26,PDE4D
1.0209917460247658e-72,0.5760309684406408,0.955,0.832,3.099118345883574e-68,26,JUND
5.3213406288650685e-68,0.30634706148687274,0.306,0.12,1.615239734485703e-63,26,TTC39C
2.519117710371839e-67,0.4441164355196111,0.561,0.304,7.64652989806268e-63,26,KDM6B
2.500131931671733e-65,0.3570941107824765,0.356,0.152,7.588900465396378e-61,26,ICOS
2.0166437295139628e-64,0.4703399244582189,0.606,0.356,6.121320376566682e-60,26,MYADM
1.9771857407856698e-61,0.5006752496060596,0.992,0.982,6.001549597580821e-57,26,MT-CYB
4.508570306442696e-61,0.41486669532359866,0.256,0.097,1.3685314308176161e-56,26,SPRY1
2.6675093177890115e-59,0.3648753704137684,0.663,0.393,8.096957783216765e-55,26,GPR183
6.669631530513856e-56,0.38571044197812854,0.465,0.245,2.024499954772176e-51,26,NFKB1
4.942219820711655e-55,0.4446529903235943,0.502,0.283,1.5001614043788157e-50,26,AC058791.1
9.711993446210851e-53,0.327980668696666,0.504,0.277,2.947978490662842e-48,26,SPOCK2
5.195920224743517e-52,0.3982573009558963,0.665,0.441,1.5771696250186472e-47,26,GPBP1
1.0814744819683337e-51,0.29983591974768264,0.344,0.161,3.28270764256668e-47,26,RBMS1
1.0845126058331099e-49,0.2854699173738159,0.316,0.145,3.291929563745822e-45,26,PIM1
1.3799471165237757e-49,0.40790440848077847,0.483,0.278,4.188691477496269e-45,26,FAM107B
2.5932371698189057e-49,0.43413315426694443,0.334,0.158,7.871512105268307e-45,26,CEBPD
2.1422647805356052e-47,0.4132041367755592,0.925,0.739,6.502630514837776e-43,26,CXCR4
3.3500909897220084e-47,0.37835645152108366,0.398,0.209,1.0168866190202185e-42,26,PHLDA1
2.151030409481839e-46,0.3859531482405911,0.998,0.985,6.529237704941174e-42,26,MT-CO3
8.652160695811499e-46,0.801461702924134,0.656,0.454,2.6262768576066226e-41,26,CD69
1.8353623866935205e-45,0.2922549184222034,0.376,0.194,5.571058988569512e-41,26,MGAT4A
6.926801649317043e-45,0.3932994898214487,0.631,0.416,2.1025613726336953e-40,26,CD2
4.666239537421961e-44,0.35261722375892224,0.352,0.178,1.4163903491890618e-39,26,IER5
2.9238660269500634e-43,0.3845290557752965,0.973,0.863,8.875102938204223e-39,26,SRGN
2.8099426768703715e-42,0.3277751995940994,0.999,0.991,8.529300001372326e-38,26,MT-CO1
3.222833483076848e-40,0.4406634701425549,0.867,0.725,9.782588754531464e-36,26,TSC22D3
5.014091652681863e-40,0.38655660864028074,0.721,0.536,1.5219773802550527e-35,26,DDX3X
7.22300300792572e-40,0.2574791670117147,0.996,0.991,2.192470333025773e-35,26,RPL13
1.1616829515829081e-38,0.32097228944318335,0.414,0.238,3.526172431234759e-34,26,AC016831.5
1.1706077589964813e-36,0.358669933223394,0.992,0.975,3.5532627916579193e-32,26,MT-ND2
1.4901783973180337e-36,0.3819837901615166,0.998,0.987,4.5232875072191595e-32,26,MT-ATP6
2.0660228758188193e-36,0.26661514491066096,0.366,0.203,6.271205837260444e-32,26,ARL4A
5.062667105069641e-36,0.5023249123786107,0.835,0.706,1.536721973072839e-31,26,ZFP36L2
1.782854906141305e-35,0.29435523311524425,0.47,0.287,5.411677782101317e-31,26,IVNS1ABP
1.3288519034370386e-34,0.28256670648406945,0.339,0.185,4.0335970676927865e-30,26,GPR65
2.396701136415608e-33,0.3030817690191712,0.449,0.278,7.274946629475937e-29,26,G3BP2
4.416157086265403e-33,0.26236169105306084,0.472,0.293,1.3404803219650003e-28,26,CD96
1.1715058669178326e-32,0.28056106573610023,0.369,0.211,3.555988908442389e-28,26,INTS6
2.6569497065579306e-32,0.4940961711546441,0.948,0.894,8.064905139285942e-28,26,VIM
1.1210896670782782e-31,0.31356235226318674,0.935,0.89,3.402955575449406e-27,26,RPLP0
4.604702320689392e-31,0.32641356065980487,0.556,0.386,1.397711342422058e-26,26,ANKRD12
4.73519308897107e-31,0.3679486359834242,0.468,0.309,1.4373205102262785e-26,26,SQSTM1
2.333667291048167e-30,0.27999817651201714,0.337,0.19,7.083613695247606e-26,26,GPR171
3.800735136825383e-30,0.2714145710643672,0.341,0.193,1.1536751434319768e-25,26,AC020916.1
1.1378566878700653e-29,0.26942085210606,0.251,0.126,3.4538501903607962e-25,26,CCR7
2.7016174795208623e-29,0.2561397264953621,0.359,0.209,8.2004896973376255e-25,26,BHLHE40
6.559133225351082e-29,0.2884779078768883,0.498,0.325,1.9909592992230675e-24,26,BIRC3
7.357657710196356e-29,0.2986495165129688,0.739,0.574,2.233343421353002e-24,26,CD44
1.5159433432495295e-28,0.2797264920799589,0.65,0.476,4.601494424099622e-24,26,PNRC1
1.7884021365763805e-28,0.2851776134815722,0.999,0.981,5.428515845363945e-24,26,MT-ND3
2.28645147086947e-28,0.2618175364831705,0.999,0.99,6.940294794677189e-24,26,PTMA
1.3600195556800845e-27,0.348938006582431,0.496,0.334,4.1282033593113283e-23,26,RGCC
1.481760577882667e-27,0.28660368682926585,0.555,0.394,4.4977360581050476e-23,26,KMT2E
3.027031503918655e-27,0.30894153526375057,0.592,0.433,9.188251426994685e-23,26,TAGLN2
9.376965366134045e-27,0.2861290300526811,0.998,0.986,2.846284067236328e-22,26,MT-CO2
1.301079433146964e-26,0.35941332406934423,0.995,0.984,3.9492965113742945e-22,26,MT-ND4
1.3160473938956696e-26,0.2871553601716379,0.651,0.473,3.9947302594309157e-22,26,REL
3.324913231777995e-25,0.27206033761251724,0.976,0.964,1.0092441623738926e-20,26,MT-ND1
9.330028517188497e-25,0.2543919568980727,0.462,0.308,2.8320368561073965e-20,26,STK17A
2.088305332367732e-24,0.26359245229616524,0.745,0.592,6.338842005869013e-20,26,MCL1
9.227753958910964e-24,0.34318113828001584,0.497,0.355,2.800992436687834e-19,26,ARL4C
1.4342703228759115e-23,0.26053120596997237,0.538,0.387,4.353584138057542e-19,26,CYCS
4.230775244513633e-23,0.2844683565061845,0.917,0.851,1.2842095177196682e-18,26,HSP90AB1
3.465544687036534e-22,0.33496722087180153,0.736,0.614,1.0519314343030695e-17,26,ANXA1
4.9292325562376076e-20,0.2843391209795647,0.959,0.933,1.4962192501203634e-15,26,MT-ND5
2.105940845488992e-19,0.29648003886359864,0.831,0.743,6.3923728423972864e-15,26,HSPA8
4.132371267172341e-17,0.29711124575942194,0.499,0.378,1.2543399744374924e-12,26,ZFP36L1
6.346213598829252e-15,0.3043431398017875,0.581,0.455,1.926329675788631e-10,26,ID2
4.4131811269872404e-13,0.2673828368211322,0.479,0.379,1.339576999285707e-8,26,H2AFZ
5.55793358680517e-10,0.335674190663253,0.744,0.671,1.6870551609388415e-5,26,JUN
8.527593708297222e-8,0.29336285616217084,0.592,0.523,0.0025884657942165388,26,DUSP1
1.2585175521962806e-4,0.29821819108403225,0.625,0.595,1,26,FOSB
0,4.377239509599337,0.998,0.474,0,27,MT2A
0,3.7393700799886136,0.957,0.134,0,27,MT1X
0,3.252627856876325,0.835,0.073,0,27,MT1E
0,0.795400028441691,0.412,0.041,0,27,MT1F
1.1929441410376034e-63,0.6948634043988643,0.747,0.404,3.621062645705541e-59,27,FAM177A1
1.3063661085900343e-60,0.764661453032641,0.846,0.541,3.96534368601419e-56,27,CREM
2.693972530383786e-55,0.5995651974499223,0.718,0.404,8.177284218726943e-51,27,ISG20
1.9079933708859415e-49,0.545613287613103,0.947,0.74,5.791523077987187e-45,27,CALM1
2.3265250117519045e-49,0.927263566899545,0.737,0.483,7.06193402067173e-45,27,IL7R
9.179075311332209e-48,0.4202638708323776,0.998,0.991,2.7862165200017785e-43,27,EIF1
1.1803174937105853e-47,0.49361773484800875,0.7,0.392,3.5827357204091105e-43,27,RUNX3
2.984727623850378e-47,0.46066567671640135,0.56,0.278,9.059842229435438e-43,27,SPOCK2
6.795349187955482e-47,0.4986984543816263,0.695,0.4,2.062660292512007e-42,27,SMAP2
1.0910964436319768e-44,0.40172875397742147,0.372,0.152,3.3119141450005022e-40,27,S1PR4
1.8117409732313122e-44,0.5705397445554534,0.597,0.321,5.499358550146325e-40,27,TUBA4A
2.2753388946899236e-44,0.4234602189052842,0.551,0.27,6.906563680941794e-40,27,GABARAPL1
5.759186337646308e-44,0.4016070943194666,0.49,0.228,1.74814342092916e-39,27,SLC7A5
8.78829738228962e-44,0.4216453814946297,0.679,0.372,2.6675997874201915e-39,27,FYN
6.830238434217124e-43,0.47436251086061054,0.551,0.289,2.073250574322266e-38,27,TGFB1
1.9044288900118558e-42,0.4878908905827595,0.582,0.308,5.780703452741987e-38,27,SYTL3
4.309631928148601e-41,0.5391812272330607,0.833,0.601,1.3081456754702263e-36,27,SARAF
8.269563365764999e-40,0.32430853559074707,0.381,0.161,2.510143264044308e-35,27,ISCA1
2.5361273456348384e-38,0.3348762269567676,0.364,0.154,7.698160944939988e-34,27,FAM129A
6.76008189868461e-37,0.5148089870305226,0.722,0.46,2.0519552595267264e-32,27,LDHA
6.23427738861536e-36,0.522868320963302,0.938,0.74,1.8923525585403064e-31,27,CXCR4
9.180824393515693e-36,0.49243376219480917,0.747,0.472,2.7867474364077536e-31,27,EZR
9.66546408540376e-36,0.43761093925843075,0.57,0.31,2.9338549684834574e-31,27,RORA
1.1096343976769969e-32,0.3660312966625394,1,0.982,3.3681842507087562e-28,27,MT-CYB
3.1551094777616627e-32,0.4058613150598862,0.743,0.474,9.577019308797751e-28,27,NCL
1.047570088315742e-31,0.44608477022813897,0.833,0.592,3.179794246073603e-27,27,MCL1
1.2075179534344163e-31,0.4137661256845213,0.992,0.964,3.6652999958548274e-27,27,MT-ND1
1.7006262926443255e-31,0.3883403799962182,0.726,0.461,5.162081048692586e-27,27,DDX24
3.338195263255581e-31,0.3290880466510821,0.447,0.226,1.0132757902085992e-26,27,JMJD6
4.520209763704583e-31,0.4346321922913454,0.815,0.574,1.372064471674889e-26,27,SRSF7
1.028988846182881e-30,0.3110577875997748,0.307,0.132,3.123392743703517e-26,27,PMEPA1
1.0429361396432102e-30,0.30090621121601324,0.344,0.157,3.1657283582730003e-26,27,RBM38
1.472277695879076e-30,0.42631099267100603,0.71,0.462,4.468951718071347e-26,27,LEPROTL1
1.8619513244967707e-30,0.3834596595894797,0.897,0.794,5.651767050377498e-26,27,RPL36AL
4.388234332637714e-30,0.3862551015289353,0.722,0.461,1.3320046493288516e-25,27,YPEL5
8.409047489044322e-30,0.47146559181611636,0.531,0.309,2.5524822748245133e-25,27,SQSTM1
8.874707131155104e-30,0.35379650928380424,0.436,0.225,2.6938286025908203e-25,27,UBE2S
1.2434691259951972e-28,0.3171903670578153,0.444,0.234,3.7744261850458216e-24,27,NASP
4.238273634405371e-28,0.414957305913763,0.586,0.359,1.2864855789874064e-23,27,CCNH
6.170268985457205e-28,0.362214569547197,0.708,0.457,1.87292344784568e-23,27,SELENOK
9.031355360930412e-28,0.41765912401055993,0.679,0.444,2.741377606256817e-23,27,SRSF2
1.13302426421987e-27,0.40727003983610555,0.951,0.832,3.4391818516129935e-23,27,JUND
2.453315613121575e-27,0.29979442226457964,0.469,0.252,7.446794212069228e-23,27,CRYBG1
6.836985069320953e-27,0.31246402409127627,0.63,0.384,2.075298447941682e-22,27,UBE2B
1.9830558998561032e-26,0.33011625475038786,0.412,0.217,6.019367878423216e-22,27,RNF125
2.609620649445293e-26,0.3387451901867533,0.572,0.346,7.921242519326243e-22,27,PDCD4
4.2701484970460714e-26,0.28691074516453446,0.442,0.236,1.2961608747933646e-21,27,STAT4
5.1128062537474747e-26,0.32249189167825754,0.525,0.304,1.5519412102625084e-21,27,PIK3IP1
6.15085146902314e-26,0.31804709600011094,0.693,0.43,1.867029454907284e-21,27,CD3D
8.144675336759169e-26,0.3516981355306934,0.77,0.551,2.472234751719878e-21,27,SUB1
2.0598377281004776e-25,0.27453704934513656,0.496,0.279,6.2524314398761894e-21,27,G3BP2
3.36289241737854e-25,0.3509259102451723,0.56,0.337,1.020772364371082e-20,27,SKIL
3.7325514065178447e-25,0.28824441784567556,0.66,0.405,1.1329786539344266e-20,27,PPP2R5C
6.974960303082127e-25,0.4699617457366898,0.959,0.788,2.117179450397549e-20,27,BTG1
8.114733420518045e-25,0.3168905209832362,0.658,0.406,2.4631461824640474e-20,27,CNOT6L
2.473701924629486e-24,0.3584391396929507,0.58,0.359,7.508674822020341e-20,27,ZNF331
6.374659034888286e-24,0.4605498562913537,0.553,0.344,1.9349640034499904e-19,27,LMNA
9.450424978287187e-24,0.27581802571219705,0.691,0.438,2.8685819979092927e-19,27,ETS1
1.1586790768512923e-23,0.35032852556290894,0.907,0.725,3.5170544698744124e-19,27,TSC22D3
1.488476099056771e-23,0.36802281831093886,0.835,0.597,4.518120351076923e-19,27,CCL5
1.833097246096989e-23,0.4878664730337601,0.815,0.614,5.5641833808028e-19,27,ANXA1
3.837687951028681e-23,0.31331449905876274,0.673,0.436,1.164891800655246e-18,27,SAMSN1
4.698684403487528e-23,0.2892036777700805,0.471,0.271,1.4262386638346041e-18,27,GNG2
5.387499011494594e-23,0.27354420091067233,1,0.987,1.6353214499490691e-18,27,MT-ATP6
5.457199201271976e-23,0.36297532564549695,0.572,0.355,1.6564782455540955e-18,27,ARL4C
9.21687344454395e-23,0.3349027277892511,0.379,0.2,2.7976897653568706e-18,27,CD8A
2.0928965583590158e-22,0.2583125009482307,0.422,0.236,6.352778213242957e-18,27,H2AFV
2.4665113054142308e-21,0.3148165519714071,0.574,0.365,7.486848416454356e-17,27,LRRFIP1
3.229033672965355e-20,0.36367540879198534,0.492,0.305,9.801408810919038e-16,27,KDM6B
4.661137056099399e-20,0.4238737110828188,0.877,0.707,1.4148415420084115e-15,27,ZFP36L2
7.319063659702744e-20,0.3002009437276445,0.576,0.373,2.221628583266171e-15,27,CLEC2B
1.2659385186508164e-19,0.2665118289800438,0.539,0.346,3.842629779512688e-15,27,CNBP
3.2270227827975035e-19,0.25198724480322143,0.932,0.787,9.795304954903542e-15,27,ZFP36
7.912670004079449e-19,0.2921447548645547,0.461,0.277,2.401811853038276e-14,27,TSPYL2
2.385181100882589e-18,0.30990232398852535,0.603,0.416,7.23997871361901e-14,27,EIF5
2.44823602514608e-18,0.3045232055692174,0.64,0.442,7.431375630728411e-14,27,GPBP1
9.514856194284178e-18,0.2952600370488724,0.628,0.44,2.8881394492130195e-13,27,NDUFS5
1.6408549186761004e-17,0.25873589933473984,0.498,0.312,4.980651020149435e-13,27,SYAP1
2.3289741141569188e-17,0.3208788133588527,0.558,0.374,7.069368026111912e-13,27,PIK3R1
4.672671735629743e-17,0.25495631331063784,0.525,0.34,1.4183427786330522e-12,27,MAP1LC3B
4.571127485288623e-16,0.2600910447959808,0.658,0.466,1.3875200368845087e-11,27,CYTIP
6.828652123597298e-16,0.2653833255827114,0.977,0.94,2.072769065596724e-11,27,HLA-A
9.928776792041605e-16,0.30041248657331865,0.848,0.616,3.013780907456309e-11,27,TNFAIP3
1.2468877222515073e-15,0.25991882354558726,0.475,0.308,3.784802992122225e-11,27,STK17A
3.2055551550344466e-14,0.27005113063227326,0.862,0.743,9.73014211759156e-10,27,HSPA8
6.953176269455012e-14,0.28260639345982064,0.683,0.536,2.110567124830374e-9,27,SKP1
8.665310656740439e-14,0.2959182404870861,0.286,0.163,2.630268396746993e-9,27,GZMH
2.522437470304424e-13,0.2578678686097837,0.652,0.474,7.656606697362049e-9,27,REL
3.8374348856405056e-13,0.40680532698091465,0.905,0.851,1.164814985187319e-8,27,HSP90AB1
6.054078664075206e-11,0.35729109018530125,0.708,0.569,1.837655037693388e-6,27,DNAJA1
1.1344393816777305e-9,0.3105726657641532,0.467,0.334,3.443477299144583e-5,27,RGCC
2.0488007489197473e-8,0.2584329491366635,0.527,0.396,6.218929793271001e-4,27,KLRB1
1.8774747932290042e-6,0.29085947575441384,0.92,0.894,0.056988869873673194,27,VIM
0,1.905018921807697,0.588,0.029,0,28,MEG3
0,1.6390730986998883,0.557,0.043,0,28,C11orf96
0,1.5607483335665626,0.557,0.02,0,28,RND3
0,1.4641055586402905,0.647,0.08,0,28,SNHG29
0,1.3648842373355514,0.368,0.023,0,28,CRYAB
0,0.9991275784486645,0.433,0.009,0,28,CCN1
0,0.9958538808822726,0.498,0.048,0,28,RBP1
0,0.9852641097233199,0.458,0.035,0,28,IGFBP3
0,0.9761920723916326,0.353,0.005,0,28,MEG8
0,0.9617170844344334,0.573,0.059,0,28,NME2
0,0.9590057338513989,0.601,0.07,0,28,TPM2
0,0.9565706918146168,0.505,0.025,0,28,RAMP1
0,0.940268848076885,0.44,0.037,0,28,GEM
0,0.9082866901026071,0.409,0.025,0,28,MRPS24
0,0.866384804223421,0.424,0.035,0,28,TIMP3
0,0.846464847904888,0.421,0.005,0,28,H19
0,0.8255451378241181,0.43,0.015,0,28,TGM2
0,0.7188968054769476,0.396,0.007,0,28,RORB
0,0.6656212385942583,0.43,0.028,0,28,PCOLCE
0,0.5921694962710534,0.263,0.01,0,28,ARC
0,0.589342693667093,0.313,0.01,0,28,PTN
0,0.5621559158343113,0.381,0.021,0,28,NR2F2
0,0.536117307269012,0.341,0.011,0,28,COL4A2
0,0.4864665577077364,0.285,0.011,0,28,OSR2
0,0.47241344298030263,0.251,0.003,0,28,NPW
0,0.46441594475212045,0.269,0.011,0,28,MIR99AHG
0,0.4618819364175915,0.322,0.013,0,28,HSPB6
0,0.4395815262550488,0.279,0.012,0,28,COL4A1
0,0.3892611776007927,0.257,0.005,0,28,TBX3
0,0.388829209808393,0.279,0.015,0,28,CPXM1
0,0.38454501263343366,0.257,0.012,0,28,NID1
0,0.3724675302873286,0.26,0.012,0,28,ID4
0,0.36665024899834103,0.251,0.003,0,28,AOPEP
5.161681633324716e-308,0.3686472135815727,0.257,0.013,1.5667768429793844e-303,28,SYNPO2
2.3559747125503614e-290,0.888826615283729,0.502,0.052,7.151325642475367e-286,28,MYL9
5.804990656157456e-287,0.6306802339040808,0.446,0.041,1.762046863770034e-282,28,S100A13
4.9800473555181206e-285,1.1229324217803909,0.505,0.054,1.5116435742939703e-280,28,APOE
1.4913062575464654e-283,0.6267100505246346,0.452,0.042,4.5267110141565415e-279,28,SERPING1
4.2908307008154235e-282,0.37980406545534307,0.285,0.017,1.3024387509255136e-277,28,PBX1
1.8187599319278404e-273,0.41749169493666866,0.269,0.016,5.520663897373767e-269,28,PDGFRA
1.8528914894943217e-264,0.6756136438829351,0.452,0.045,5.624266827211064e-260,28,C1R
4.518092844415131e-257,0.33369989720519355,0.257,0.016,1.3714219019937688e-252,28,MXRA8
8.358098592229938e-257,0.7441864927983728,0.412,0.039,2.537017246685475e-252,28,MDK
4.355621691077949e-254,0.6924652130903304,0.446,0.046,1.3221054081098005e-249,28,FBLN1
2.759657752481685e-240,0.41880484042448957,0.285,0.02,8.376665141882907e-236,28,PPP1R14A
3.5397495076299296e-240,0.5308329368717809,0.344,0.029,1.0744555655459888e-235,28,MMP2
7.641272427445241e-240,1.0984490470803574,0.718,0.126,2.3194318326267283e-235,28,CALD1
3.5461340918967555e-237,0.7148649893949371,0.424,0.044,1.0763935422543411e-232,28,SOX4
1.2416292142887933e-235,1.0748449525979467,0.415,0.044,3.768841317052203e-231,28,GADD45G
2.4008585642106897e-235,0.6689748027447062,0.474,0.055,7.287566085805128e-231,28,COL6A2
6.827822527559341e-229,1.003622494611968,0.628,0.099,2.0725172500153622e-224,28,SPARC
1.260365522637686e-225,0.49912929012743323,0.285,0.022,3.825713507414432e-221,28,ADAMTS1
1.6927894769016326e-219,0.7002924507400279,0.536,0.071,5.138293178187216e-215,28,SNHG5
1.0764520738654925e-213,0.5684986142890258,0.381,0.039,3.267462625011316e-209,28,COL6A1
3.150553370278761e-211,0.7380633507190454,0.381,0.04,9.563189700144152e-207,28,EMP1
5.333906139456329e-208,0.561513058798937,0.372,0.039,1.6190538695705742e-203,28,NUPR1
8.49127041510502e-207,0.8569374831924063,0.557,0.082,2.5774402218009776e-202,28,GAS5
1.394157246916001e-205,0.5683140753337983,0.319,0.029,4.231824907288829e-201,28,TRIB1
1.781885709742202e-205,1.2157775627396143,0.467,0.062,5.40873588335148e-201,28,PTGDS
5.034824389170177e-203,0.7674329884262971,0.35,0.035,1.5282705950887157e-198,28,IGF1
6.703195218081747e-193,1.4680640212856897,0.774,0.188,2.0346878764965337e-188,28,COL3A1
1.2211183852127044e-189,1.3242479711754978,0.619,0.119,3.706582746474643e-185,28,ATF3
1.887363059378329e-188,0.6865709508534268,0.424,0.054,5.728901830436979e-184,28,SERPINF1
1.921225319521427e-188,0.3708764378852691,0.269,0.023,5.83168733487534e-184,28,SEPTIN11
1.5463686150323803e-177,0.6859807856521651,0.399,0.051,4.693847294069287e-173,28,TPM1
1.623327384234193e-177,1.4793198898781075,0.709,0.17,4.9274479421044694e-173,28,LUM
3.668427505472926e-177,0.910388808660039,0.517,0.084,1.113514485011252e-172,28,RHOB
5.442458586296519e-172,1.8430054730076462,0.885,0.306,1.6520038792844453e-167,28,EGR1
1.8986616663023415e-171,0.3408440814218448,0.285,0.027,5.763197621894128e-167,28,SEPTIN2
6.305296741652441e-169,0.4420454125138707,0.325,0.036,1.9139097729611822e-164,28,TCEAL9
1.4370998586741786e-168,0.507098417325993,0.35,0.041,4.3621729110196014e-164,28,C1S
7.509457235800675e-164,1.2210744108191824,0.814,0.235,2.279420649354937e-159,28,COL1A1
1.5587679963826676e-159,0.3439802584904659,0.269,0.026,4.731484376219949e-155,28,PALLD
3.5744824632925827e-159,0.38103799205654987,0.272,0.027,1.0849984069078306e-154,28,MFGE8
7.806048445667809e-159,0.7077162598493156,0.477,0.077,2.3694479451980066e-154,28,TCEAL4
1.5221029880031068e-156,0.36729595922724656,0.272,0.027,4.62019140978463e-152,28,PLPP1
1.5411053918370496e-156,0.43623189345224633,0.344,0.041,4.67787130638218e-152,28,SNHG16
3.064940256303994e-156,0.48730061543531206,0.421,0.06,9.303319653985143e-152,28,SELENOP
9.608410257592707e-155,0.737769880570241,0.43,0.066,2.91653684958969e-150,28,KLF4
5.443029797411291e-151,0.49134053634399943,0.257,0.025,1.6521772647062233e-146,28,APOD
2.010250767931488e-148,0.5125327543940946,0.269,0.028,6.101915180979239e-144,28,SERPINE1
9.549327914199718e-148,1.0526842166833803,0.625,0.143,2.8986029950761822e-143,28,EEF1G
1.8773065187000303e-147,0.4785201380181758,0.368,0.05,5.6983762068620715e-143,28,SERPINH1
2.2252185413213763e-144,1.0305085199781376,0.536,0.105,6.754428360326906e-140,28,IGFBP7
2.630754271975796e-142,0.330540961140364,0.288,0.032,7.985391517155331e-138,28,SNHG32
1.822065282921353e-139,1.3051397407541707,0.539,0.113,5.530696959779475e-135,28,TAGLN
3.134231253033212e-138,0.5369343213424999,0.415,0.065,9.513645545457011e-134,28,ATP6V0C
6.073501074126783e-138,0.3864547675197946,0.316,0.039,1.8435505160404438e-133,28,MICOS10
2.6757100495018485e-137,0.35148494551607984,0.251,0.026,8.121850284257911e-133,28,COL6A3
9.99824086689827e-137,1.08349466653307,0.771,0.236,3.034866032738301e-132,28,IFITM3
3.285113364559587e-135,0.5440814516364904,0.409,0.065,9.97163310678417e-131,28,IGFBP4
2.1787653618626058e-134,0.4524966496428324,0.802,0.24,6.6134243793977535e-130,28,GNLY
2.9648410852920104e-131,0.36660719666516645,0.251,0.027,8.999478630295369e-127,28,DST
4.6360009441953016e-129,1.57883546420887,0.972,0.63,1.4072117266010419e-124,28,LGALS1
4.401170228625624e-126,0.5425678644669976,0.433,0.075,1.3359312111970218e-121,28,BASP1
1.909376747038704e-125,0.5894921015262324,0.433,0.075,5.795722177961282e-121,28,LINC-PINT
4.6637591977942804e-123,0.7923347287435338,0.563,0.129,1.4156374668984759e-118,28,SPARCL1
5.935489667097325e-123,0.7935554920611638,0.489,0.099,1.8016585335507222e-118,28,CFD
4.8171039494341986e-117,0.8641097187778144,0.471,0.097,1.4621837328112566e-112,28,KCNQ1OT1
1.2997048922838717e-116,0.39481292891699066,0.3,0.042,3.945124230038464e-112,28,C20orf27
1.3943178659108077e-110,0.6489047845102731,0.344,0.055,4.2323124501856655e-106,28,VCAN
4.132248572451756e-109,0.5863570161575156,0.393,0.073,1.254302731682006e-104,28,MYC
1.1667132063906626e-108,1.1258032763758277,0.885,0.393,3.5414412666782176e-104,28,DCN
2.3999862019981907e-108,0.5433102541304167,0.433,0.087,7.284918117545308e-104,28,PTMS
3.848736364946992e-106,0.31056795038620516,0.279,0.039,1.1682454362160099e-101,28,TOMM6
7.665962439833386e-101,0.4750343493486716,0.319,0.053,2.326926238987026e-96,28,ID1
6.2976019396234936e-99,0.36542924689254314,0.266,0.039,1.9115740927533153e-94,28,PDLIM1
1.7225080407819447e-97,0.39519337170511004,0.276,0.041,5.2285009069895145e-93,28,WEE1
1.4570911154312478e-95,1.0240721077757622,0.737,0.288,4.4228543717800094e-91,28,TXN
1.1694579437405647e-89,1.180898336653267,0.613,0.202,3.54977264243011e-85,28,SOD2
2.5932578674531536e-89,0.33276291919857015,0.272,0.043,7.871574930867303e-85,28,MIR222HG
1.986827726984184e-87,0.5415135157387425,0.467,0.116,6.030816882487792e-83,28,SELENOM
2.2417118200115927e-87,1.0689166274286062,0.724,0.281,6.804492058463189e-83,28,HSPB1
8.08119102451605e-85,1.421247464934824,0.916,0.575,2.4529647235816017e-80,28,RPL17
7.4403346548467e-84,0.8356851386672661,0.69,0.261,2.2584391811321673e-79,28,MIF
7.555763977530644e-83,0.40390419444352704,0.39,0.082,2.2934765977396517e-78,28,SNHG6
6.637282049104164e-82,1.47425921649602,0.923,0.594,2.014680593185078e-77,28,FOSB
3.126872918659564e-81,0.37320963205612157,0.263,0.044,9.49131005729924e-77,28,EGR3
6.772320403883493e-81,0.37286858299351716,0.387,0.082,2.0556701353947952e-76,28,SEPTIN7
1.5014756972071958e-79,0.9254987812182297,0.362,0.081,4.557579331302722e-75,28,IGFBP5
2.710603974224632e-79,1.0121965929596004,0.353,0.076,8.2277673033614485e-75,28,SFRP4
3.3037040818842426e-76,1.5094082862876719,0.966,0.712,1.002806337015143e-71,28,FOS
6.20129497772762e-76,0.8322659953016299,0.653,0.251,1.882341077539442e-71,28,EIF4A1
3.8476749545584576e-75,0.4772590891739159,0.35,0.077,1.1679232557066741e-70,28,SPON2
4.579019824644776e-75,0.3374217636299649,0.272,0.049,1.3899156775726752e-70,28,RARRES2
4.887815747154559e-72,0.8454901007015798,0.598,0.216,1.4836475918912947e-67,28,NR4A1
1.9873894968778766e-69,1.2489580502939974,0.762,0.381,6.032522078823106e-65,28,IER2
1.2925921076487592e-67,0.6151410001130833,0.588,0.205,3.9235340835570436e-63,28,COL1A2
4.156224777358542e-66,0.8762151948121945,0.774,0.378,1.2615804689194118e-61,28,ZFP36L1
1.8028252923412192e-65,0.43498993255838275,0.421,0.113,5.472295892372537e-61,28,RNASEK
4.705250746889592e-62,0.405231915283942,0.418,0.116,1.4282318117108668e-57,28,GABARAP
6.277029411199977e-60,0.782812891951276,0.508,0.183,1.905329507475641e-55,28,NFKBIZ
6.3023086506520496e-58,0.721836572421759,1,0.993,1.913002767818923e-53,28,RPS8
7.484425375244862e-58,0.544187552040337,0.557,0.205,2.2718224784018254e-53,28,LAPTM4A
7.660723843925955e-58,0.8370944545070882,0.95,0.741,2.3253361155852843e-53,28,RPL36A
1.8547676173188542e-56,1.1672105933352876,0.954,0.671,5.62996162560965e-52,28,JUN
5.402022523637927e-54,0.7656325222306337,0.57,0.233,1.6397299168250564e-49,28,TUBA1A
8.56335591442468e-54,0.8357243254164062,0.96,0.774,2.5993210542644675e-49,28,S100A6
3.5937479295981794e-53,0.5344861180694838,0.337,0.093,1.0908462465502314e-48,28,ID3
2.270768876910291e-50,0.5471444147818421,1,0.997,6.892691848973497e-46,28,RPS18
4.665190778590023e-50,0.5486548577782839,0.997,0.985,1.4160720089332157e-45,28,RPL29
1.3166411048093416e-49,0.3248025524282159,0.319,0.086,3.996532409538276e-45,28,ZYX
2.2011689873257362e-48,0.6159313202456791,1,0.988,6.68142834412854e-44,28,RPL12
2.9410702502282815e-48,1.079863080924802,0.975,0.79,8.927324637542926e-44,28,NEAT1
4.2073085759310414e-48,0.8642674211595938,0.715,0.352,1.2770864451381082e-43,28,GSTP1
1.0874361296136494e-47,0.5092328517609674,0.455,0.158,3.3008036278292712e-43,28,CEBPD
3.7052096580907393e-47,0.3294409892013826,0.331,0.093,1.124679339616863e-42,28,YBX3
5.430790372611484e-46,0.3821567229782681,0.3,0.082,1.6484621097024899e-41,28,REV3L
8.109630104417104e-46,0.6786799030080395,0.731,0.416,2.461597121894768e-41,28,COX6C
1.5059506461320035e-45,0.4967028015298434,0.529,0.215,4.5711625912690834e-41,28,LGALS3
3.268782004035966e-44,0.6672063315058387,0.96,0.811,9.922060895050772e-40,28,MYL6
6.125900993468392e-43,0.511005631871792,0.495,0.198,1.8594559875573958e-38,28,TPM4
6.1596315394210086e-43,0.2817282690307471,0.276,0.074,1.869694557475853e-38,28,ZEB1
2.7603841629757757e-41,0.7577726536181919,0.647,0.326,8.37887008829667e-37,28,MGP
1.0809831342008685e-40,0.6941191278895729,0.981,0.907,3.281216205553316e-36,28,ACTG1
4.102483499838372e-40,0.28060923726675646,0.285,0.082,1.2452678415409394e-35,28,ADH5
3.9462431682567374e-37,0.623327765366472,0.446,0.174,1.19784265129265e-32,28,IER3
1.1068020751655892e-36,0.35970204442023834,0.288,0.089,3.35958701895763e-32,28,TWISTNB
1.519336525347949e-36,0.5070858886397238,0.975,0.891,4.6117940890411644e-32,28,RPLP0
2.6335535861036432e-36,0.48111309982413597,0.362,0.131,7.993888555258998e-32,28,SOCS3
1.464351970277879e-35,0.3545145268242391,0.353,0.124,4.444893970581474e-31,28,RBBP6
3.032419796530371e-35,0.7853196920043126,0.805,0.523,9.204607050388288e-31,28,DUSP1
8.672971522286892e-35,0.2882918726028476,0.291,0.091,2.632593775874963e-30,28,KLF9
5.88388631643656e-34,0.4255254257510259,0.988,0.894,1.7859948524911535e-29,28,VIM
4.8447556106149036e-33,0.4716555855007084,0.783,0.477,1.470577118046048e-28,28,CD63
2.791341685389471e-32,0.30763780254588785,0.375,0.14,8.4728385518312e-28,28,MAFF
1.979202955948332e-30,0.3858717287722954,0.44,0.188,6.007672652485567e-26,28,DSTN
2.1653545888035355e-30,0.43274224827476515,0.443,0.194,6.572717318854251e-26,28,CEBPB
6.081268616099368e-30,0.4647731444652783,0.889,0.711,1.8459082757308023e-25,28,RPL4
1.542501303037008e-29,0.6598741349652544,0.932,0.743,4.682108455238534e-25,28,JUNB
2.0198700084366214e-29,0.33494795796216426,0.387,0.158,6.131113423608521e-25,28,SERTAD1
9.066466566377956e-29,0.48670504267772596,0.322,0.119,2.752035261558365e-24,28,TRDC
5.277048439563178e-28,0.41269769864554573,0.433,0.199,1.601795283345007e-23,28,RTN4
4.0746914198509604e-27,0.4198335958929542,0.991,0.969,1.2368318335815605e-22,28,RPL10A
5.9757164945481224e-27,0.39042057491485177,0.39,0.167,1.813868984755137e-22,28,TUBB
2.2044317226710992e-26,0.3398699941156887,0.372,0.159,6.691332050995854e-22,28,BSG
2.2844390460534176e-26,0.49714701044785303,0.613,0.375,6.934186280390543e-22,28,PPIB
4.427551023959121e-26,0.3102089212188472,0.372,0.157,1.3439388378125515e-21,28,MORF4L2
7.222191729185527e-26,0.3105405565939279,0.291,0.107,2.192224077476975e-21,28,BAG3
1.7337468042136646e-25,0.4227356559207114,0.994,0.946,5.262615049510157e-21,28,ACTB
7.454050624265378e-25,0.40157976339122214,0.985,0.959,2.262602526489513e-20,28,RPS5
3.539351168256955e-24,0.546647962276773,0.697,0.463,1.074334653612716e-19,28,PPP1R15A
6.6353900792021985e-22,0.3743341710742638,0.975,0.942,2.0141063046410354e-17,28,RACK1
8.427706690313375e-22,0.34408700398978986,0.997,0.987,2.558146088777722e-17,28,RPL37A
8.348006620216263e-21,0.34452987418228,0.994,0.985,2.5339539295004443e-16,28,RPL7A
1.8764200463789523e-20,0.4041137724765388,0.511,0.285,5.695685408778672e-16,28,TPI1
2.0570107143577505e-20,0.3509684432319169,0.975,0.932,6.243850322361515e-16,28,RPL7
6.508300698343935e-20,0.30226669754374563,0.458,0.238,1.975529593975318e-15,28,CD81
7.493279683306497e-20,0.45060426835253853,0.409,0.218,2.2745101150708542e-15,28,WTAP
8.176491514770552e-20,0.26461833514649624,0.384,0.185,2.4818922343934533e-15,28,OSTC
9.59716359150234e-20,0.5474527940031295,0.743,0.531,2.9131230365646205e-15,28,NFKBIA
5.330995668379717e-19,0.5351306067248065,0.656,0.477,1.6181704251799794e-14,28,PNRC1
6.31619854104693e-19,0.28455092709323004,1,0.995,1.917218905149385e-14,28,RPS24
3.8953075390216986e-18,0.2559082136141372,0.598,0.35,1.1823816503946463e-13,28,RPS17
5.976230909043567e-18,0.3222400288845042,0.582,0.355,1.8140251301310846e-13,28,MZT2B
1.4071037235676276e-17,0.29905566920578736,0.458,0.253,4.271122642517177e-13,28,NDUFA13
2.493762901051541e-17,0.43843051290345914,0.994,0.984,7.569567909851848e-13,28,MT-ND4
2.6893421665122676e-17,0.35549755278800116,0.368,0.192,8.163229212231337e-13,28,EIF4A3
2.893171535715801e-17,0.2900200615418465,0.291,0.133,8.781932879511742e-13,28,GADD45A
2.35536970241466e-16,0.26887716821730123,0.997,0.996,7.1494891947094594e-12,28,RPS4X
2.6103973994264976e-16,0.30525933208594863,0.415,0.225,7.92360026621919e-12,28,UBE2S
3.3567915572820664e-16,0.286884800087817,0.489,0.283,1.0189205092973984e-11,28,TUBB4B
6.275086043512392e-16,0.3436830628026709,0.551,0.353,1.9047396176477514e-11,28,ELOB
6.052260641678632e-15,0.2585993101730785,0.319,0.161,1.837103195175132e-10,28,ARIH1
1.0278301005075948e-13,0.25640596644061536,0.396,0.225,3.1198754870807532e-9,28,YWHAE
4.3492161725637677e-13,0.2594580659351684,0.285,0.145,1.320161077020006e-8,28,BANF1
7.154729695037169e-13,0.27033915671462644,0.381,0.216,2.1717466516315823e-8,28,NUCKS1
1.5298152799364866e-12,0.25784093265693997,0.994,0.972,4.643601300719212e-8,28,RPL6
5.58100593764061e-12,0.28241867268033616,0.325,0.185,1.6940585423114306e-7,28,EIF5A
9.292478843443969e-12,0.2768210326557249,0.563,0.388,2.8206390281389823e-7,28,YBX1
9.447809299462206e-12,0.2602780449196369,0.464,0.296,2.867788034758758e-7,28,SEC61G
1.1345273820326928e-11,0.25207997066437526,0.755,0.566,3.443744415422036e-7,28,XIST
1.486055362761402e-11,0.2863887291951033,0.601,0.411,4.5107724481259597e-7,28,IFITM2
3.5897384473684243e-11,0.2501621444042357,0.799,0.633,1.0896292083142115e-6,28,EEF2
9.370421671460032e-11,0.25528160846314385,0.616,0.463,2.844297794154978e-6,28,EIF3E
2.74454957845845e-10,0.367011164951597,0.991,0.987,8.33080579045278e-6,28,MT-ATP6
3.2340109755571896e-10,0.331869023353462,0.938,0.787,9.816516915206293e-6,28,ZFP36
4.117155024329757e-9,0.25513384131666283,0.427,0.286,1.2497212360850545e-4,28,NDUFB2
6.485680450688362e-9,0.2731747017288936,0.467,0.32,1.9686634440019456e-4,28,COTL1
7.406953609862239e-9,0.25803280782655713,0.341,0.206,2.248306698737584e-4,28,CMC1
8.798182812325055e-9,0.30503983089614195,0.997,0.986,2.6706004108531474e-4,28,MT-CO2
2.4662138839163226e-6,0.26376299857930796,0.455,0.325,0.07485945623239605,28,GADD45B
2.39919069542227e-5,0.2566570082388342,0.997,0.996,0.7282503436884759,28,RPS19
