p_val,avg_log2FC,pct.1,pct.2,p_val_adj,cluster,gene
0,1.5607453773885156,0.884,0.314,0,0,NKG7
0,1.2644827388854398,0.732,0.162,0,0,KLRD1
0,1.141063230758673,0.885,0.457,0,0,CCL5
0,1.0478809225169579,0.477,0.138,0,0,XCL2
0,1.047861950355971,0.601,0.137,0,0,GZMB
0,0.9880789463817045,0.683,0.274,0,0,CD7
0,0.8977375815496065,0.381,0.113,0,0,XCL1
0,0.8878818161288053,0.548,0.138,0,0,PRF1
0,0.8107293890455884,0.721,0.323,0,0,CST7
0,0.7766714082200312,0.694,0.317,0,0,GZMA
0,0.7490134065671448,0.377,0.116,0,0,GZMH
0,0.697608219339453,0.628,0.22,0,0,CTSW
0,0.6522024003237918,0.603,0.302,0,0,KLRB1
0,0.6451806055802192,0.988,0.878,0,0,HLA-B
0,0.6444380592989447,0.756,0.443,0,0,HCST
0,0.6428160231192761,0.933,0.813,0,0,HLA-C
0,0.6347245110954614,0.976,0.88,0,0,HLA-A
0,0.6306910126596034,0.389,0.178,0,0,AREG
0,0.6115405514722818,0.31,0.062,0,0,CLIC3
0,0.6026459032737574,0.326,0.146,0,0,LDLRAD4
0,0.5964802785806744,0.347,0.081,0,0,TRDC
0,0.5941681092206746,0.568,0.328,0,0,FAM177A1
0,0.5901911866771602,0.496,0.186,0,0,CD247
0,0.5741152426792313,1,0.995,0,0,B2M
0,0.5674016391017569,0.323,0.084,0,0,KLRC1
0,0.5631386983612616,0.461,0.16,0,0,HOPX
0,0.5605460403151787,0.52,0.232,0,0,SYTL3
0,0.5588134386736767,0.37,0.166,0,0,CMC1
0,0.5541631017957094,0.646,0.403,0,0,IFITM2
0,0.5324356133933579,0.929,0.699,0,0,SRGN
0,0.5247058295387683,0.349,0.174,0,0,METRNL
0,0.5223861296332877,0.499,0.278,0,0,CEMIP2
0,0.5223653692363879,1,0.995,0,0,TMSB4X
0,0.5208523532848868,0.751,0.182,0,0,GNLY
0,0.48922672665838807,0.478,0.207,0,0,GZMM
0,0.48032349308408123,0.411,0.161,0,0,APOBEC3G
0,0.4690163725262835,0.493,0.201,0,0,TYROBP
0,0.45510547857184847,0.833,0.577,0,0,PTPRC
0,0.4542711622224268,0.586,0.422,0,0,LDHA
0,0.453713262804439,0.531,0.343,0,0,PIK3R1
0,0.4467464073883689,0.807,0.651,0,0,HLA-E
0,0.44483370499748,0.533,0.347,0,0,CRIP1
0,0.4376713578189037,0.364,0.117,0,0,MATK
0,0.434318618798208,0.37,0.118,0,0,IL2RB
0,0.42658190381094685,0.562,0.352,0,0,CORO1A
0,0.41976402830800974,0.539,0.302,0,0,RUNX3
0,0.4169448168272154,0.484,0.263,0,0,ADGRE5
0,0.41394467144869623,0.255,0.087,0,0,TNFRSF18
0,0.40451354739420287,0.67,0.491,0,0,ARPC2
0,0.39963343960939374,0.409,0.207,0,0,GNG2
0,0.3977754106659899,0.291,0.123,0,0,LINC01871
0,0.3962814672771756,0.53,0.339,0,0,CLEC2B
0,0.395042909227047,0.395,0.23,0,0,TGFB1
0,0.3918150171096879,0.677,0.464,0,0,ARHGDIB
0,0.38927737742426327,0.823,0.676,0,0,CALM1
0,0.38477084172068643,0.587,0.373,0,0,LCP1
0,0.3784806632849173,0.434,0.219,0,0,AKNA
0,0.3754959566728318,0.372,0.174,0,0,IFITM1
0,0.3741394090096154,0.496,0.307,0,0,LITAF
0,0.3709735444165718,0.282,0.08,0,0,SLA2
0,0.36095661694884085,0.366,0.179,0,0,VPS37B
0,0.3584760986532439,0.474,0.265,0,0,SLA
0,0.3502950011126357,0.442,0.254,0,0,LSP1
0,0.34828500684460906,0.827,0.583,0,0,CXCR4
0,0.3482139299630776,0.401,0.223,0,0,ALOX5AP
0,0.3363547485185159,0.477,0.281,0,0,EVL
0,0.3339967299757142,0.356,0.164,0,0,ARHGAP9
0,0.33026912662432784,0.383,0.202,0,0,CDC42SE1
0,0.3290281829870974,0.418,0.224,0,0,CD96
0,0.32826432411405254,0.275,0.117,0,0,PLAC8
0,0.3228446200526828,0.441,0.238,0,0,IL2RG
0,0.31963374358757574,0.359,0.175,0,0,PTPN22
0,0.31435320640264364,0.286,0.106,0,0,CHST12
0,0.3090450520917995,0.347,0.179,0,0,ABHD17A
0,0.3064480530440263,0.417,0.238,0,0,SLC38A1
0,0.30089899169052536,0.31,0.139,0,0,GPR65
0,0.29120964129775806,0.29,0.13,0,0,PRKX
0,0.28185240749983115,0.334,0.166,0,0,RNF125
0,0.2785851311008911,0.283,0.114,0,0,APMAP
0,0.2733439510619361,0.304,0.137,0,0,BIN2
0,0.2593453409180999,0.258,0.115,0,0,MAPK1
1.2100309019454578e-307,0.32238643667164535,0.464,0.285,3.6729277997652424e-303,0,RAC2
3.3972939902938383e-305,0.27225105315420367,0.361,0.197,1.0312146178137917e-300,0,TNFRSF1B
6.106133142655648e-303,0.26144256871356064,0.34,0.18,1.8534556541216953e-298,0,STAT4
1.6839455414919929e-301,0.45992759442753783,0.624,0.441,5.111448296644795e-297,0,CREM
1.2625135820786448e-297,0.3744669900767479,0.498,0.317,3.8322337270415185e-293,0,ISG20
5.152352234480201e-297,0.557076002533579,0.57,0.408,1.5639449972541203e-292,0,REL
1.0110695536293994e-296,0.26214410394090903,0.356,0.196,3.069000523086679e-292,0,PAXX
5.9029494502775e-286,0.27853985086523114,0.313,0.164,1.791781276137232e-281,0,DOK2
3.81911025315151e-285,0.36736518507951077,0.548,0.367,1.1592527262416094e-280,0,DDIT4
1.0627467795627918e-278,0.3420903238603103,0.424,0.262,3.2258615746848984e-274,0,FOSL2
6.068689010721189e-274,0.3595839021246925,0.796,0.619,1.8420898623143098e-269,0,TSC22D3
7.185971481237579e-274,0.29484152193494095,0.483,0.312,2.1812297834148547e-269,0,CD53
3.1835917971181137e-271,0.3795534694471512,0.789,0.689,9.663474540972322e-267,0,CFL1
2.3930694525193008e-268,0.2699689160921643,0.323,0.176,7.263923016177086e-264,0,SLC7A5
1.057438439601463e-267,0.32315497682027405,0.426,0.264,3.209748639566281e-263,0,SYAP1
2.190530027495113e-261,0.5111711438399071,0.679,0.548,6.649134845458667e-257,0,PFN1
2.1018743516295404e-256,0.2748880373906375,0.456,0.291,6.380029406936307e-252,0,MSN
1.3907841886918363e-255,0.28200963142330115,0.998,0.987,4.2215863263552e-251,0,PTMA
6.695677117642181e-248,0.29758846942310946,0.411,0.25,2.0324058322891076e-243,0,TUBA4A
5.45177080620315e-246,0.2525396878246622,0.42,0.259,1.654830510514904e-241,0,WIPF1
6.096451765635117e-245,0.2753890549815371,0.452,0.291,1.8505169689408835e-240,0,HLA-F
1.5468749960935545e-242,0.2626677360100248,0.54,0.355,4.6953843631423755e-238,0,ETS1
8.884517356825932e-238,0.3504560684314918,0.547,0.382,2.696806398490943e-233,0,YPEL5
2.3020936000482657e-237,0.34195925395338767,0.555,0.406,6.9877749135865055e-233,0,SRSF2
6.709353752037265e-234,0.2801118195428414,0.347,0.206,2.0365572378933914e-229,0,RALGAPA1
4.788031158437398e-228,0.2707415819279831,0.408,0.257,1.453358977832088e-223,0,GABARAPL1
8.231745709709885e-227,0.3426623496913648,0.594,0.424,2.4986640927253385e-222,0,ID2
8.613653405556758e-220,0.2640333376130327,0.491,0.324,2.6145883547226983e-215,0,CNOT6L
2.577681366005693e-219,0.3471746110184527,0.455,0.297,7.824294018373681e-215,0,DUSP2
2.7641041391204315e-219,0.3892370124558262,0.675,0.556,8.390161703886158e-215,0,MYL12A
1.5220443050140688e-215,0.26926978657247586,0.317,0.187,4.620013283439705e-211,0,CLDND1
6.324370713527905e-213,0.2533953427486977,0.385,0.239,1.9196994863842605e-208,0,ITGB2
7.436893942344198e-209,0.2740875137034532,0.501,0.354,2.257394787259158e-204,0,RAP1B
3.492335179658899e-208,0.25617478686823014,0.367,0.227,1.0600634204336621e-203,0,RARRES3
1.4679164679406116e-207,0.3242035817471902,0.843,0.723,4.4557136467869325e-203,0,BTG1
2.4661071752930757e-205,0.2536378673737325,0.528,0.363,7.485621719884602e-201,0,CYTIP
6.406176969584903e-203,0.2787638014852687,0.668,0.515,1.9445309573478013e-198,0,CYBA
5.557056608863984e-201,0.26858022865773645,0.419,0.278,1.6867889630545737e-196,0,JAK1
1.6032297470913524e-195,0.2644961807977448,0.299,0.178,4.8664435743210915e-191,0,CNOT2
2.181029668541891e-191,0.40630982870827337,0.55,0.411,6.620297455892056e-187,0,IL32
4.205822853132959e-189,0.325189331426346,0.58,0.446,1.2766354688399785e-184,0,NCL
5.424624503610433e-188,0.28421412010806124,0.784,0.661,1.6465905218259108e-183,0,ZFP36L2
5.237983977350723e-187,0.2548851302950325,0.379,0.244,1.5899376564850384e-182,0,STK17A
1.0251740931765259e-186,0.2764254267442654,0.635,0.505,3.1118134424280265e-182,0,SUB1
2.7482122011643685e-183,0.2528580847378796,0.414,0.278,8.341923315414324e-179,0,PGK1
1.844578550619253e-164,0.3235862880253524,0.724,0.613,5.59903373254968e-160,0,SH3BGRL3
1.2676266064513421e-160,0.2738741173192081,0.678,0.567,3.847753801222404e-156,0,RBM39
2.4649246675004055e-158,0.4413813882169535,0.569,0.465,7.482032335730731e-154,0,CD52
1.4130881117886553e-138,0.29242274512290867,0.399,0.281,4.2892876545232844e-134,0,ATP1B3
5.966929525047594e-128,0.2590721194718105,0.377,0.265,1.8112017880329465e-123,0,HMGB2
3.806933922684212e-126,0.25282771058847975,0.528,0.416,1.1555567228915656e-121,0,DNAJB6
1.5098896755457963e-74,0.34416422507371447,0.966,0.95,4.58311912115171e-70,0,ACTB
0,3.9020419418739833,0.991,0.356,0,1,CCL4
0,3.3177374759199623,0.79,0.149,0,1,CCL4L2
0,1.7627095255331717,0.437,0.08,0,1,IFNG
0,1.3883908668041198,0.429,0.141,0,1,XCL2
0,1.35618101673393,0.403,0.133,0,1,CCL3
0,1.2646384400988837,0.921,0.456,0,1,CCL5
0,1.0524020657565163,0.314,0.118,0,1,XCL1
0,1.011217056092462,0.774,0.322,0,1,NKG7
0,1.0031960602663854,0.698,0.346,0,1,CD69
0,0.8948141631756867,0.57,0.291,0,1,DUSP2
0,0.8821072428683445,0.559,0.254,0,1,GZMK
0,0.8640091818754835,0.623,0.308,0,1,NR4A2
0,0.7629867079961151,0.691,0.325,0,1,CST7
0,0.7250006114681928,0.45,0.18,0,1,KLRD1
0,0.6745289923916742,0.515,0.263,0,1,SLA
0,0.6523564529331165,0.284,0.077,0,1,CRTAM
0,0.6498905941189035,0.837,0.583,0,1,CXCR4
0,0.5856603098640176,0.698,0.317,0,1,GZMA
0,0.5637414706319092,0.252,0.053,0,1,TNFSF9
0,0.5623325447154401,0.728,0.445,0,1,HCST
0,0.5382887596722532,0.697,0.512,0,1,SRSF7
0,0.5319218131055599,0.987,0.951,0,1,H3F3B
0,0.519139598706461,0.251,0.092,0,1,TNF
0,0.501376994874444,0.503,0.279,0,1,CEMIP2
0,0.49502664717152056,0.886,0.809,0,1,UBB
0,0.4937368965738806,0.378,0.166,0,1,CMC1
0,0.46992881931254527,0.409,0.186,0,1,TAGAP
0,0.4480287907678435,0.804,0.677,0,1,CALM1
0,0.43837138725579794,0.468,0.284,0,1,RNF19A
0,0.4370359398387563,0.322,0.12,0,1,GZMH
0,0.4368138547308998,0.341,0.151,0,1,PRF1
0,0.4358573969842263,0.822,0.578,0,1,PTPRC
0,0.43186737278148457,0.433,0.249,0,1,TUBA4A
0,0.4160036081339883,0.463,0.209,0,1,GZMM
0,0.41134086430214634,1,0.995,0,1,B2M
0,0.3975447993696033,0.619,0.407,0,1,IL32
0,0.38773568193692876,0.427,0.255,0,1,AMD1
0,0.3705282571224647,0.338,0.15,0,1,CD8A
0,0.3592479583221415,0.924,0.699,0,1,SRGN
0,0.3529560262962044,0.322,0.155,0,1,GZMB
0,0.3501385945352897,0.979,0.879,0,1,HLA-B
0,0.34348383592399145,0.271,0.094,0,1,CCL3L1
0,0.33038429795010393,0.499,0.305,0,1,RUNX3
0,0.29314640841003115,0.267,0.124,0,1,RASGEF1B
0,0.2905482142856707,0.268,0.106,0,1,SH2D1A
0,0.29053910337499733,0.467,0.23,0,1,CTSW
0,0.2896016871556363,0.336,0.166,0,1,APOBEC3G
0,0.2875487822123226,1,0.993,0,1,MALAT1
0,0.26625890813508235,0.251,0.099,0,1,PYHIN1
9.62681219722818e-308,0.31809589049353537,0.965,0.881,2.922122574346642e-303,1,HLA-A
2.5817137025356032e-289,0.47037473981786615,0.601,0.424,7.83653377267657e-285,1,ID2
1.2515254940587245e-288,0.33417548881068004,0.917,0.814,3.7988804846658524e-284,1,HLA-C
1.2169907276936498e-282,0.4279615684595691,0.514,0.345,3.6940536548413047e-278,1,PIK3R1
5.539476143730154e-276,0.3829022805194109,0.558,0.381,1.681452588667851e-271,1,YPEL5
1.707121421471239e-259,0.30905375599375395,0.543,0.362,5.181796362733799e-255,1,CYTIP
1.7699702231620534e-253,0.5258448370876647,0.976,0.937,5.372567615386097e-249,1,HSP90AA1
4.4468219226514033e-250,0.35979122790548346,0.504,0.341,1.349788326401607e-245,1,CLEC2B
5.542880211558864e-244,0.33103243694956497,0.774,0.653,1.6824858594165775e-239,1,HLA-E
4.7268227804821715e-231,0.25018565306509544,1,0.995,1.4347797867875583e-226,1,TMSB4X
9.97465465746546e-228,0.3988179610085094,0.713,0.558,3.0277066747270655e-223,1,TNFAIP3
2.1986692581268626e-222,0.5679355642454258,0.798,0.683,6.673840666118278e-218,1,DNAJB1
1.0914239333842913e-220,0.26427775629080497,0.445,0.292,3.3129082073946774e-216,1,HLA-F
2.4883955102431346e-217,0.25238982867395066,0.353,0.211,7.553275731792012e-213,1,GNG2
2.0932370611684477e-215,0.2596001567109074,0.332,0.196,6.353811775470706e-211,1,CD247
1.4697814035183202e-210,0.2654000389402035,0.523,0.357,4.4613744722395093e-206,1,ETS1
1.5133004328177994e-210,0.27953700987395436,0.512,0.355,4.593472133775148e-206,1,STK17B
3.110899144627421e-208,0.33804200895987835,0.779,0.621,9.442823263602073e-204,1,TSC22D3
7.7480619165762e-207,0.2820203669882896,0.597,0.434,2.35184671415754e-202,1,STK4
1.4624799546540588e-201,0.43086577910395596,0.437,0.299,4.43921165435693e-197,1,ZNF331
3.1150986527865017e-201,0.2654401336387223,0.33,0.2,9.455570450668147e-197,1,RHOH
8.93519910789332e-198,0.3333612290533342,0.337,0.209,2.712190337209938e-193,1,NEU1
1.514746086143487e-194,0.27462617207482265,0.492,0.336,4.597860269879941e-190,1,CD3D
4.184009924853857e-194,0.39045972250365435,0.312,0.187,1.2700143725901399e-189,1,DUSP4
8.863565368546913e-192,0.2882312017450084,0.523,0.376,2.69044663196873e-187,1,ELF1
1.0411345610703977e-191,0.2977824047446016,0.84,0.724,3.1602598466730854e-187,1,BTG1
2.493530658429372e-180,0.25317513325200114,0.527,0.377,7.568862960596515e-176,1,LCP1
2.98246705721729e-178,0.4282594948034957,0.687,0.583,9.052980505477361e-174,1,DNAJA1
1.0976494834758194e-173,0.35501459092119836,0.544,0.41,3.331805242142502e-169,1,REL
7.276672005307535e-172,0.2680842180254459,0.257,0.149,2.208761020491049e-167,1,NR4A3
1.606276392053748e-168,0.3735969254243363,0.741,0.634,4.875691360439946e-164,1,KLF6
1.6579194692888183e-166,0.2794109343563347,0.457,0.32,5.03244875707928e-162,1,ISG20
1.848361269632296e-159,0.2672199948668563,0.546,0.386,5.610515797841872e-155,1,RGS1
3.647843754557545e-158,0.38874976583403287,0.915,0.844,1.1072664932583972e-153,1,JUND
1.2616847283548556e-149,0.3372319853354142,0.808,0.736,3.829717824448329e-145,1,HSPA8
2.2924626002535253e-144,0.28358731775281054,0.617,0.506,6.958540976809551e-140,1,DDX3X
4.6116439808380143e-144,0.2586863871292864,0.769,0.662,1.3998184139435708e-139,1,ZFP36L2
5.899690007552822e-139,0.28232939398532775,0.887,0.806,1.7907919048925836e-134,1,ZFP36
6.101088750580567e-133,0.25332526666070787,0.462,0.335,1.8519244793512253e-128,1,FAM177A1
3.035864227407677e-121,0.260984611386067,0.526,0.417,9.215062275873262e-117,1,DNAJB6
1.0515059110269058e-120,0.2519366353017243,0.653,0.568,3.1917410423310696e-116,1,RBM39
2.8023907263728488e-117,0.2775082707435199,0.571,0.444,8.506376810832145e-113,1,CREM
1.352457104768294e-116,0.251955224517431,0.646,0.558,4.10524829581368e-112,1,MYL12A
3.2331946790098477e-108,0.27585691126500667,0.735,0.636,9.814039128666492e-104,1,TXNIP
3.97903170103394e-100,0.33272531235908953,0.275,0.186,1.207795282531842e-95,1,AREG
7.880363022326441e-72,0.2532767492532265,0.368,0.282,2.392005391796968e-67,1,RGCC
7.888473358366707e-67,0.30611047544699943,0.646,0.572,2.39446720319863e-62,1,HSPA1B
0,1.7524358995751195,0.973,0.717,0,2,HSPA1A
0,1.7370419400723685,0.958,0.553,0,2,HSPA1B
0,1.3644104703045885,0.993,0.936,0,2,HSP90AA1
0,1.2732082627514454,0.94,0.675,0,2,DNAJB1
0,0.9800511671989607,0.8,0.521,0,2,HSPE1
0,0.8938349643267354,0.779,0.451,0,2,HSPH1
0,0.8375272940554463,0.646,0.432,0,2,HSPD1
0,0.709031882016571,0.48,0.239,0,2,LTB
0,0.6367010973721305,0.698,0.403,0,2,IL32
0,0.566155190762772,0.696,0.469,0,2,CCL5
0,0.559684609869225,0.831,0.735,0,2,HSPA8
0,0.5439310314489383,0.827,0.631,0,2,TXNIP
0,0.5324059366128924,0.515,0.268,0,2,CACYBP
0,0.5247824272301851,0.554,0.267,0,2,TRAC
0,0.5223378879705283,0.676,0.372,0,2,IL7R
0,0.5027510148181555,0.88,0.809,0,2,UBB
0,0.4984020076752125,0.703,0.457,0,2,CD52
0,0.48099306939817055,1,0.993,0,2,MALAT1
0,0.4726454393020232,0.998,0.99,0,2,RPS3
0,0.46364642634315345,0.998,0.981,0,2,RPS29
0,0.4069457381477475,0.606,0.329,0,2,CD3D
0,0.405501006404025,0.6,0.368,0,2,CD48
0,0.40372557782754226,0.569,0.305,0,2,CD3E
0,0.40328547350887334,1,0.997,0,2,RPS27
0,0.39615250491743315,0.436,0.248,0,2,CHORDC1
0,0.3939576440837096,0.718,0.554,0,2,MYL12A
0,0.37428945725420393,0.997,0.991,0,2,RPL19
0,0.36332769821304867,0.998,0.993,0,2,RPL30
0,0.35654941861178013,0.997,0.987,0,2,RPL23A
0,0.3528332910788936,0.43,0.227,0,2,KIAA1551
0,0.35039303336307803,0.998,0.995,0,2,RPS14
0,0.3489976347276872,0.506,0.299,0,2,TRBC2
0,0.3412071505674934,1,0.995,0,2,B2M
0,0.3357583067537101,0.43,0.224,0,2,RARRES3
0,0.3219577451545902,0.435,0.214,0,2,CD3G
0,0.3194150737156113,0.553,0.321,0,2,CD2
0,0.31552044975327315,0.467,0.254,0,2,ACAP1
0,0.31325908844748396,0.997,0.992,0,2,RPL3
0,0.3119738998244461,0.992,0.978,0,2,RPS25
0,0.309661476220775,0.998,0.994,0,2,RPS15A
0,0.30164832710507206,0.999,0.993,0,2,RPS27A
0,0.29662271577301924,0.999,0.994,0,2,RPS19
0,0.29658643632697407,0.304,0.148,0,2,TECR
0,0.2907424720198666,0.999,0.996,0,2,RPL28
0,0.288595094971027,0.996,0.989,0,2,RPLP2
0,0.2723763842499043,0.277,0.129,0,2,DEDD2
0,0.25878159441056575,0.328,0.156,0,2,LCK
7.422734881489945e-306,0.3142765092755352,0.405,0.234,2.253096945927458e-301,2,TCP1
3.2541964887775824e-300,0.25035303270116355,0.355,0.19,9.877788022035474e-296,2,SEPT6
1.8731076283269041e-293,0.31773239598496317,0.549,0.353,5.685630895023485e-289,2,CORO1A
5.752535631069473e-287,0.334661429679862,0.919,0.814,1.7461246654548277e-282,2,HLA-C
6.829035777170279e-279,0.2663813531123891,1,0.999,2.0728855198022667e-274,2,RPL10
8.246715424335387e-278,0.40622748497618877,0.421,0.249,2.5032079999027634e-273,2,TRBC1
9.492628595282405e-278,0.3390670752169487,0.65,0.45,2.8813924838120213e-273,2,HCST
5.1830021782928295e-270,0.2902080804789183,0.325,0.176,1.5732484811990055e-265,2,NABP1
9.287996764089557e-264,0.47530193954733657,0.43,0.262,2.819278537771744e-259,2,GZMK
1.791264682943519e-262,0.4058090788723354,0.76,0.613,5.437204818606757e-258,2,S100A4
2.4746553669824654e-259,0.6712822935019354,0.884,0.87,7.511568900938575e-255,2,HSP90AB1
6.34252728835003e-257,0.2777635472332607,1,0.999,1.9252107331057681e-252,2,EEF1A1
5.39226365548497e-250,0.2860692117650541,0.337,0.193,1.6367677099859077e-245,2,AHSA1
1.9306323752666895e-249,0.27017347379055634,1,0.997,5.8602415118845096e-245,2,RPS12
8.344370289085794e-245,0.2985706289312102,0.816,0.72,2.532850157549102e-240,2,TOMM7
8.615734611864442e-244,0.25855565455203156,0.998,0.995,2.6152200840853327e-239,2,RPS4X
5.7543232721271865e-238,0.25082217196071477,0.303,0.165,1.7466672860214862e-233,2,DOK2
1.4289131315794606e-226,0.590797895563691,0.966,0.956,4.337322919596295e-222,2,UBC
3.4282949972655616e-226,0.4344106378331045,0.476,0.31,1.0406246634699886e-221,2,KLRB1
8.436122466426331e-226,0.2538218130284656,0.498,0.33,2.5607006134590486e-221,2,GMFG
4.307065303655575e-215,0.26750866962008873,0.281,0.156,1.3073666022716132e-210,2,MRPL18
2.7041645224241048e-205,0.2708339544751574,0.391,0.25,8.208220991366127e-201,2,TAF7
1.2924255807933406e-204,0.26130106905959016,0.61,0.433,3.923028607940106e-200,2,STK4
8.647941282468898e-202,0.5370293938720612,0.511,0.357,2.6249960968806093e-197,2,CD69
6.316905305946264e-192,0.26400657762264457,0.955,0.923,1.917433436566929e-187,2,RPSA
6.591186091358616e-155,0.5621627712026844,0.639,0.586,2.0006886261709945e-150,2,DNAJA1
3.0263528926596443e-119,0.27540493869099825,0.371,0.262,9.186191570379085e-115,2,RGS2
3.147730023884749e-109,0.256969771438483,0.307,0.211,9.554619714499767e-105,2,NEU1
5.638466536085402e-108,0.45812543738911327,0.773,0.724,1.7115001323633628e-103,2,JUN
0,2.0641815710415425,0.997,0.3,0,3,HBB
0,2.009673842668383,0.991,0.263,0,3,HBA2
0,1.5314472859411312,0.901,0.165,0,3,HBA1
0,0.8812632702782286,0.685,0.373,0,3,IL7R
0,0.6038439019610351,0.703,0.47,0,3,CCL5
0,0.5282494203574011,0.852,0.577,0,3,PTPRC
0,0.5016536658068294,0.697,0.404,0,3,IL32
0,0.5002175696714997,0.55,0.268,0,3,TRAC
0,0.4826548884596322,0.474,0.241,0,3,LTB
0,0.47937088765858427,0.832,0.584,0,3,CXCR4
0,0.47583708305272654,0.603,0.319,0,3,CD2
0,0.4615223539804916,0.999,0.981,0,3,RPS29
0,0.45117843571026883,0.944,0.813,0,3,HLA-C
0,0.4417954339181436,0.726,0.513,0,3,SARAF
0,0.42177886281246013,0.632,0.329,0,3,CD3D
0,0.4142144665185352,0.611,0.353,0,3,ETS1
0,0.40708806597471625,0.627,0.367,0,3,CD48
0,0.40013657648898737,0.678,0.43,0,3,STK4
0,0.3971819914806645,0.455,0.226,0,3,KIAA1551
0,0.38517474792140005,0.519,0.299,0,3,TRBC2
0,0.37448401607684145,0.999,0.99,0,3,RPS3
0,0.3726225422198206,0.701,0.458,0,3,CD52
0,0.3667812352868678,1,0.997,0,3,RPS27
0,0.3618038797429258,0.57,0.307,0,3,CD3E
0,0.3608230627177602,0.999,0.993,0,3,RPL30
0,0.3606555763705215,0.462,0.262,0,3,RORA
0,0.3478673084853394,1,0.995,0,3,B2M
0,0.34080585072666736,0.982,0.88,0,3,HLA-B
0,0.3401733673499403,0.997,0.991,0,3,RPL19
0,0.33211692110328794,0.359,0.176,0,3,GIMAP7
0,0.3164238894744493,0.444,0.237,0,3,PIK3IP1
0,0.3021022550967061,0.996,0.987,0,3,RPL23A
0,0.30010992606328046,0.42,0.216,0,3,CD3G
0,0.2876335361559594,0.41,0.213,0,3,SPOCK2
0,0.28672567214190015,0.418,0.225,0,3,RARRES3
0,0.28664119644942826,0.372,0.19,0,3,CLEC2D
1.9868851193412645e-302,0.330144576030607,0.963,0.882,6.030991091248474e-298,3,HLA-A
1.8027031643686976e-301,0.2655816577440202,0.393,0.214,5.471925185124745e-297,3,AES
1.2646475923925174e-299,0.2570057015858325,0.362,0.191,3.8387113019482473e-295,3,SEPT6
9.858863614408271e-285,0.3666805231670489,0.467,0.28,2.992559461517487e-280,3,ARL4C
1.1947869423449553e-281,0.4198722601368504,0.429,0.249,3.6266562847938773e-277,3,TRBC1
1.5329913102935374e-279,0.2678553414575097,0.379,0.209,4.653241823265004e-275,3,IKZF1
5.779848823480538e-278,0.27104441324799244,0.389,0.214,1.7544153118792824e-273,3,GZMM
5.036498750363721e-271,0.251697014924662,1,0.996,1.5287788306854038e-266,3,RPL28
3.658507851299715e-267,0.2888800970462331,0.998,0.993,1.1105034731835155e-262,3,MALAT1
4.276184531843911e-261,0.26779614605494206,0.475,0.291,1.2979930527959007e-256,3,HLA-F
3.52068804694082e-259,0.4976591927270311,0.433,0.263,1.0686696497684165e-254,3,GZMK
1.913982058246636e-256,0.27312474352251437,0.998,0.995,5.809701139601839e-252,3,RPS14
7.483350174465162e-256,0.28638416228224906,0.562,0.362,2.271496111957155e-251,3,CYTIP
2.655699535649532e-254,0.28326854761868625,0.519,0.328,8.06111037051059e-250,3,PPP2R5C
6.3511271121245e-243,0.2645653661794016,0.413,0.242,1.9278211236142706e-238,3,SYNE2
8.589202270568168e-243,0.2573702005198415,0.993,0.978,2.6071664572082616e-238,3,RPS25
1.709885071496902e-240,0.25229554904222595,0.35,0.194,5.190185146021696e-236,3,CRYBG1
3.60898567008542e-239,0.31318686498898396,0.807,0.652,1.0954715102977285e-234,3,HLA-E
1.2872637432392283e-238,0.2834388573414417,0.569,0.373,3.907360366228354e-234,3,LEPROTL1
1.4111532228369735e-238,0.25353394363746373,0.999,0.993,4.283414492599349e-234,3,RPS27A
3.830306580223432e-238,0.2829570826710792,0.479,0.302,1.1626512593610204e-233,3,FYN
1.071745471118638e-236,0.29296703669807567,0.664,0.466,3.253176203033514e-232,3,ARHGDIB
2.379506773992445e-226,0.42745774152523164,0.484,0.31,7.222754861776667e-222,3,KLRB1
6.604819968322485e-225,0.2789547771886498,0.851,0.767,2.004827053184607e-220,3,RPL36AL
8.439681461251368e-221,0.2604075144363609,0.999,0.994,2.56178091074824e-216,3,RPS19
9.171112105724386e-220,0.46488444785964034,0.751,0.636,2.7837993685715803e-215,3,TXNIP
2.1179079016425876e-215,0.25739861701072897,0.996,0.98,6.42869764464591e-211,3,RPS2
3.0047568195932922e-214,0.4086223008051082,0.778,0.622,9.120638850193479e-210,3,TSC22D3
2.959102558327005e-197,0.25687100166359245,0.645,0.451,8.982059905545792e-193,3,HCST
4.229644373839834e-196,0.255466765370461,0.999,0.997,1.2838662532353432e-191,3,RPS12
2.440542318455199e-193,0.263157517029057,0.821,0.72,7.408022153438912e-189,3,TOMM7
3.1415504347583695e-181,0.2538151712864658,0.534,0.356,9.535862189665556e-177,3,CD69
3.730064961971462e-176,0.3134936966145736,0.667,0.515,1.1322239185568175e-171,3,SRSF7
2.739084165480009e-175,0.2898148549352624,0.364,0.229,8.31421607589802e-171,3,FAM107B
2.0987770117695428e-165,0.2528773477719879,0.797,0.678,6.3706277415252705e-161,3,CALM1
4.39854005477958e-164,0.2546856563372457,0.515,0.366,1.3351328482277937e-159,3,N4BP2L2
9.22035325216305e-159,0.2575776736666162,0.951,0.923,2.798746026161572e-154,3,RPSA
3.900490028221029e-144,0.41874987578996326,0.758,0.663,1.1839547431662112e-139,3,ZFP36L2
7.344134255666026e-129,0.2775998839454492,0.673,0.557,2.2292385119648655e-124,3,MYL12A
1.5325102748624034e-126,0.34650258460361627,0.807,0.726,4.6517816883173395e-122,3,BTG1
1.524551117043135e-118,0.5342009827957055,0.385,0.281,4.627622460672732e-114,3,RGCC
1.7743946706107273e-107,0.4648857761856413,0.652,0.567,5.385997583171802e-103,3,ANXA1
1.1576186152784547e-73,0.2997859430043175,0.392,0.302,3.5138355448162214e-69,3,DUSP2
2.569015357951238e-35,0.4039850364771089,0.814,0.85,7.7979892175251885e-31,3,JUND
0,0.8121508482791703,0.632,0.265,0,4,TRAC
0,0.7134685639169949,0.842,0.632,0,4,TXNIP
0,0.6709064995764233,0.999,0.981,0,4,RPS29
0,0.6642229771823354,0.712,0.404,0,4,IL32
0,0.6565552197310396,0.687,0.374,0,4,IL7R
0,0.6498472223660208,0.494,0.24,0,4,LTB
0,0.6020819347580373,1,0.997,0,4,RPS27
0,0.5979394286681115,0.999,0.99,0,4,RPS3
0,0.5826363734911109,0.999,0.991,0,4,RPL19
0,0.5501688852947969,0.446,0.249,0,4,TRBC1
0,0.5331603319910259,1,0.995,0,4,RPS14
0,0.5301891279831055,0.999,0.993,0,4,RPL30
0,0.5206024154106224,0.727,0.457,0,4,CD52
0,0.519925410667629,0.998,0.987,0,4,RPL23A
0,0.5126965928901397,0.976,0.922,0,4,RPSA
0,0.5099234350165016,0.635,0.368,0,4,CD48
0,0.508089048559683,0.637,0.33,0,4,CD3D
0,0.5074489546650451,0.435,0.173,0,4,GIMAP7
0,0.4977456964679643,1,0.999,0,4,EEF1A1
0,0.495162771603594,0.601,0.32,0,4,CD2
0,0.4945755133973462,0.997,0.978,0,4,RPS25
0,0.49411349095528356,0.999,0.992,0,4,RPL3
0,0.4901488384553801,0.482,0.226,0,4,KIAA1551
0,0.4817660479873729,0.533,0.299,0,4,TRBC2
0,0.4806830798668362,0.95,0.813,0,4,HLA-C
0,0.47951801537965055,0.731,0.554,0,4,MYL12A
0,0.47146752444306594,1,0.997,0,4,RPS12
0,0.4688585429220402,0.999,0.994,0,4,RPS28
0,0.46565698704851555,0.591,0.353,0,4,CORO1A
0,0.4615006025680195,1,0.993,0,4,RPS27A
0,0.4552237274360862,1,0.996,0,4,RPL28
0,0.4499582942047753,0.999,0.994,0,4,RPS15A
0,0.4488087006084345,0.999,0.989,0,4,RPLP2
0,0.4350939230143309,0.999,0.994,0,4,RPL11
0,0.4335341823772234,1,0.999,0,4,RPL10
0,0.4296669346162525,1,0.995,0,4,RPS4X
0,0.42601711377016827,0.999,0.994,0,4,RPS19
0,0.4197663044013141,0.574,0.307,0,4,CD3E
0,0.4156944282211015,0.848,0.719,0,4,TOMM7
0,0.41524823501676744,0.998,0.987,0,4,RPL35A
0,0.4139535144815465,0.974,0.982,0,4,RPS2
0,0.41249409349300814,0.997,0.988,0,4,RPL21
0,0.4113679868011919,0.826,0.579,0,4,PTPRC
0,0.41012231849920466,0.998,0.988,0,4,RPL9
0,0.406820467316209,0.999,0.993,0,4,RPS3A
0,0.4001607999123431,0.992,0.991,0,4,RPL13
0,0.4001549451739823,1,0.996,0,4,RPL32
0,0.3993463705133271,0.999,0.992,0,4,RPS23
0,0.39823907824502447,0.816,0.652,0,4,HLA-E
0,0.3964463329112982,0.461,0.214,0,4,CD3G
0,0.39516322620591593,0.999,0.993,0,4,RPL18A
0,0.3944742743371883,0.998,0.984,0,4,RPL7A
0,0.3912145153759733,0.319,0.099,0,4,TRAF3IP3
0,0.3843920808839468,0.399,0.199,0,4,ATM
0,0.3811237924468176,0.999,0.993,0,4,RPS15
0,0.37924781413543274,0.997,0.985,0,4,RPS16
0,0.3768868117186388,0.998,0.989,0,4,RPS6
0,0.3758049770323302,0.999,0.995,0,4,RPL34
0,0.37560599594366506,0.998,0.984,0,4,RPL36
0,0.37533296855977305,0.998,0.989,0,4,RPL18
0,0.3702334230575559,0.978,0.945,0,4,RPL27
0,0.3684403914201875,0.998,0.991,0,4,RPL37
0,0.3654723449650068,0.988,0.946,0,4,RPS21
0,0.36337779168843376,0.999,0.999,0,4,TPT1
0,0.36314482254550073,0.991,0.963,0,4,RPL5
0,0.36264785211326445,0.484,0.282,0,4,EVL
0,0.362404600731565,0.476,0.255,0,4,ACAP1
0,0.3598293585471473,0.438,0.225,0,4,RARRES3
0,0.3584825746237407,0.333,0.141,0,4,SLFN5
0,0.357416549622128,0.995,0.979,0,4,RPL14
0,0.3468412789760492,0.414,0.208,0,4,IKZF1
0,0.3465227156718531,0.996,0.978,0,4,RPL27A
0,0.3462100076973318,1,0.998,0,4,RPL41
0,0.34440981319848074,0.998,0.988,0,4,RPL37A
0,0.3428138002424207,0.395,0.189,0,4,SEPT6
0,0.3418491800520962,0.999,0.988,0,4,RPL13A
0,0.3368319881202546,0.984,0.948,0,4,RPL38
0,0.33514565404480345,0.996,0.982,0,4,RPS13
0,0.33424908695493727,0.993,0.977,0,4,RPL35
0,0.3200224078898437,0.324,0.135,0,4,GIMAP4
0,0.31237434892739424,0.994,0.969,0,4,RPL10A
0,0.31151985907507473,0.996,0.985,0,4,RPL29
0,0.30955705770647185,0.394,0.215,0,4,AES
0,0.3012812190801517,0.276,0.095,0,4,GIMAP1
0,0.3005449901518318,0.348,0.156,0,4,LCK
0,0.29852166776717404,0.998,0.983,0,4,RPS7
0,0.2910576024157226,0.305,0.131,0,4,OXNAD1
0,0.29104193607238793,1,0.997,0,4,RPS18
0,0.2895415505408807,0.997,0.986,0,4,FAU
0,0.27444796906863717,0.299,0.128,0,4,TBC1D10C
0,0.26748649407151776,0.289,0.133,0,4,TC2N
0,0.2659210080064515,0.254,0.098,0,4,CD27
2.6182391059646603e-305,0.30022264718342473,0.382,0.204,7.94740298224513e-301,4,AAK1
3.686187880675789e-298,0.31610870301778515,0.445,0.255,1.118905469300329e-293,4,FYB1
1.9871987473328123e-297,0.2974965971862047,0.996,0.983,6.031943077654018e-293,4,RPL8
4.5920643007283183e-296,0.35798936212191956,0.471,0.29,1.3938751978430737e-291,4,LDHB
7.277918437377373e-295,0.3092120186511602,0.993,0.973,2.2091393624815278e-290,4,RPL6
1.5992739824771845e-288,0.38493118861236075,0.551,0.365,4.854436246411246e-284,4,N4BP2L2
5.612214246157475e-280,0.31975516018011585,0.473,0.286,1.70353151227864e-275,4,RAC2
5.618978031181923e-269,0.31909498146575865,0.969,0.937,1.7055845915849608e-264,4,RPL22
7.987456225988742e-269,0.3056486553302231,0.52,0.33,2.4245124628366227e-264,4,GMFG
9.623439276450779e-268,0.30570821088384914,0.984,0.958,2.9210987579738694e-263,4,RPS5
9.121926081248705e-265,0.3691448169735956,0.901,0.847,2.7688694427022317e-260,4,EEF1B2
1.387300982099021e-264,0.2867000946306746,1,0.995,4.211013401063368e-260,4,B2M
4.853275545127949e-262,0.3060944062796037,0.559,0.356,1.4731632589681378e-257,4,ETS1
1.65985309838606e-256,0.31664081454967485,0.882,0.812,5.038318094841047e-252,4,EEF1D
6.48806259134694e-255,0.2893213546653485,0.414,0.239,1.9693865189774502e-250,4,PIK3IP1
2.8216163683239236e-246,0.3352475193302541,0.558,0.387,8.564734324410437e-242,4,NOP53
3.2003044127474977e-246,0.28430692822217063,0.976,0.944,9.714204014453754e-242,4,RACK1
3.0603609678373776e-244,0.26832400991811767,0.999,0.994,9.289419681773576e-240,4,RPL39
2.556165471650287e-240,0.25839432502739523,0.996,0.989,7.758984672647281e-236,4,RPL15
1.906250269015535e-236,0.315673566686697,0.966,0.882,5.786232066569755e-232,4,HLA-A
1.7102528868086374e-228,0.2569691429527383,0.988,0.97,5.191301612618938e-224,4,UBA52
9.621965456546056e-227,0.2928034617861974,0.956,0.908,2.9206513946799897e-222,4,RPS10
1.0068949417866371e-225,0.28060715551437343,0.944,0.899,3.056328906299158e-221,4,RPS20
3.8870967396446975e-223,0.2949612193196419,0.657,0.467,1.1798893443517516e-218,4,ARHGDIB
8.188015678819399e-223,0.2532962164100937,0.279,0.145,2.48539027914884e-218,4,IKZF3
1.8848583294922495e-219,0.29182086209585045,0.858,0.766,5.721298973340774e-215,4,RPL36AL
7.613586579996514e-217,0.28180243765279256,0.457,0.292,2.311028070492142e-212,4,HLA-F
2.214404605654584e-202,0.26766826507799035,0.365,0.216,6.721603740003924e-198,4,GZMM
1.7462468805630723e-196,0.260676947420869,0.98,0.952,5.30055778126115e-192,4,NACA
7.436889680431315e-195,0.2774552738209457,0.98,0.88,2.2573934935981214e-190,4,HLA-B
1.3695435616385906e-190,0.2715390273101704,0.393,0.244,4.157112526997778e-186,4,SYNE2
5.81486375529455e-188,0.3784500450005166,0.74,0.615,1.7650437442821076e-183,4,S100A4
8.979393193643057e-166,0.2807040629419777,0.688,0.567,2.7256050099984134e-161,4,TMA7
1.1746141935667053e-164,0.2829355805796667,0.618,0.453,3.5654239231523774e-160,4,HCST
8.140317887362643e-152,0.48401232132593036,0.25,0.144,2.4709120915300566e-147,4,HIST1H4C
6.809933669047062e-147,0.28212718880496124,0.865,0.802,2.0670872659025453e-142,4,RPL31
1.1129792915160384e-141,0.3054062900670207,0.501,0.377,3.3783373414677827e-137,4,DDX17
5.355996603745702e-127,0.42281378297652106,0.599,0.476,1.6257592091009702e-122,4,CCL5
2.558017557296545e-109,0.3803033294851701,0.375,0.266,7.764606493417933e-105,4,GZMK
1.636136512721187e-82,0.40397091051551914,0.748,0.713,4.966328770713891e-78,4,RPS26
0,1.0170357253380602,0.773,0.371,0,5,IL7R
0,0.8881820149645048,1,0.985,0,5,MT-CYB
0,0.830205724796309,1,0.986,0,5,MT-ND4
0,0.7732821467891693,1,0.987,0,5,MT-CO3
0,0.7457592199632539,0.997,0.94,0,5,MT-ND5
0,0.7183213030868627,0.999,0.977,0,5,MT-ND2
0,0.6936821239779416,1,0.988,0,5,MT-CO2
0,0.6847297024832608,1,0.989,0,5,MT-ATP6
0,0.6213573637717333,1,0.984,0,5,MT-ND3
0,0.5864314548039058,0.538,0.324,0,5,CNOT6L
0,0.575984822205247,1,0.992,0,5,MT-CO1
0,0.5628642038253173,0.817,0.661,0,5,ZFP36L2
0,0.5609384830402853,0.999,0.968,0,5,MT-ND1
0,0.5352498356480146,0.648,0.442,0,5,CREM
0,0.5145715122304049,0.8,0.581,0,5,PTPRC
0,0.34306687237414213,1,0.995,0,5,B2M
0,0.28810726455807734,0.876,0.583,0,5,CXCR4
1.2878978585799295e-296,0.4415768128191001,0.56,0.375,3.909285159933518e-292,5,LEPROTL1
6.875235742148018e-274,0.34893321008046607,0.851,0.724,2.0869090571716093e-269,5,BTG1
1.186993238998562e-237,0.41015929090633496,0.728,0.559,3.602999277656235e-233,5,TNFAIP3
6.072504657383871e-225,0.42430670755402367,0.765,0.681,1.8432480637023e-220,5,CALM1
6.443854059386961e-222,0.35543879280609847,0.911,0.845,1.9559674611863182e-217,5,JUND
2.6594056098307846e-217,0.40508198488410607,0.648,0.517,8.072359788080363e-213,5,SRSF7
9.96354080464393e-217,0.25216815842435647,0.801,0.621,3.024333175841619e-212,5,TSC22D3
1.6446683443485895e-206,0.2798484876854226,0.878,0.704,4.992226292435709e-202,5,SRGN
2.057017828671972e-206,0.4242250217074924,0.387,0.251,6.2438719171509035e-202,5,AC058791.1
4.743775902025251e-202,0.40607997789854544,0.575,0.437,1.4399257373007444e-197,5,STK4
7.122954731748345e-181,0.31784198844460654,0.428,0.28,2.1621016792748926e-176,5,RGCC
7.438646602539196e-177,0.2942006598331077,0.999,0.987,2.2579267897347475e-172,5,PTMA
7.312788924984457e-171,0.38817426485292394,0.515,0.383,2.219723950289782e-166,5,EZR
2.1281165237003656e-152,0.5005635112246278,0.641,0.568,6.45968489604009e-148,5,ANXA1
1.134826461862599e-149,0.31837073664610804,0.455,0.332,3.444652242337733e-145,5,PPP2R5C
6.085508598171972e-148,0.2792136009763456,0.415,0.284,1.8471952798891204e-143,5,ARL4C
2.3315034882012033e-142,0.2542699307846295,0.339,0.218,7.077045688085932e-138,5,SPOCK2
6.26525864523907e-142,0.34945344055175476,0.521,0.419,1.9017566091758673e-137,5,DDX24
1.3810897615819927e-136,0.306905106976164,0.359,0.246,4.192159862305981e-132,5,SYNE2
8.765369109897335e-136,0.36843662800482024,0.381,0.267,2.660640139618237e-131,5,RORA
1.0422915469201708e-131,0.28784541973922956,0.317,0.209,3.1637717615214866e-127,5,RALGAPA1
5.943566654081514e-131,0.3552092675452305,0.586,0.509,1.8041102221799027e-126,5,DDX3X
2.9387005692698252e-124,0.3183452648971439,0.482,0.379,8.920131707961627e-120,5,ELF1
2.4646412360239998e-120,0.2850794353403796,0.474,0.361,7.481172007827249e-116,5,ETS1
1.0086622586482637e-118,0.28881002857690063,0.611,0.52,3.0616934199009397e-114,5,SARAF
1.8096565333863924e-111,0.312966831671599,0.423,0.323,5.493031441441056e-107,5,PPP1R2
2.892925088150143e-106,0.25466711192793906,0.335,0.234,8.781184812570944e-102,5,KIAA1551
9.495113507284513e-105,0.343732170476893,0.523,0.451,2.882146754001141e-100,5,NCL
1.5818028545579688e-102,0.28168099706264665,0.349,0.255,4.801404384725258e-98,5,SMCHD1
1.942874307431116e-102,0.2695418524486363,0.305,0.213,5.89740067277641e-98,5,AC016831.5
1.693878676828143e-101,0.2673543071294442,0.406,0.307,5.141599335644145e-97,5,FYN
1.376669110042436e-93,0.30238295467006426,0.47,0.399,4.1787414166228104e-89,5,GPBP1
3.630521126479472e-82,0.2716563305180344,0.375,0.294,1.102008382731579e-77,5,IDS
9.523556032231464e-80,0.2513366678283664,0.342,0.261,2.8907801980235386e-75,5,ZC3HAV1
1.4467144965084893e-79,0.2807193417179843,0.42,0.314,4.3913571827018686e-75,5,KLRB1
1.260895247619669e-75,0.25939734772826817,0.485,0.419,3.827321434624743e-71,5,HNRNPH1
2.232594777851314e-64,0.28678595796762263,0.48,0.429,6.776818188689878e-60,5,LDHA
6.854039934632596e-60,0.2586603725736385,0.357,0.29,2.080475281758378e-55,5,KDM6B
7.753364053489764e-60,0.2736773106664592,0.529,0.5,2.353456124796283e-55,5,FUS
8.409392402151378e-59,0.3028299518349087,0.522,0.503,2.5525869697490293e-54,5,DYNLL1
7.977927937205477e-54,0.258071005061554,0.44,0.399,2.4216202460593507e-49,5,EIF5
0,1.493622522130871,0.625,0.345,0,6,CRIP1
0,1.1619351908216597,0.965,0.591,0,6,RPL17
0,0.9314738467025827,0.957,0.704,0,6,RPS26
0,0.793422746186236,0.948,0.756,0,6,RPL36A
0,0.7548429864496737,0.438,0.106,0,6,SNHG6
0,0.7240670934975371,0.625,0.496,0,6,YWHAZ
0,0.7075153373895118,1,0.981,0,6,RPS29
0,0.696594725139351,0.997,0.946,0,6,RPS21
0,0.604561374425949,0.806,0.679,0,6,CALM1
0,0.6019808792143375,0.747,0.655,0,6,PABPC1
0,0.5985304684318196,0.74,0.585,0,6,PTPRC
0,0.5953419461665933,0.353,0.088,0,6,LINC-PINT
0,0.5952232414941943,0.994,0.948,0,6,RPL38
0,0.583067042463818,0.404,0.132,0,6,GAS5
0,0.5736551138883446,0.576,0.374,0,6,RPS17
0,0.5279077109423262,1,0.997,0,6,RPS27
0,0.5091828190810772,0.337,0.1,0,6,SEPTIN7
0,0.4926625411457697,1,0.994,0,6,RPL39
0,0.49189021181161685,1,0.993,0,6,MALAT1
0,0.47199886758050774,0.257,0.042,0,6,RESF1
0,0.46519189518783255,0.431,0.191,0,6,EEF1G
0,0.4078936635630835,0.303,0.114,0,6,SNHG5
0,0.3992552028937886,1,0.994,0,6,RPS28
0,0.3650343753851379,0.263,0.088,0,6,ATP6V0C
3.203495648138476e-303,0.36660249692944236,0.26,0.116,9.723890690359531e-299,6,BCL11B
4.2268603805848945e-298,0.3280716172984226,1,0.998,1.2830211999227388e-293,6,RPL41
2.746481321889176e-297,0.3657650503644244,0.301,0.143,8.336669404462406e-293,6,RNASEK
6.5103350033603846e-273,0.47242707149428886,0.967,0.898,1.9761470869200113e-268,6,RPS20
2.4998187699830514e-259,0.5768381287599271,0.439,0.287,7.587949894406554e-255,6,RNF19A
3.3580477135465614e-259,0.44166483903187825,0.961,0.876,1.0193018029699232e-254,6,RPL23
3.8004812741194447e-252,0.6269028725885635,0.602,0.444,1.1535980859462162e-247,6,CREM
7.308935584726829e-244,0.5594286248603842,0.538,0.418,2.2185543073879817e-239,6,DDX24
5.778123568754455e-210,0.5723020354841073,0.654,0.54,1.7538916280597274e-205,6,MT-ND4L
2.7164520886064353e-205,0.332086630673714,0.999,0.987,8.245518669755974e-201,6,PTMA
1.9287594876273595e-202,0.5248331458551325,0.682,0.562,5.854556548744087e-198,6,TNFAIP3
6.425747187867022e-196,0.44045890781421004,0.891,0.823,1.950471301405156e-191,6,ATP5F1E
4.580555092343871e-192,0.4761880205498975,0.494,0.386,1.3903816927300587e-187,6,MBNL1
1.3935790885818293e-191,0.31858921362382775,1,0.991,4.230069965481285e-187,6,RPL37
4.519279574683867e-182,0.4196730249310552,0.277,0.16,1.371782122099541e-177,6,MT-ATP8
4.91475131611732e-178,0.497070459481581,0.504,0.383,1.4918236144942513e-173,6,EZR
1.310250967674879e-172,0.3656299722229246,0.971,0.908,3.977135787280328e-168,6,RPS10
1.7482055100568077e-167,0.45642906410396,0.501,0.386,5.3065030052264344e-163,6,YPEL5
7.378075944458474e-153,0.2761020210514564,0.559,0.381,2.2395411721809253e-148,6,IL7R
8.8618966352832e-146,0.3677264483186239,0.436,0.311,2.6899401046738627e-141,6,GPR183
6.653723701494137e-137,0.3535679185561873,0.451,0.329,2.0196712923515302e-132,6,CD2
2.244384054150133e-130,0.3453138814329514,0.415,0.303,6.812603357967314e-126,6,EIF4A1
5.221443114653397e-122,0.42284295172583575,0.433,0.355,1.5849168430218922e-117,6,SRRM1
8.324758101510426e-122,0.2879944617891579,0.542,0.414,2.5268970741324748e-117,6,IL32
2.60306857215425e-121,0.25657271414799077,0.998,0.978,7.90135434391701e-117,6,RPL27A
6.642112556078708e-118,0.26598713756290326,1,0.995,2.0161468452721308e-113,6,RPL34
4.491793353730875e-112,0.4658430178201708,0.418,0.337,1.3634389545914697e-107,6,ANKRD12
4.0924749407529526e-111,0.32530904308914654,0.666,0.567,1.2422298435161513e-106,6,ANXA1
7.568923818310606e-108,0.3391092292521706,0.456,0.362,2.297471135810001e-103,6,ETS1
2.42631308825228e-106,0.33643887223464913,0.289,0.199,7.364830748080971e-102,6,TLE4
5.261263917341141e-106,0.31735354908168545,0.429,0.329,1.59700404946973e-101,6,CNOT6L
1.9088172149060908e-92,0.4105837209987948,0.476,0.42,5.794023774125948e-88,6,HNRNPH1
1.0994439448239194e-89,0.37994111275836406,0.46,0.412,3.337252150118525e-85,6,PRRC2C
3.195552141489384e-89,0.31299503192668654,0.401,0.312,9.699778970276876e-85,6,RUNX3
8.509074911951102e-89,0.4056565871272373,0.406,0.322,2.5828445987736374e-84,6,NR4A2
8.396233511344343e-85,0.34362234961799865,0.37,0.295,2.548592720033462e-80,6,IDS
2.4612464126532157e-84,0.28721443046493217,0.324,0.243,7.47086736096757e-80,6,EML4
2.9006312545884717e-83,0.36996700388681214,0.464,0.387,8.804576110177847e-79,6,LMNA
5.157624954241211e-82,0.2583267570111334,0.806,0.736,1.5655454786103772e-77,6,HMGB1
1.9376876926029538e-75,0.27962290309967297,0.309,0.232,5.881657222127006e-71,6,PDE4B
2.637402406319512e-75,0.40157694204237415,0.431,0.374,8.005571264142246e-71,6,MYADM
3.828560586820102e-71,0.3049387775313544,0.281,0.213,1.1621212805233738e-66,6,DDX18
4.401889701211969e-69,0.3240686525940262,0.312,0.248,1.336149599905881e-64,6,TOP1
1.3844130748871044e-68,0.3078399360043975,0.635,0.594,4.202247447512317e-64,6,ZFAS1
1.307191778299888e-66,0.2892538270634489,0.285,0.217,3.96784992385148e-62,6,PRPF4B
1.4809031150045092e-64,0.2668691662125836,0.332,0.261,4.495133315284687e-60,6,FYB1
9.607182404415647e-63,0.3692010161130802,0.35,0.285,2.9161641470363255e-58,6,ATP1B3
1.0579894892171967e-60,0.2672363888954443,0.697,0.659,3.211421295569879e-56,6,UQCRB
1.3384357894448058e-55,0.2815448317365755,0.405,0.339,4.062687995280763e-51,6,FAM177A1
6.025135683019478e-54,0.2544785090666114,0.416,0.362,1.8288696852237324e-49,6,STK17B
8.210003807573515e-49,0.2557169794843204,0.588,0.53,2.4920645557508647e-44,6,S100A10
7.448495016464536e-47,0.33820842557477926,0.515,0.512,2.2609161772976453e-42,6,DDX3X
1.904224256809791e-46,0.28095270315773013,0.384,0.343,5.78008230912044e-42,6,KMT2E
2.872594777741653e-45,0.2772117933092342,0.315,0.263,8.719474188357014e-41,6,ZC3HAV1
9.268843840759163e-43,0.2710505638814096,0.316,0.261,2.813464859424036e-38,6,BIRC3
5.065697440947419e-39,0.2782089071186336,0.303,0.261,1.5376418012251796e-34,6,DDX21
1.2141401530405824e-38,0.2646301408917533,0.465,0.448,3.685401020539384e-34,6,NAP1L1
7.939770637065779e-35,0.27598586458093477,0.458,0.458,2.4100379791749468e-30,6,HNRNPC
5.4092706565179014e-33,0.25534476949112095,0.305,0.265,1.6419300150794438e-28,6,SLC38A2
1.6573444165269332e-32,0.28143362614874357,0.292,0.257,5.030703241925853e-28,6,FAM133B
1.887623003705958e-32,0.3006957793996232,0.428,0.414,5.729690865449066e-28,6,SELENOK
5.000684248188749e-31,0.26012804232435316,0.333,0.3,1.517907696695213e-26,6,BRD2
1.6910003823753386e-28,0.25919359224628247,0.319,0.291,5.132862560662103e-24,6,NSA2
9.976196570091785e-13,0.302892578837061,0.323,0.323,3.028174706885661e-8,6,SQSTM1
0,3.1386631496361526,0.999,0.955,0,7,FTL
0,2.698912414557399,0.565,0.13,0,7,CCL3
0,2.5009226729748715,0.906,0.196,0,7,HLA-DRA
0,2.46113331996896,0.624,0.133,0,7,CXCL8
0,2.399327189355099,0.586,0.018,0,7,C1QA
0,2.267884389220179,0.887,0.328,0,7,CD74
0,2.2540613813265975,0.529,0.013,0,7,C1QB
0,2.216603818330534,0.53,0.065,0,7,IL1B
0,2.1658388003276348,0.421,0.09,0,7,CCL3L1
0,2.0416125796693216,0.804,0.202,0,7,HLA-DPA1
0,2.031774103492104,0.772,0.196,0,7,HLA-DRB1
0,1.9428362775711658,0.411,0.056,0,7,CXCL3
0,1.8344047700785029,0.781,0.086,0,7,LYZ
0,1.8274080857847537,0.489,0.109,0,7,CXCL2
0,1.7992086859876268,0.79,0.217,0,7,HLA-DPB1
0,1.733409680123371,0.744,0.075,0,7,AIF1
0,1.7187142957595765,0.389,0.072,0,7,G0S2
0,1.7106834202710535,0.893,0.321,0,7,CST3
0,1.6921061520161589,0.898,0.546,0,7,SAT1
0,1.6890948651723736,0.993,0.962,0,7,FTH1
0,1.6872421741225545,0.657,0.205,0,7,IER3
0,1.673779346490743,0.552,0.233,0,7,CTSD
0,1.6624012673419868,0.653,0.146,0,7,CTSB
0,1.6400580668430553,0.725,0.249,0,7,PSAP
0,1.5924379057036664,0.81,0.192,0,7,TYROBP
0,1.513054018885767,0.446,0.007,0,7,C1QC
0,1.4149905609646602,0.71,0.193,0,7,NPC2
0,1.3989455954272587,0.266,0.045,0,7,APOC1
0,1.3952649838878364,0.46,0.028,0,7,CD14
0,1.3466392148202198,0.286,0.019,0,7,RNASE1
0,1.3403873357851013,0.644,0.257,0,7,SOD2
0,1.3292073660417763,0.712,0.15,0,7,FCER1G
0,1.3044836525649477,0.684,0.174,0,7,CTSS
0,1.297001595604962,0.5,0.11,0,7,BCL2A1
0,1.274500409954221,0.308,0.04,0,7,EREG
0,1.274191417585163,0.351,0.047,0,7,HMOX1
0,1.266749095741218,0.562,0.045,0,7,MS4A6A
0,1.2627787950752694,0.52,0.099,0,7,PLAUR
0,1.2368109317006253,0.629,0.249,0,7,NAMPT
0,1.2354875075359486,0.252,0.077,0,7,CCL20
0,1.187381744727511,0.58,0.11,0,7,HLA-DQB1
0,1.1758938851678185,0.521,0.083,0,7,HLA-DQA1
0,1.1731790207960018,0.539,0.047,0,7,CD68
0,1.1523731426953647,0.274,0.111,0,7,APOE
0,1.118660936506953,0.812,0.496,0,7,S100A11
0,1.1108201636299508,0.464,0.029,0,7,C5AR1
0,1.0756102161266596,0.576,0.188,0,7,GLUL
0,1.0742666337747393,0.323,0.145,0,7,SELENOP
0,1.0669368268992883,0.515,0.308,0,7,GPR183
0,1.0661788838408224,0.411,0.022,0,7,CD163
0,1.0507820110887804,0.716,0.548,0,7,NFKBIA
0,1.0484375093023863,0.404,0.082,0,7,CTSL
0,1.0307104886271723,0.458,0.026,0,7,MS4A7
0,1.0241790672402846,0.552,0.092,0,7,HLA-DMA
0,1.0045590643022995,0.67,0.361,0,7,TIMP1
0,0.9893847683856563,0.92,0.816,0,7,NEAT1
0,0.961913956081552,0.476,0.033,0,7,FCGR2A
0,0.9305092488517563,0.485,0.093,0,7,GRN
0,0.9238096727629679,0.484,0.087,0,7,CTSZ
0,0.8875517025487045,0.525,0.137,0,7,FCGRT
0,0.8865302456299075,0.513,0.079,0,7,LST1
0,0.875332796397427,0.406,0.106,0,7,SGK1
0,0.8415817998512668,0.495,0.291,0,7,CSTB
0,0.8235344980435048,0.433,0.084,0,7,PLEK
0,0.8050865243374881,0.372,0.177,0,7,CCL4L2
0,0.7860338910712068,0.289,0.126,0,7,THBS1
0,0.7759925605003978,0.393,0.068,0,7,FGL2
0,0.7615050200547819,0.32,0.028,0,7,OLR1
0,0.7571965791684798,0.697,0.414,0,7,LAPTM5
0,0.7566500141311983,0.271,0.041,0,7,C15orf48
0,0.7524977651524191,0.408,0.036,0,7,CYBB
0,0.7509230747500151,0.437,0.149,0,7,CD83
0,0.7470286888281485,0.36,0.05,0,7,MAFB
0,0.7455180302101514,0.476,0.121,0,7,ASAH1
0,0.732856766859945,0.254,0.068,0,7,GPNMB
0,0.7174259522268861,0.338,0.009,0,7,MS4A4A
0,0.709656020503913,0.298,0.011,0,7,STAB1
0,0.698304784699781,0.254,0.022,0,7,LGMN
0,0.6973178110143612,0.724,0.515,0,7,CYBA
0,0.6963752332202453,0.294,0.016,0,7,MRC1
0,0.6899984610498002,0.352,0.014,0,7,CSF1R
0,0.6747327935084109,0.807,0.543,0,7,CD63
0,0.6747105876823887,0.434,0.117,0,7,MARCKS
0,0.6723336458478127,0.266,0.03,0,7,IFI30
0,0.6681825949281605,0.459,0.225,0,7,CEBPB
0,0.6634401431776045,0.351,0.051,0,7,PHACTR1
0,0.6617429243210262,0.308,0.04,0,7,FCGR3A
0,0.6613010644825433,0.254,0.044,0,7,PTGS2
0,0.6558372417918679,0.35,0.125,0,7,INSIG1
0,0.653378414968889,0.313,0.048,0,7,NLRP3
0,0.6341181760323767,0.298,0.047,0,7,LIPA
0,0.6152177189715816,0.553,0.27,0,7,ANXA5
0,0.5977344157585316,0.996,0.979,0,7,TMSB10
0,0.5915979789378615,0.365,0.051,0,7,HLA-DMB
0,0.590172134409414,0.489,0.222,0,7,VAMP8
0,0.5865376337696591,0.299,0.123,0,7,FABP5
0,0.5864388625429484,0.339,0.05,0,7,TGFBI
0,0.5798269084491336,0.341,0.049,0,7,CPVL
0,0.5746535558355061,0.612,0.365,0,7,SDCBP
0,0.5668388262323601,0.263,0.036,0,7,FCN1
0,0.5661202834335786,0.389,0.078,0,7,C1orf162
0,0.5620349846749075,0.984,0.949,0,7,ACTB
0,0.5610470412629209,0.499,0.057,0,7,S100A9
0,0.5538488692906937,0.275,0.014,0,7,VSIG4
0,0.5464087375057536,0.342,0.032,0,7,CLEC7A
0,0.5373437156634762,0.492,0.237,0,7,ITGB2
0,0.5368756298865573,0.297,0.025,0,7,IGSF6
0,0.5364981819349481,0.349,0.042,0,7,CXCL16
0,0.5352120303880248,0.458,0.222,0,7,ZEB2
0,0.5300521199451287,0.867,0.743,0,7,ITM2B
0,0.5272842731927069,0.332,0.09,0,7,BLVRB
0,0.521503352845574,0.665,0.471,0,7,ARPC3
0,0.519388053542574,0.326,0.046,0,7,LY96
0,0.5149915034838426,0.311,0.046,0,7,KCTD12
0,0.5148793168787844,0.295,0.082,0,7,ICAM1
0,0.5074553853566376,0.296,0.047,0,7,ACSL1
0,0.5068675595829335,0.263,0.008,0,7,MSR1
0,0.5051344493772527,0.416,0.167,0,7,RNASET2
0,0.49882351900443744,0.32,0.088,0,7,TYMP
0,0.49225697746430297,0.289,0.034,0,7,MNDA
0,0.49162277971172647,0.307,0.134,0,7,CAPG
0,0.4909237799622606,0.265,0.025,0,7,CLEC10A
0,0.49061252380551923,0.265,0.047,0,7,FNIP2
0,0.4863851832914036,0.283,0.043,0,7,CREG1
0,0.4847931367205139,0.27,0.074,0,7,PLD3
0,0.4832399462628841,0.441,0.179,0,7,ATP6V0B
0,0.48282885504394873,0.308,0.033,0,7,RNASE6
0,0.47970190853685946,0.263,0.023,0,7,FCGR2B
0,0.4760227657470929,0.251,0.041,0,7,A2M
0,0.4753123061074791,0.353,0.124,0,7,NINJ1
0,0.4719142328767575,0.262,0.067,0,7,ABL2
0,0.46824892965418335,0.32,0.049,0,7,MFSD1
0,0.4666677991827097,0.389,0.149,0,7,APLP2
0,0.4664984251787059,0.259,0.052,0,7,DAB2
0,0.4644519104336614,0.296,0.098,0,7,MXD1
0,0.45819529993227825,0.923,0.823,0,7,H3F3A
0,0.45719195992196615,0.359,0.114,0,7,MGAT1
0,0.45666886641931503,0.327,0.093,0,7,ETS2
0,0.4429555919076777,0.371,0.175,0,7,HIF1A
0,0.4422809588858152,0.27,0.03,0,7,SERPINA1
0,0.4419441253545927,0.334,0.074,0,7,RNF130
0,0.43946863291735205,0.85,0.72,0,7,OAZ1
0,0.4365472837668226,0.26,0.064,0,7,VEGFA
0,0.43489679006856635,0.35,0.155,0,7,MAP3K8
0,0.4343681322688033,0.323,0.092,0,7,CTSH
0,0.4301927831822654,0.323,0.11,0,7,BRI3
0,0.4271553155385446,0.401,0.201,0,7,ATP6V1F
0,0.41609481046825736,0.345,0.162,0,7,LIMS1
0,0.40435631447169096,0.356,0.149,0,7,AP2S1
0,0.39861377250200647,0.28,0.06,0,7,ITGAX
0,0.38313526660007813,0.288,0.068,0,7,ATP6V1B2
0,0.3770711675352823,0.372,0.164,0,7,H2AFY
0,0.37283718393542414,0.299,0.131,0,7,KLF4
0,0.36299858397707896,0.268,0.064,0,7,CCDC88A
0,0.3599564880272712,0.266,0.042,0,7,S100A8
0,0.3592989117740463,0.348,0.165,0,7,TKT
0,0.3573016147868888,0.329,0.142,0,7,GSTO1
0,0.34997530308175273,0.255,0.072,0,7,DSE
0,0.3495790003603878,0.286,0.096,0,7,AP1S2
0,0.34470028712550294,0.254,0.078,0,7,TNFAIP2
0,0.34269911403440395,0.297,0.1,0,7,TPP1
0,0.3382453763341039,0.266,0.101,0,7,ATP13A3
0,0.3338026460191198,0.27,0.08,0,7,PLSCR1
0,0.3320068752703723,0.285,0.099,0,7,PYCARD
0,0.3221596990584751,0.27,0.08,0,7,PPT1
0,0.3071310348983195,0.269,0.109,0,7,LCP2
0,0.306859458786672,0.289,0.125,0,7,PABPC4
0,0.30067432996003673,0.285,0.111,0,7,QKI
0,0.2991287331974821,0.3,0.117,0,7,ARRB2
1.657239211349391e-299,0.621523958348468,0.41,0.232,5.030383902129941e-295,7,PLIN2
2.986124636876162e-299,0.4596486881296655,0.398,0.22,9.064082722773902e-295,7,CTSC
1.5094510767580554e-292,0.3499728461105889,0.346,0.174,4.5817877983914014e-288,7,RILPL2
8.562849794699284e-288,0.6292402663334316,0.439,0.26,2.599167426683021e-283,7,RGS2
8.042716846957269e-286,0.31101816741122085,0.278,0.125,2.4412862717254094e-281,7,RASGEF1B
6.744700850907234e-283,0.45534062136537645,0.498,0.31,2.0472864962843818e-278,7,ANXA2
1.068060656238892e-276,0.3469490593255079,0.364,0.193,3.241991315947532e-272,7,RAC1
1.3997552853021194e-272,0.2818004184897715,0.262,0.118,4.2488171930060534e-268,7,LAMP1
2.4691252206726917e-263,0.29724293114363537,0.304,0.148,7.494782694829889e-259,7,SAMHD1
4.798091027778644e-255,0.35009744266634846,0.449,0.272,1.4564125505719296e-250,7,ARPC5
9.906943557995063e-255,0.3389277953410268,0.33,0.172,3.0071536475938216e-250,7,UPP1
2.1499788591506214e-254,0.28121421697943016,0.28,0.134,6.526045829065796e-250,7,TALDO1
2.5198403123986727e-252,0.3590590700930984,0.413,0.242,7.648723284254931e-248,7,TSPO
1.5054384106382002e-243,0.3430055354385425,0.418,0.247,4.569607751651193e-239,7,ARPC1B
9.83180064041264e-242,0.4423391163937598,0.543,0.382,2.9843447663908527e-237,7,YBX1
7.135846004986608e-231,0.3325862022956913,0.326,0.176,2.1660146963536353e-226,7,PKM
1.101390546898072e-229,0.459143747947522,0.453,0.295,3.343160866054408e-225,7,PRDX1
1.8441473931122623e-224,0.29306137275914046,0.274,0.136,5.597724997052961e-220,7,BNIP3L
4.999172707038903e-222,0.4410445672231013,0.408,0.251,1.5174488834945888e-217,7,ZFAND5
1.7989350589577372e-216,0.4997439971213,0.457,0.304,5.460487477960315e-212,7,TUBA1B
3.7642661004995136e-215,0.26724059773752373,0.357,0.201,1.1426053321456224e-210,7,CMTM6
2.1559610360875964e-207,0.3021523400049708,0.437,0.272,6.54420412894029e-203,7,COTL1
5.0559983083505335e-207,0.29922890702290567,0.389,0.235,1.5346977265167209e-202,7,SH3BGRL
1.1079286069906054e-204,0.34342589494280423,0.346,0.199,3.3630064936592834e-200,7,CDKN1A
4.268127552116404e-198,0.26118759142467046,0.294,0.156,1.2955474371694132e-193,7,SERPINB1
1.3174115522142648e-196,0.2656622447090267,0.306,0.169,3.998871025591179e-192,7,ATP6AP2
1.6200722015647345e-190,0.35456385326561446,0.531,0.38,4.9175671606295955e-186,7,GPX4
5.606268395981853e-189,0.32027363611382786,0.357,0.206,1.7017267089163316e-184,7,CEBPD
2.0798001933920927e-183,0.4841961072732046,0.429,0.285,6.313025507022359e-179,7,VMP1
1.8150465882517878e-180,0.36565427114682963,0.425,0.283,5.509392413979477e-176,7,DBI
5.374690761592072e-174,0.4361466712726403,0.51,0.363,1.6314336337736575e-169,7,GADD45B
7.798469275264107e-167,0.28684115898030976,0.312,0.179,2.367147363813667e-162,7,SOCS3
1.6733689763751487e-166,0.33978202773689037,0.909,0.846,5.079344190889126e-162,7,SERF2
2.805935810662767e-166,0.29389105969986185,0.337,0.203,8.517137559685764e-162,7,ATP2B1
4.993667713781248e-164,0.2799467891614802,0.408,0.266,1.5157778978411599e-159,7,GNAI2
2.5488936245270426e-159,0.45953483724480615,0.435,0.295,7.736911707889384e-155,7,LGALS3
2.3150250350168483e-151,0.31910863772792314,0.301,0.18,7.027026991290141e-147,7,SERPINB9
1.2145091011025107e-146,0.3720996322389931,0.718,0.569,3.686520925486561e-142,7,DUSP1
1.0648267637572579e-144,0.26607215299102505,0.389,0.259,3.2321751587087807e-140,7,GNG5
2.3470021906494847e-142,0.3318075877220109,0.443,0.313,7.124090449497446e-138,7,LITAF
4.338494043809247e-141,0.38774389172777557,0.852,0.706,1.3169064820578587e-136,7,SRGN
9.974955065287992e-136,0.2882993983070443,0.505,0.377,3.027797860517517e-131,7,RHOA
2.6378334131162554e-131,0.3952179222332349,0.351,0.237,8.006879542173081e-127,7,CHMP1B
1.4495856363814093e-130,0.29255611241220647,0.415,0.282,4.4000722406721295e-126,7,ATP1B3
1.9293305198040615e-125,0.3503856778677018,0.385,0.271,5.856289859813248e-121,7,CFLAR
1.6222036091616602e-118,0.32834785978660974,0.269,0.165,4.924036835249304e-114,7,IER5
5.399902746517478e-114,0.2546905668073207,0.894,0.823,1.6390864796779152e-109,7,ATP5F1E
8.172719346120156e-113,0.4356609438264165,0.511,0.387,2.480747230321312e-108,7,CCL4
2.24061956176425e-109,0.3720027275592874,0.634,0.528,6.801176617779204e-105,7,S100A10
4.462519365350057e-109,0.34421037419947886,0.509,0.403,1.3545531281583564e-104,7,EMP3
1.5444867551106603e-99,0.31826487664702935,0.298,0.203,4.6881350964628986e-95,7,TNFAIP8
5.6517515843714635e-99,0.2982142941289969,0.321,0.222,1.715532675920114e-94,7,NFKB1
9.443067996568353e-89,0.25584686828022907,0.834,0.759,2.866348859678358e-84,7,GAPDH
1.3493833694445802e-76,0.32670436844905815,0.426,0.339,4.095918279612079e-72,7,HERPUD1
1.532828873529294e-73,0.4278322475714378,0.271,0.187,4.65274876271082e-69,7,AREG
1.6219555643829635e-72,0.3747098783307634,0.552,0.495,4.923283920128048e-68,7,PNRC1
1.0687227654275561e-70,0.2899300487977756,0.588,0.509,3.244001082178804e-66,7,PPP1R15A
1.5593696125994526e-63,0.3473543960995473,0.484,0.391,4.733310522084379e-59,7,RGS1
9.641658954042623e-61,0.35424278122361413,0.305,0.23,2.926629158910098e-56,7,ALOX5AP
3.97859745952553e-41,0.5038169240112389,0.534,0.478,1.2076634728643794e-36,7,MT2A
1.404425639102685e-22,0.28544350571705235,0.422,0.37,4.26299358493229e-18,7,HSPB1
0,2.0201414117947833,0.981,0.364,0,8,IL7R
0,1.4554665325435479,0.937,0.552,0,8,TNFAIP3
0,1.41785833258142,0.982,0.615,0,8,TSC22D3
0,1.4092801285365884,0.993,0.58,0,8,CXCR4
0,1.350749734832804,0.961,0.656,0,8,ZFP36L2
0,1.284243425044929,0.983,0.72,0,8,BTG1
0,1.2218215839293882,0.781,0.3,0,8,KLRB1
0,1.2134802782074536,0.697,0.27,0,8,RGCC
0,1.0971986458845604,0.844,0.56,0,8,ANXA1
0,1.0234060084554162,0.78,0.269,0,8,ARL4C
0,0.9563249126446588,0.786,0.251,0,8,RORA
0,0.944653325449637,0.862,0.63,0,8,KLF6
0,0.8871399425137678,0.847,0.435,0,8,CREM
0,0.8754377547031802,0.925,0.508,0,8,SARAF
0,0.8443515406172035,0.963,0.843,0,8,JUND
0,0.8306787313367785,0.73,0.381,0,8,RGS1
0,0.8136557844553152,0.848,0.353,0,8,CYTIP
0,0.8109949864937379,0.825,0.295,0,8,GPR183
0,0.8032969252534974,0.808,0.314,0,8,CD2
0,0.792634709307241,0.994,0.7,0,8,SRGN
0,0.7693132597973424,0.846,0.364,0,8,LEPROTL1
0,0.7373245423572634,0.798,0.304,0,8,SMAP2
0,0.7350556595709881,1,0.999,0,8,TPT1
0,0.7331770477507733,0.718,0.311,0,8,PPP1R2
0,0.6967664001987022,0.701,0.352,0,8,CD69
0,0.6935921279441142,0.646,0.236,0,8,LTB
0,0.6886248742416546,0.686,0.204,0,8,SPOCK2
0,0.677348307494684,0.714,0.228,0,8,PIK3IP1
0,0.6569710001268568,0.611,0.22,0,8,FAM107B
0,0.6304112844795587,0.769,0.315,0,8,CNOT6L
0,0.623146002324726,0.551,0.188,0,8,CRYBG1
0,0.6196171254640667,0.769,0.332,0,8,SAMSN1
0,0.6189897854199775,0.47,0.108,0,8,ICOS
0,0.6150115873313404,0.647,0.236,0,8,STK17A
0,0.6141894966640069,0.721,0.326,0,8,FAM177A1
0,0.6092959402379612,0.841,0.426,0,8,STK4
0,0.6050445119520572,0.726,0.294,0,8,FYN
0,0.5920696605735387,0.537,0.171,0,8,GIMAP7
0,0.582733211680005,0.81,0.363,0,8,CD48
0,0.5815938725705847,0.558,0.173,0,8,PTGER4
0,0.5781807238277548,0.546,0.246,0,8,TRBC1
0,0.5663523632207027,0.641,0.366,0,8,DDIT4
0,0.5659920730350898,0.757,0.373,0,8,EZR
0,0.5627861607766471,0.999,0.99,0,8,RPS3
0,0.5610439649863173,1,0.999,0,8,RPLP1
0,0.5602888579068939,1,0.981,0,8,RPS29
0,0.554414811118547,1,0.993,0,8,RPL30
0,0.5493534220411664,1,0.999,0,8,EEF1A1
0,0.5404420250904219,0.676,0.327,0,8,ANKRD12
0,0.5400677874910107,0.999,0.981,0,8,RPS2
0,0.5229719980812946,0.723,0.311,0,8,ISG20
0,0.5211156836970817,0.757,0.35,0,8,ETS1
0,0.5207876401239611,0.79,0.326,0,8,CD3D
0,0.5164901686686394,0.497,0.143,0,8,MGAT4A
0,0.5117038272834318,0.662,0.296,0,8,TRBC2
0,0.5020615784561947,0.493,0.138,0,8,PDE4D
0,0.5008943039319602,1,0.987,0,8,RPL23A
0,0.5006664006501598,0.961,0.763,0,8,RPL36AL
0,0.4983918055093399,0.97,0.844,0,8,EEF1B2
0,0.4943489051355193,0.716,0.322,0,8,PPP2R5C
0,0.48991099271394756,1,0.993,0,8,RPS27A
0,0.48815078233956954,0.656,0.267,0,8,TRAC
0,0.4875819626043958,0.999,0.991,0,8,RPL19
0,0.483062526096984,0.276,0.083,0,8,BATF
0,0.482028385660208,0.658,0.291,0,8,PDCD4
0,0.4818254879225894,0.331,0.053,0,8,CCR6
0,0.4785430447707142,0.736,0.369,0,8,ELF1
0,0.4757197817864374,0.589,0.243,0,8,AC058791.1
0,0.4726465584572901,0.844,0.461,0,8,ARHGDIB
0,0.4662569122144634,0.475,0.15,0,8,ODF2L
0,0.46602874923785054,1,0.992,0,8,RPL3
0,0.46227149049403315,0.501,0.186,0,8,TAGAP
0,0.4615286034999234,0.726,0.303,0,8,CD3E
0,0.4580153275472396,1,0.995,0,8,RPS14
0,0.45788005221598316,0.616,0.285,0,8,IDS
0,0.4568269020987384,0.509,0.164,0,8,CDKN1B
0,0.4546980296091906,0.424,0.142,0,8,GPR171
0,0.45155362054063786,0.714,0.349,0,8,STK17B
0,0.448463671897825,0.831,0.582,0,8,MCL1
0,0.44739225900004254,0.535,0.227,0,8,TGFB1
0,0.4460957668501184,0.942,0.674,0,8,CALM1
0,0.4454152710569712,0.999,0.995,0,8,RPS4X
0,0.44374786512551667,0.999,0.988,0,8,RPL9
0,0.4428664976337924,1,0.991,0,8,RPL13
0,0.4426736447575679,0.413,0.126,0,8,SC5D
0,0.4397886566804604,0.646,0.302,0,8,RUNX3
0,0.43933674156146363,0.625,0.286,0,8,CCNH
0,0.4385640175598201,0.713,0.384,0,8,PPP1CB
0,0.4376734785613219,1,0.993,0,8,RPS3A
0,0.43689571761747814,0.32,0.06,0,8,CD40LG
0,0.43681950818669796,0.484,0.187,0,8,CLEC2D
0,0.43289213270495397,0.411,0.117,0,8,FAM129A
0,0.43180304769106037,1,0.997,0,8,RPS12
0,0.4279693659667974,0.472,0.16,0,8,PLK3
0,0.4274318281779743,0.413,0.105,0,8,CDC14A
0,0.4247968159420228,0.5,0.195,0,8,RHOH
0,0.42334190895175516,0.758,0.409,0,8,DDX24
0,0.4208273116744161,1,0.999,0,8,RPL10
0,0.42008785551768946,0.416,0.114,0,8,SNX9
0,0.4198968361838409,0.984,0.922,0,8,RPSA
0,0.41921949770569933,0.827,0.508,0,8,CD44
0,0.4185733310868702,1,0.997,0,8,RPS27
0,0.4180106220687827,0.852,0.509,0,8,SRSF7
0,0.41585647138591464,0.602,0.367,0,8,MYADM
0,0.41477044975281085,0.997,0.979,0,8,RPL14
0,0.41301109448211815,0.998,0.985,0,8,RPS16
0,0.41047224260292303,0.979,0.908,0,8,RPS10
0,0.4089310589986703,0.831,0.455,0,8,CD52
0,0.4085112491635955,0.463,0.167,0,8,ARL4A
0,0.4080442451531951,0.481,0.195,0,8,NDUFV2
0,0.40801541148988896,0.543,0.297,0,8,ZNF331
0,0.4069801340703587,0.993,0.968,0,8,MT-ND1
0,0.40681139832215935,0.387,0.102,0,8,PDE3B
0,0.406720128262255,0.998,0.989,0,8,EIF1
0,0.40668705213244066,0.542,0.228,0,8,G3BP2
0,0.40465166854290263,0.516,0.207,0,8,HNRNPUL1
0,0.40329488434050825,0.388,0.113,0,8,SATB1
0,0.39904871788302754,0.931,0.717,0,8,TOMM7
0,0.39877160549882046,0.46,0.196,0,8,NR3C1
0,0.39696793878992653,0.502,0.176,0,8,STAT4
0,0.39535630005558975,0.999,0.994,0,8,RPS19
0,0.3948290812353653,0.449,0.14,0,8,ARHGAP15
0,0.39459265056360315,0.581,0.311,0,8,LRRFIP1
0,0.3928730313249539,0.594,0.278,0,8,ARID4B
0,0.38351183677813916,0.861,0.611,0,8,S100A4
0,0.38258186020057106,0.53,0.233,0,8,IVNS1ABP
0,0.38196341732167105,0.541,0.253,0,8,FYB1
0,0.38183164680603,0.624,0.282,0,8,CDC42SE2
0,0.3800518415768234,0.507,0.202,0,8,FKBP5
0,0.3798860043337934,0.3,0.094,0,8,CCR7
0,0.3753795241320419,0.999,0.994,0,8,RPL11
0,0.3735915348956318,0.541,0.267,0,8,GLIPR1
0,0.3728042308709395,0.374,0.113,0,8,TRAT1
0,0.36846292480330867,1,0.996,0,8,RPL32
0,0.36834040186631894,0.54,0.236,0,8,SYTL3
0,0.36764083472176634,0.284,0.072,0,8,SESN1
0,0.3664731406483008,0.527,0.226,0,8,KIAA1551
0,0.3633727777745215,0.928,0.577,0,8,PTPRC
0,0.36252576009446447,0.642,0.332,0,8,KMT2E
0,0.3614717511418599,0.452,0.174,0,8,NDFIP1
0,0.3585918549649095,0.351,0.085,0,8,RCAN3
0,0.35855749050864705,0.648,0.327,0,8,GMFG
0,0.35855484275305033,0.469,0.188,0,8,SEPT6
0,0.3559217474534218,0.319,0.072,0,8,AQP3
0,0.35570726374208705,1,0.992,0,8,RPS23
0,0.3543992195856557,0.448,0.166,0,8,PER1
0,0.3542275927541887,0.429,0.165,0,8,RNF125
0,0.35209899294607,0.403,0.149,0,8,GSPT1
0,0.35194538764054006,0.637,0.339,0,8,RSRC2
0,0.35127915917934305,0.419,0.206,0,8,PHLDA1
0,0.3497850500527929,0.57,0.292,0,8,SKIL
0,0.348339290694499,0.522,0.248,0,8,SMCHD1
0,0.3478385572311701,0.368,0.127,0,8,PMEPA1
0,0.34720439648585905,0.498,0.207,0,8,GNG2
0,0.34662034207250547,0.355,0.094,0,8,P2RY10
0,0.346573096809129,0.347,0.094,0,8,TTC39C
0,0.34621855406644686,0.998,0.978,0,8,RPS25
0,0.3453895712876397,0.441,0.176,0,8,ARID5A
0,0.3438419909798007,0.681,0.384,0,8,NOP53
0,0.34341695225393964,0.993,0.946,0,8,RPS21
0,0.34218199449709286,0.712,0.378,0,8,YPEL5
0,0.34214605607775106,0.55,0.264,0,8,ADGRE5
0,0.3419668807131862,0.327,0.098,0,8,NSMCE3
0,0.34179153242180504,0.998,0.989,0,8,RPLP2
0,0.34024059377507737,0.417,0.152,0,8,PBXIP1
0,0.3394300574460533,0.327,0.089,0,8,RELB
0,0.33778393414731767,1,0.998,0,8,RPL41
0,0.3375702417900046,0.614,0.32,0,8,SF1
0,0.33756287337465885,0.396,0.137,0,8,ITK
0,0.33717868462259615,0.999,0.988,0,8,RPL21
0,0.33531113092423454,0.526,0.235,0,8,EML4
0,0.33524614653047535,0.299,0.068,0,8,AP3M2
0,0.33420291972927063,0.483,0.195,0,8,TNFAIP8
0,0.3333427907117824,0.485,0.207,0,8,IKZF1
0,0.3329722449647753,0.368,0.116,0,8,AC016831.7
0,0.3326722029741541,0.394,0.17,0,8,TANK
0,0.3321579743218999,0.284,0.057,0,8,FURIN
0,0.3315738167801583,0.471,0.214,0,8,FOXP1
0,0.3310029156065081,0.397,0.142,0,8,DNAJB9
0,0.33023132969463886,0.509,0.253,0,8,BIRC3
0,0.32765219429437753,0.999,0.994,0,8,RPS15A
0,0.3265749742989902,0.634,0.342,0,8,UBE2B
0,0.32637502540393126,0.401,0.143,0,8,GTF2B
0,0.32604767852046695,0.467,0.197,0,8,PARP8
0,0.32595025266466743,0.515,0.224,0,8,CD96
0,0.32585537303141177,0.291,0.054,0,8,TNFRSF25
0,0.32545089350025813,0.722,0.443,0,8,NCL
0,0.3240632884172038,0.359,0.135,0,8,GIMAP4
0,0.32072118571329455,0.416,0.183,0,8,ANKRD28
0,0.3206040450380581,0.525,0.24,0,8,SYNE2
0,0.31955696397643335,0.44,0.204,0,8,TIPARP
0,0.318489856890953,0.32,0.078,0,8,CAMK4
0,0.3183401184722705,0.676,0.387,0,8,SERP1
0,0.31585785303129565,0.3,0.088,0,8,PTGER2
0,0.31477654989691045,0.463,0.2,0,8,H2AFV
0,0.31475511729091377,0.931,0.779,0,8,NPM1
0,0.3141125842837176,0.324,0.101,0,8,IPCEF1
0,0.3127950006115112,0.452,0.221,0,8,ITM2A
0,0.3108846191714708,0.38,0.179,0,8,UGP2
0,0.31042194822112634,0.498,0.229,0,8,EPC1
0,0.31016206697577814,0.437,0.181,0,8,JOSD1
0,0.3091632288619085,0.329,0.101,0,8,YIPF5
0,0.30712055029049545,0.377,0.138,0,8,UBALD2
0,0.306846086907119,1,0.995,0,8,B2M
0,0.30681662513987157,0.412,0.175,0,8,SLC7A5
0,0.3039053320068414,0.368,0.161,0,8,IER5
0,0.30320796540236783,0.296,0.073,0,8,BICDL1
0,0.30301281599369223,0.556,0.283,0,8,RNF19A
0,0.302843309127502,0.997,0.982,0,8,RPS13
0,0.3022747519256876,0.422,0.178,0,8,NSD3
0,0.30188704831189767,0.501,0.215,0,8,CD3G
0,0.3000759517398355,0.468,0.202,0,8,AAK1
0,0.29992369221465875,0.386,0.143,0,8,HIPK1
0,0.2999233369162525,0.511,0.261,0,8,CELF2
0,0.2991194655186882,0.732,0.406,0,8,IL32
0,0.2990809394718312,0.344,0.124,0,8,LINC01871
0,0.2947370595001133,0.999,0.99,0,8,RPL18
0,0.29444728087005445,0.396,0.164,0,8,EVI2A
0,0.2938869070535051,0.435,0.186,0,8,BCAS2
0,0.2922429056573033,0.285,0.065,0,8,CD28
0,0.2919404500377909,0.355,0.144,0,8,PFKFB3
0,0.29123314794115496,0.999,0.989,0,8,RPS9
0,0.29024806970200545,0.294,0.075,0,8,NCK2
0,0.28989443815891824,0.277,0.064,0,8,PBX4
0,0.2879135173056009,0.42,0.175,0,8,CCSER2
0,0.2855529441154977,0.333,0.126,0,8,PDCL3
0,0.2853206946071595,0.373,0.143,0,8,CYTH1
0,0.28529253223552886,0.309,0.114,0,8,S1PR4
0,0.2848909106333102,0.311,0.098,0,8,LINC00513
0,0.28488605656428057,0.987,0.945,0,8,RPL27
0,0.28388447810719253,1,0.996,0,8,RPL28
0,0.2833544249526407,0.478,0.237,0,8,MRFAP1
0,0.28320214335637406,0.505,0.237,0,8,SLC38A1
0,0.28298813211848006,0.609,0.333,0,8,FXYD5
0,0.28273681582058474,0.999,0.994,0,8,RPS28
0,0.2825218626510386,0.999,0.991,0,8,RPL37
0,0.28243574180327025,0.328,0.109,0,8,FAM102A
0,0.28217931887557585,0.369,0.151,0,8,TGIF1
0,0.2810426658122127,0.256,0.064,0,8,PERP
0,0.28088298984476656,0.303,0.096,0,8,LPIN2
0,0.28065411874842433,0.42,0.2,0,8,BAZ1A
0,0.2796321772285561,0.526,0.261,0,8,FNBP1
0,0.27959491132288333,0.429,0.191,0,8,ABRACL
0,0.27822906349334264,0.99,0.948,0,8,RPL38
0,0.27719825706945667,0.277,0.102,0,8,SOCS1
0,0.2767406750832852,0.324,0.111,0,8,DYNLT3
0,0.2739508667447461,0.319,0.109,0,8,GPRIN3
0,0.27360655895363145,0.351,0.13,0,8,TCF7
0,0.27219220328476923,0.477,0.232,0,8,UBE2D2
0,0.27187045276514077,1,0.995,0,8,RPL34
0,0.2714731617571724,0.296,0.095,0,8,GIMAP1
0,0.27122353323258963,0.335,0.134,0,8,IQGAP2
0,0.27119643497350804,0.48,0.225,0,8,RARRES3
0,0.27108913559644404,0.343,0.13,0,8,RABGAP1L
0,0.27046188421548256,0.294,0.086,0,8,CD6
0,0.27033917911350125,0.577,0.322,0,8,CNBP
0,0.2697523275187719,0.365,0.148,0,8,AKIRIN1
0,0.2688833542581238,0.356,0.135,0,8,HECA
0,0.26838649353985544,0.335,0.122,0,8,PPIL4
0,0.26701098373299537,0.263,0.067,0,8,ZNF831
0,0.2661828804468698,0.998,0.987,0,8,RPL35A
0,0.2661272218450455,0.378,0.166,0,8,RBMS1
0,0.2659266568412594,0.411,0.189,0,8,SBDS
0,0.26571374256004876,0.353,0.134,0,8,SKAP1
0,0.2653449761914274,0.351,0.145,0,8,ERN1
0,0.2653052986191771,0.314,0.11,0,8,SVIP
0,0.2647525220365464,0.36,0.147,0,8,TENT5C
0,0.2635337338762404,0.508,0.259,0,8,WIPF1
0,0.2632450855045481,0.41,0.182,0,8,EMB
0,0.2617604672498768,0.28,0.088,0,8,ORAI1
0,0.26156320117023674,0.442,0.214,0,8,GTF3A
0,0.2608599882240654,0.576,0.311,0,8,CD53
0,0.26014372098695965,0.464,0.226,0,8,PDE4B
0,0.25940034809088724,0.333,0.118,0,8,PLAC8
0,0.25889100345685423,0.519,0.28,0,8,HNRNPF
0,0.2580817619572541,0.454,0.214,0,8,AES
0,0.256307512026563,0.573,0.317,0,8,RBM8A
0,0.2558182973038316,0.439,0.207,0,8,SMDT1
0,0.25545091715307516,0.327,0.128,0,8,CASP8
0,0.2546732456358444,0.341,0.153,0,8,LYAR
0,0.25341769180461426,0.549,0.29,0,8,HLA-F
0,0.2525518718397539,0.309,0.119,0,8,SMAD7
0,0.2524075924213901,0.351,0.156,0,8,PIM1
3.367510097858996e-300,0.2560587215304876,0.472,0.246,1.0221740151041196e-295,8,EVI2B
6.104892205509175e-296,0.2620660216134052,0.998,0.978,1.853078980060255e-291,8,RPL27A
1.4216377878468196e-287,0.26065092295727,0.624,0.369,4.315239341230236e-283,8,RAN
1.6366306182600887e-286,0.2616524356817004,0.291,0.127,4.967828578666673e-282,8,RAB9A
9.507601502082488e-286,0.4412889867575074,0.912,0.806,2.8859373599421185e-281,8,ZFP36
5.629253748131975e-285,0.2970587494403467,0.748,0.492,1.7087036827079796e-280,8,CCNI
4.3199630711129625e-284,0.2590043105844495,0.504,0.274,1.3112815906056286e-279,8,JMJD1C
4.131171093844895e-282,0.2568780754224602,0.998,0.984,1.2539756738256795e-277,8,RPL7A
1.0902825986237552e-279,0.263140448410053,0.999,0.989,3.309443799862547e-275,8,RPS6
2.2939129907235573e-279,0.25262563016417217,0.653,0.391,6.962943492042286e-275,8,GPBP1
4.953908989031145e-279,0.3543926167813499,0.529,0.297,1.5037095345305139e-274,8,DUSP2
6.868632727869408e-272,0.3154106310195972,0.629,0.39,2.0849047782174803e-267,8,TAGLN2
1.2520852999603312e-265,0.28721638218093615,0.996,0.88,3.8005797194995894e-261,8,HLA-B
2.6731823571374475e-262,0.255549331445792,0.256,0.11,8.114177726855008e-258,8,MRPL1
1.693355952930386e-256,0.26147191070053233,0.411,0.215,5.140012659524893e-252,8,PRDM1
6.886609927553149e-255,0.31004783614228315,0.578,0.347,2.090361577409483e-250,8,AHNAK
9.571043964394397e-254,0.267307774308966,0.999,0.987,2.905194684952275e-249,8,PTMA
3.959711536169783e-253,0.2503843211213717,0.378,0.193,1.2019308396889758e-248,8,IFNGR1
3.740257681585431e-252,0.25123941794998594,0.334,0.162,1.1353178166684417e-247,8,TOB1
8.688724632361644e-248,0.4866689730048426,0.751,0.547,2.6373754749070535e-243,8,NFKBIA
8.25333958395042e-233,0.258544486086854,0.995,0.985,2.5052186973123105e-228,8,MT-CYB
5.023753975429642e-226,0.25556534072935144,0.665,0.422,1.5249102817019137e-221,8,LDHA
3.9233926344143186e-212,0.5274729440692174,0.562,0.383,1.1909066002501222e-207,8,LMNA
5.57322202097467e-211,0.2566541605233488,0.885,0.714,1.6916958122466515e-206,8,HNRNPA1
1.5368363978398903e-114,0.48835427217128036,0.728,0.638,4.664913202003203e-110,8,TXNIP
1.0685073613656739e-103,0.4922052212168344,0.929,0.913,3.2433472446893664e-99,8,VIM
1.6569030252151865e-103,0.2796376674680068,0.971,0.963,5.029363442738177e-99,8,FTH1
8.721105247277061e-89,0.300095333463517,0.827,0.776,2.647204286758479e-84,8,JUNB
3.29777562265616e-86,0.42454874287497096,0.261,0.167,1.0010068125010508e-81,8,KLF2
0,1.9291984543005538,0.978,0.33,0,9,CD74
0,1.823024189992833,0.969,0.2,0,9,HLA-DRA
0,1.5597192409934557,0.852,0.198,0,9,HLA-DRB1
0,1.4754069869293716,0.674,0.013,0,9,MS4A1
0,1.363161073843651,0.653,0.144,0,9,CD83
0,1.3437978909989976,0.822,0.351,0,9,CD37
0,1.3122616711953903,0.477,0.01,0,9,IGHM
0,1.250828902549644,0.629,0.009,0,9,CD79A
0,1.0339002459296323,0.719,0.109,0,9,HLA-DQB1
0,1.032187923082187,0.749,0.376,0,9,EZR
0,1.0268408388412524,0.685,0.081,0,9,HLA-DQA1
0,1.0122346392369184,0.842,0.22,0,9,HLA-DPB1
0,1.0089287727223883,0.494,0.088,0,9,CCR7
0,0.9821385112261478,0.847,0.205,0,9,HLA-DPA1
0,0.9202587944737891,0.523,0.006,0,9,BANK1
0,0.90865708319194,0.777,0.414,0,9,LAPTM5
0,0.88567015065377,0.442,0.039,0,9,LY9
0,0.7895564744195271,0.591,0.334,0,9,HERPUD1
0,0.785739915612835,0.424,0.007,0,9,TNFRSF13C
0,0.7581043596096495,0.995,0.971,0,9,RPS11
0,0.7408567047415469,0.999,0.992,0,9,RPS23
0,0.7166275098112109,0.438,0.099,0,9,NFKBID
0,0.7056284433774112,0.998,0.988,0,9,RPL21
0,0.688269207052828,0.946,0.846,0,9,EEF1B2
0,0.6816681308202401,0.543,0.253,0,9,BIRC3
0,0.6797820728904765,0.603,0.24,0,9,LTB
0,0.6752928167324872,0.983,0.947,0,9,RPS21
0,0.652589177208694,0.372,0.012,0,9,BCL11A
0,0.6459408367147154,0.568,0.262,0,9,CD55
0,0.641142118630337,0.386,0.042,0,9,MEF2C
0,0.6372472200915621,0.411,0.058,0,9,IRF8
0,0.634646924346864,0.999,0.997,0,9,RPS27
0,0.631179615787371,0.609,0.314,0,9,SMAP2
0,0.6191848922640898,0.34,0.066,0,9,GRASP
0,0.6187194235886497,0.394,0.037,0,9,SWAP70
0,0.6109777914508818,0.969,0.898,0,9,RPS20
0,0.6071724131592757,0.669,0.409,0,9,REL
0,0.605020207241302,0.998,0.989,0,9,RPLP2
0,0.59933884062306,0.998,0.982,0,9,RPS29
0,0.5973575130348281,0.97,0.909,0,9,RPS10
0,0.5955374712608559,0.998,0.993,0,9,RPL18A
0,0.5895392704633315,0.997,0.988,0,9,RPL13A
0,0.5837784819757018,0.468,0.149,0,9,PRDM2
0,0.5782648346210273,0.999,0.993,0,9,RPS8
0,0.5711675867627828,0.999,0.995,0,9,RPL39
0,0.5507999539669473,0.998,0.993,0,9,RPS3A
0,0.5497143979261376,0.999,0.99,0,9,RPS6
0,0.5438195152388148,0.998,0.994,0,9,RPS28
0,0.5401164622514707,0.99,0.958,0,9,RPS5
0,0.5363784546222785,0.999,0.995,0,9,RPL34
0,0.5358487710159539,0.281,0.002,0,9,VPREB3
0,0.5351284928007392,0.998,0.995,0,9,RPL11
0,0.5323339592695295,0.997,0.988,0,9,RPL9
0,0.5322270083938063,0.978,0.923,0,9,RPSA
0,0.530845151914983,0.999,0.996,0,9,RPL32
0,0.5304638889712873,0.342,0.016,0,9,ARHGAP24
0,0.5298097001715605,0.998,0.991,0,9,RPL37
0,0.5284950825752788,0.317,0.022,0,9,RALGPS2
0,0.5196003775334233,0.998,0.991,0,9,RPL19
0,0.5189037179056677,0.997,0.982,0,9,RPS13
0,0.5175335645528414,0.961,0.876,0,9,RPL23
0,0.5069387492098052,0.998,0.993,0,9,RPL30
0,0.5044750884579845,0.323,0.02,0,9,ADAM28
0,0.5035024734266771,0.286,0.005,0,9,SPIB
0,0.501385004733281,0.311,0.009,0,9,LINC00926
0,0.5007394398736404,0.997,0.978,0,9,RPL27A
0,0.4945054156986357,0.984,0.937,0,9,RPL22
0,0.48851353932137487,0.997,0.988,0,9,RPL23A
0,0.4837593610448816,0.996,0.978,0,9,RPS25
0,0.4721493528242191,0.983,0.949,0,9,RPL38
0,0.466676016035281,0.31,0.063,0,9,SMIM14
0,0.466046201102837,0.998,0.993,0,9,RPS27A
0,0.4586578077688508,0.344,0.064,0,9,SYNGR2
0,0.4582665345538176,0.471,0.255,0,9,DDX21
0,0.45810775904772133,0.338,0.051,0,9,LYN
0,0.45728341481542806,0.434,0.1,0,9,HLA-DMA
0,0.4565919228967946,0.302,0.055,0,9,PHACTR1
0,0.4537695058168585,0.996,0.981,0,9,RPS2
0,0.4529281323789694,0.377,0.101,0,9,SNX2
0,0.4525718163903611,0.457,0.199,0,9,CMTM6
0,0.44867763036203856,0.995,0.983,0,9,RPL8
0,0.448364674909457,0.982,0.946,0,9,RPL27
0,0.43986231568042333,0.998,0.99,0,9,RPL18
0,0.4390697030516546,0.313,0.097,0,9,TCF4
0,0.43483442144689555,0.288,0.006,0,9,BLK
0,0.4336141486678775,1,0.999,0,9,EEF1A1
0,0.4334228036691208,0.996,0.986,0,9,FAU
0,0.4251797963528192,0.999,0.997,0,9,RPS18
0,0.42503598433933476,0.997,0.991,0,9,RPL13
0,0.42420902881052047,0.999,0.997,0,9,RPS12
0,0.4190824757836402,0.339,0.11,0,9,PARP14
0,0.41663445527835336,0.359,0.085,0,9,PRKCB
0,0.40094725446423796,0.303,0.055,0,9,HLA-DMB
0,0.39672082423424593,0.992,0.964,0,9,RPL5
0,0.3859780984596097,0.266,0.053,0,9,POU2F2
0,0.3847528641879676,0.996,0.988,0,9,RPL37A
0,0.38454437734473557,0.28,0.038,0,9,KDM4B
0,0.38323718119969286,0.996,0.987,0,9,RPL35A
0,0.37709152936113854,0.998,0.992,0,9,RPL3
0,0.37621811115071946,0.997,0.989,0,9,RPL15
0,0.374818259807709,0.997,0.988,0,9,RPL12
0,0.3710873539738486,0.999,0.999,0,9,RPL41
0,0.3699375235000737,0.996,0.985,0,9,RPS16
0,0.3684453606862665,0.292,0.065,0,9,IFT57
0,0.3673722985283587,0.329,0.105,0,9,MKNK2
0,0.3608777742503424,0.993,0.97,0,9,RPL10A
0,0.35342422024367476,0.251,0.011,0,9,GNG7
0,0.35180054064053773,0.323,0.119,0,9,SNX9
0,0.34354071210625525,0.998,0.993,0,9,RPL26
0,0.33295473610585113,0.326,0.122,0,9,RBM38
0,0.33263697705745365,0.288,0.088,0,9,NCOA3
0,0.3314100661622863,0.999,0.993,0,9,RPS15
0,0.3181443685363887,0.26,0.067,0,9,ORAI2
0,0.31300699047194214,0.335,0.133,0,9,TMEM243
0,0.29943392981357686,0.257,0.084,0,9,RCSD1
0,0.2911511303953379,0.265,0.074,0,9,FCMR
0,0.2844645956805922,0.305,0.127,0,9,NFKB2
4.1469707844151924e-302,0.33608459732703766,0.996,0.989,1.2587715119013876e-297,9,RPS9
9.759391572679709e-300,0.26063595256430105,0.287,0.116,2.9623657179711986e-295,9,ITSN2
5.226688564969586e-294,0.3248527824004306,0.997,0.983,1.586509047010868e-289,9,RPS7
2.277375693751022e-290,0.31111574560670985,0.365,0.171,6.912746180811853e-286,9,RNASET2
6.535657664418484e-290,0.49684055307645747,0.908,0.824,1.9838335274575864e-285,9,H3F3A
1.4718299139421044e-283,0.26527201922184535,0.276,0.11,4.467592520779864e-279,9,BASP1
3.983225520870566e-273,0.3320860414537745,0.998,0.995,1.2090682746050515e-268,9,RPS14
2.988614089155599e-272,0.38381051707605984,0.46,0.252,9.071639206222906e-268,9,SMCHD1
6.007674185280667e-271,0.31641023282280084,0.402,0.202,1.8235694222000937e-266,9,LIMD2
1.4151649338036024e-270,0.4114704807859714,0.399,0.208,4.2955916400674546e-266,9,ANKRD11
2.8797804161292203e-270,0.29648122481463446,0.998,0.994,8.741285475118636e-266,9,RPS15A
5.78936048743344e-270,0.32113724899086504,0.988,0.971,1.7573024823555464e-265,9,UBA52
3.6962959930459156e-264,0.3804172190750328,0.716,0.462,1.1219736857291572e-259,9,CD52
1.4405873234448556e-246,0.2680599864422888,1,0.999,4.372758761584515e-242,9,RPLP1
1.41865792328955e-245,0.3953274587983574,0.591,0.389,4.3061942603531004e-241,9,NOP53
1.2163929384304061e-242,0.31556915468079616,0.992,0.978,3.692239125311655e-238,9,RPL35
1.6119177827725745e-236,0.30679366600841185,0.994,0.984,4.892815237827873e-232,9,RPL36
3.684082730331468e-235,0.3808825547104967,0.588,0.374,1.1182664719648138e-230,9,CD48
9.468788341432405e-234,0.3054280753346408,0.995,0.985,2.874156013158392e-229,9,RPL29
1.1530382768723654e-231,0.28197429163696786,0.999,0.999,3.4999323856183777e-227,9,RPL10
5.332183185286939e-230,0.33360215535774573,0.98,0.935,1.6185308840619973e-225,9,RPL7
2.3117713246834097e-228,0.2515046358902225,0.318,0.152,7.017150678944022e-224,9,ANKRD44
4.759830191793271e-215,0.27475208482848723,0.999,0.994,1.4447988564169295e-210,9,RPS19
3.595030505609731e-210,0.3160777049447105,0.404,0.228,1.0912355596727779e-205,9,LSM7
8.413897201962746e-209,0.26896706416737876,0.294,0.141,2.553954356683772e-204,9,RAB11FIP1
4.0703687107908504e-207,0.3683249695291776,0.475,0.287,1.2355197184734548e-202,9,KDM6B
2.7686828589411616e-205,0.30656222486248164,0.34,0.176,8.404059950030001e-201,9,RILPL2
1.496834895485934e-191,0.2698567827806895,0.999,0.995,4.543492641758004e-187,9,RPS4X
1.7860136632284264e-191,0.28764843282152963,0.981,0.952,5.421265873363566e-187,9,NACA
6.23433618926338e-190,0.33811411953873605,0.512,0.321,1.8923704068890065e-185,9,ISG20
1.0281760339458083e-189,0.30156746959624303,0.265,0.126,3.1209255334391066e-185,9,MARCKS
4.532649373241926e-184,0.27153976439376,0.333,0.178,1.3758403907538541e-179,9,CREBRF
1.5039257990894229e-180,0.2583536383200471,0.994,0.979,4.565016370556034e-176,9,RPL14
3.3388051671987425e-178,0.6342410863143595,0.5,0.31,1.0134609204515063e-173,9,GPR183
5.518928768762155e-178,0.2727878034345146,0.994,0.984,1.6752156384700647e-173,9,RPL7A
3.7480706234953377e-175,0.2745122843330884,0.286,0.146,1.1376893570557749e-170,9,ALG13
1.4555070074581784e-172,0.3410899697531169,0.895,0.802,4.418045970438555e-168,9,RPL31
6.3107461567772235e-168,0.32954487951685935,0.332,0.187,1.9155638884281585e-163,9,TMEM123
1.6462173852478886e-160,0.27587684198300044,0.515,0.339,4.996928251181441e-156,9,KMT2E
9.709658661803593e-160,0.32135570803890556,0.747,0.59,2.9472697902038627e-155,9,ZFAS1
1.519573141546862e-159,0.27723977357387697,0.705,0.517,4.612512313851345e-155,9,CYBA
3.268111679881036e-159,0.30557442371924504,0.466,0.297,9.920026193110897e-155,9,SKIL
3.2254066265990053e-154,0.3059416412623508,0.79,0.659,9.79039927437862e-150,9,EEF2
2.2083265383080837e-146,0.27466505767047,0.464,0.304,6.703154374380358e-142,9,TAF1D
6.963939653978004e-135,0.2724648111495749,0.484,0.33,2.1138342425684833e-130,9,PNISR
3.250198360595169e-133,0.28040322029315945,0.834,0.721,9.865652103750575e-129,9,RPL4
2.2543870400453067e-131,0.2890769284589472,0.283,0.161,6.842966421353524e-127,9,PIM3
5.579017411054943e-125,0.27712215844454047,0.979,0.985,1.6934549449516174e-120,9,MT-ND3
2.7947292284245417e-114,0.26461311298939216,0.529,0.384,8.483121099959854e-110,9,YBX1
1.16332745762186e-92,0.2532514504103658,0.63,0.497,3.5311641648653937e-88,9,YWHAZ
4.543499712107344e-61,0.2603341915630262,0.8,0.728,1.3791339026130632e-56,9,BTG1
4.9580869657755684e-58,0.2709848351709321,0.644,0.542,1.504977717591516e-53,9,MT-ND4L
0,3.54790288507906,0.874,0.159,0,10,HSPA6
0,3.0718418526044053,0.996,0.722,0,10,HSPA1A
0,2.4476827873333558,0.993,0.679,0,10,DNAJB1
0,2.4122077569225833,0.994,0.561,0,10,HSPA1B
0,2.3212569007140074,0.998,0.937,0,10,HSP90AA1
0,2.216237068251175,0.957,0.522,0,10,HSPE1
0,2.1794018984926513,0.895,0.428,0,10,HSPD1
0,1.9056380813419163,0.935,0.453,0,10,HSPH1
0,1.7157832262151045,0.99,0.955,0,10,UBC
0,1.6293737247847764,0.966,0.867,0,10,HSP90AB1
0,1.3505668907469182,0.362,0.091,0,10,IFNG
0,1.3258307317386506,0.837,0.58,0,10,DNAJA1
0,1.2170609937709052,0.757,0.265,0,10,CACYBP
0,1.0421420614972288,0.908,0.734,0,10,HSPA8
0,1.0138124893647622,0.875,0.468,0,10,CCL5
0,0.9612719226891959,0.941,0.809,0,10,UBB
0,0.9362726419597258,0.569,0.167,0,10,ZFAND2A
0,0.8910635274428803,0.649,0.245,0,10,CHORDC1
0,0.8050594615059647,0.522,0.138,0,10,BAG3
0,0.7730150418812891,0.504,0.151,0,10,MRPL18
0,0.7222672425585466,0.608,0.231,0,10,TCP1
0,0.7006752987136977,0.553,0.188,0,10,AHSA1
0,0.6516217781484946,0.476,0.125,0,10,DEDD2
0,0.6384405015490222,0.373,0.098,0,10,DNAJA4
0,0.5949704870876238,0.709,0.409,0,10,IL32
0,0.5470097261867273,0.602,0.376,0,10,SOD1
0,0.5464687570283887,0.417,0.164,0,10,DOK2
0,0.5442035448598725,0.536,0.248,0,10,TAF7
0,0.5366155711565648,0.623,0.337,0,10,NKG7
0,0.5231081743935632,0.536,0.262,0,10,GZMK
0,0.5073835392146044,0.354,0.099,0,10,FKBP4
0,0.4743548212671158,0.41,0.176,0,10,NABP1
0,0.4684082146883649,0.372,0.113,0,10,DNAJB4
0,0.4171466021436273,0.268,0.079,0,10,TNFSF14
0,0.40472008304321605,1,0.993,0,10,MALAT1
0,0.36509526735857734,0.349,0.136,0,10,STIP1
0,0.352623564959121,0.457,0.215,0,10,GZMM
0,0.3029116821808629,0.28,0.109,0,10,HSPA4
6.847733746514713e-308,0.5305241741912424,0.643,0.415,2.0785611014170762e-303,10,DNAJB6
2.112827607244045e-303,0.42756859511748013,0.716,0.452,6.413276919028574e-299,10,HCST
1.1067351425664883e-288,0.328251482863479,0.448,0.228,3.359383851746319e-284,10,RARRES3
6.832507819645905e-282,0.40745651020246526,0.363,0.174,2.073939423575318e-277,10,SLC5A3
1.894404755543955e-263,0.343757208520535,0.426,0.227,5.750276194978121e-259,10,CCT4
3.2242034630879856e-260,0.4188633377352535,0.833,0.692,9.786747191857271e-256,10,HNRNPA2B1
5.359479796262806e-258,0.32458316549699895,0.547,0.312,1.6268164973576122e-253,10,CD3E
1.450934987275438e-256,0.325212249943394,0.367,0.182,4.404168060375865e-252,10,NUDC
8.036917000120607e-244,0.42785646171974645,0.748,0.557,2.439525786216609e-239,10,MYL12A
1.7651202477063534e-243,0.3010847207827706,0.379,0.195,5.357845999887865e-239,10,CCT3
9.171728449344229e-242,0.521419037306738,0.533,0.312,2.7839864535139473e-237,10,KLRB1
2.6389864554897484e-240,0.32119164052849536,0.997,0.99,8.010379486993582e-236,10,RPS3
1.3435923740905838e-233,0.44019372945702995,0.461,0.261,4.078340292314558e-229,10,RGS2
4.277867409519788e-227,0.36504734424395613,0.574,0.367,1.2985038734856364e-222,10,CLK1
1.1521248720867998e-220,0.4402445371358601,0.502,0.3,3.497159836732272e-216,10,ZNF331
5.950735899116934e-218,0.3152103818022578,1,0.995,1.806286374817954e-213,10,B2M
7.981066656780343e-212,0.3161571301979069,0.587,0.364,2.4225729729991054e-207,10,HSPB1
3.2398671731161877e-208,0.3187147259915406,0.933,0.816,9.834292817276876e-204,10,HLA-C
8.038461547231348e-208,0.3998882299984705,0.434,0.251,2.439994618046603e-203,10,TSPYL2
8.957443217161724e-208,0.2588906279377785,0.457,0.259,2.71894231413727e-203,10,ACAP1
7.302148040480987e-196,0.29912350619559525,0.588,0.374,2.2164940162075988e-191,10,CD48
1.2382679830868434e-184,0.3956476261220486,0.573,0.399,3.7586386358618045e-180,10,PTGES3
8.541866307144337e-181,0.3332951898523896,0.351,0.193,2.592798098870592e-176,10,TAGAP
1.2303477470119337e-180,0.26330872359263435,0.31,0.161,3.7345975512800234e-176,10,MOB4
5.53626184633629e-178,0.3224749988675224,0.902,0.85,1.6804769208369176e-173,10,DDX5
1.6957415601040558e-172,0.35527305822847866,0.669,0.464,5.147253931539851e-168,10,CD52
1.7198501309308094e-172,0.2909809879605047,0.263,0.126,5.220433087427379e-168,10,GZMH
2.67036218176311e-162,0.5555849074417898,0.535,0.36,8.105617366523744e-158,10,CD69
7.217134359254325e-159,0.3379551623914659,0.363,0.211,2.1906889634080577e-154,10,NEU1
9.570654502090158e-152,0.31606350289926677,0.421,0.253,2.905076467564447e-147,10,TRBC1
5.703048431675734e-147,0.31342634532930813,0.564,0.396,1.731103320950852e-142,10,GPBP1
3.7153536108206054e-146,0.28733370597226326,0.479,0.311,1.1277584350284866e-141,10,TRA2B
1.685413065903087e-138,0.48487119053686945,0.285,0.153,5.11590282024223e-134,10,XCL2
6.63918829403739e-133,0.2626833704228221,0.456,0.294,2.0152592147721095e-128,10,CCNH
5.325628161916569e-101,0.27626989570523763,0.551,0.41,1.6165411722681553e-96,10,SELENOK
2.2599480414451582e-88,0.2581500422150951,0.455,0.323,6.8598462850026335e-84,10,PPP1R2
2.0948455426656726e-60,0.3848115189858812,0.68,0.568,6.358694160207382e-56,10,ANXA1
6.2891652473862265e-50,0.27593925569674815,0.581,0.501,1.909013219191615e-45,10,DYNLL1
3.2161410794862106e-36,0.3253816619908476,0.754,0.726,9.762274632672444e-32,10,JUN
0,3.427524510570434,0.993,0.314,0,11,HBB
0,3.4119963776852225,0.905,0.376,0,11,MGP
0,3.1500975694193842,0.974,0.491,0,11,DCN
0,3.0451611379518884,0.992,0.277,0,11,HBA2
0,2.9098210699129545,0.529,0.165,0,11,CFD
0,2.6751600907798307,0.905,0.29,0,11,COL1A2
0,2.502053138981679,0.946,0.178,0,11,HBA1
0,2.4887749386676257,0.887,0.35,0,11,COL1A1
0,2.466190643697055,0.527,0.04,0,11,SFRP2
0,2.355948146352642,0.687,0.115,0,11,GSN
0,2.3556503850378823,0.709,0.083,0,11,CCDC80
0,2.2103856822962658,0.745,0.126,0,11,FBLN1
0,2.1176245118055625,0.808,0.296,0,11,COL3A1
0,2.058282721131039,0.541,0.122,0,11,SFRP4
0,2.0200393283447085,0.557,0.134,0,11,PTGDS
0,1.9476902843268034,0.586,0.086,0,11,IGFBP6
0,1.8718356838356098,0.886,0.279,0,11,LUM
0,1.817059504512696,0.758,0.148,0,11,COL6A2
0,1.7728095916140365,0.539,0.082,0,11,C3
0,1.7365537721694866,0.684,0.161,0,11,IGFBP5
0,1.7059927789319873,0.795,0.225,0,11,SPARCL1
0,1.6532378855384102,0.486,0.055,0,11,CYR61
0,1.6199214258993289,0.691,0.131,0,11,SERPINF1
0,1.5340557363646552,0.629,0.133,0,11,C1R
0,1.3712596632946454,0.342,0.074,0,11,APOD
0,1.320894492966923,0.583,0.086,0,11,COL6A3
0,1.3101378715794065,0.663,0.134,0,11,COL6A1
0,1.3071516574516961,0.546,0.054,0,11,COL14A1
0,1.285557005829184,0.567,0.087,0,11,ADIRF
0,1.2815552039963214,0.285,0.01,0,11,PI16
0,1.2812597343141596,0.377,0.062,0,11,C7
0,1.2708514127858401,0.638,0.205,0,11,SPARC
0,1.2670877166592764,0.534,0.078,0,11,OGN
0,1.2635896050036106,0.537,0.178,0,11,IGFBP7
0,1.2250394158508615,0.387,0.028,0,11,WISP2
0,1.209899736732894,0.595,0.118,0,11,C1S
0,1.1800614078730776,0.49,0.076,0,11,CLU
0,1.1648846502215622,0.314,0.028,0,11,CXCL14
0,1.1563786890090482,0.463,0.056,0,11,SFRP1
0,1.1551470147462433,0.559,0.095,0,11,MMP2
0,1.1449791647780863,0.511,0.046,0,11,MFAP4
0,1.0783656375635786,0.902,0.542,0,11,CD63
0,1.0511992746663652,0.517,0.06,0,11,GPNMB
0,1.0499798873981403,0.564,0.125,0,11,SERPING1
0,1.04043996436937,0.602,0.127,0,11,TIMP2
0,1.0378976082540965,0.397,0.037,0,11,TNXB
0,1.0186850830468237,0.551,0.105,0,11,RARRES2
0,1.0126608717353198,0.806,0.336,0,11,IFITM3
0,1.0110886835275497,0.615,0.136,0,11,SELENOP
0,1.0105635955400347,0.506,0.068,0,11,AEBP1
0,1.0026899487661223,0.591,0.15,0,11,IGFBP4
0,0.9990479552003675,0.339,0.025,0,11,ADH1B
0,0.9841523297603532,0.79,0.36,0,11,TIMP1
0,0.9803608708874898,0.823,0.329,0,11,CST3
0,0.9642789428634746,0.301,0.041,0,11,CTGF
0,0.9633051776288235,0.967,0.803,0,11,S100A6
0,0.961607450855501,0.483,0.049,0,11,CTSK
0,0.9584543084161854,0.965,0.692,0,11,LGALS1
0,0.8929166383570886,0.998,0.91,0,11,VIM
0,0.8860210096984278,0.352,0.02,0,11,DPT
0,0.8791386559824921,0.507,0.073,0,11,LRP1
0,0.8651901490585072,0.667,0.284,0,11,LAPTM4A
0,0.8461922031487368,0.466,0.107,0,11,IGF1
0,0.8352687694637763,0.652,0.304,0,11,CD81
0,0.8349119425966179,0.513,0.102,0,11,PCOLCE
0,0.829139827589241,0.467,0.073,0,11,FSTL1
0,0.8290122199680683,0.93,0.742,0,11,ITM2B
0,0.8007973939227886,0.383,0.039,0,11,PLAC9
0,0.7893239454715176,0.693,0.248,0,11,CALD1
0,0.7807472402198646,0.351,0.043,0,11,FBLN2
0,0.7743819769787542,0.401,0.049,0,11,CXCL12
0,0.7743413300362572,0.483,0.072,0,11,LGALS3BP
0,0.7689100067757465,0.636,0.256,0,11,PSAP
0,0.7601222146691139,0.624,0.29,0,11,LGALS3
0,0.7583090442818692,0.331,0.065,0,11,NNMT
0,0.7512989162712689,0.769,0.418,0,11,EGR1
0,0.7408071173397214,0.41,0.061,0,11,FXYD1
0,0.7342952573583292,0.525,0.303,0,11,TUBA1A
0,0.7294802505611354,0.339,0.021,0,11,PDGFRL
0,0.724862681738264,0.418,0.047,0,11,PLTP
0,0.7139543958905612,0.424,0.085,0,11,NBL1
0,0.7037839959372227,0.508,0.141,0,11,FCGRT
0,0.6985105096378421,0.425,0.079,0,11,PMP22
0,0.687549523905185,0.393,0.074,0,11,LTBP4
0,0.6787167047158988,0.391,0.09,0,11,CAV1
0,0.6785528935052987,0.357,0.026,0,11,PODN
0,0.6777497671526468,0.294,0.045,0,11,FBN1
0,0.6642050145761378,0.535,0.188,0,11,SELENOM
0,0.6618717028838635,0.317,0.035,0,11,GAS1
0,0.6515906911618895,0.551,0.31,0,11,ANXA2
0,0.6512516163588231,0.353,0.067,0,11,PRSS23
0,0.6411970313384502,0.356,0.136,0,11,ID3
0,0.6388881808733389,0.32,0.04,0,11,THBS2
0,0.6384406749444755,0.336,0.025,0,11,PRELP
0,0.6372041390192631,0.42,0.105,0,11,TIMP3
0,0.633172377380001,0.459,0.106,0,11,NUPR1
0,0.622993564308264,0.366,0.04,0,11,CYBRD1
0,0.6221765515563328,0.359,0.038,0,11,GAS6
0,0.6055970149407189,0.258,0.024,0,11,CTHRC1
0,0.6027867522748821,0.36,0.068,0,11,PBX1
0,0.5947397649590611,0.439,0.118,0,11,S100A13
0,0.5919304221210095,0.379,0.055,0,11,OLFML3
0,0.5867864434964477,0.314,0.021,0,11,F10
0,0.5808659947086429,0.333,0.035,0,11,COL12A1
0,0.5782477829321456,0.306,0.023,0,11,SLIT3
0,0.5740399380439862,0.355,0.057,0,11,GNG11
0,0.5708758721407485,0.322,0.062,0,11,THY1
0,0.5601019546828658,0.382,0.095,0,11,TCF4
0,0.5552965796262199,0.352,0.051,0,11,PRRX1
0,0.5500088999235445,0.294,0.045,0,11,BGN
0,0.5490371547530841,0.318,0.048,0,11,CFH
0,0.5474443761846552,0.323,0.055,0,11,NR2F1
0,0.536709527255753,0.3,0.03,0,11,NFIB
0,0.5358408530011195,0.295,0.027,0,11,ABI3BP
0,0.5358083027037598,0.342,0.076,0,11,MFGE8
0,0.5355419947712293,0.328,0.031,0,11,MRC2
0,0.5324534278465953,0.444,0.194,0,11,ZBTB20
0,0.5320547681519293,0.302,0.044,0,11,LHFPL6
0,0.529161474081386,0.296,0.052,0,11,FBLN5
0,0.5282052281458284,0.285,0.021,0,11,PTGIS
0,0.5276524988774182,0.31,0.046,0,11,EFEMP1
0,0.5264138506739937,0.314,0.052,0,11,PLPP3
0,0.5262723182908298,0.272,0.039,0,11,CLEC11A
0,0.519430262385514,0.275,0.021,0,11,SRPX
0,0.5187617527079234,0.359,0.06,0,11,MXRA8
0,0.5141872168770134,0.285,0.033,0,11,CRABP2
0,0.5110876025630819,0.296,0.024,0,11,PAMR1
0,0.5107422778556642,0.321,0.039,0,11,PDGFRB
0,0.495083850883782,0.322,0.034,0,11,SSPN
0,0.4937120333318641,0.319,0.061,0,11,NFIA
0,0.4924820762065767,0.505,0.25,0,11,DSTN
0,0.48746571537266037,0.291,0.029,0,11,LAMB2
0,0.48680237643940616,0.332,0.053,0,11,TSPAN4
0,0.48641938944657775,0.256,0.025,0,11,ABCA8
0,0.48432026089427604,0.293,0.063,0,11,FN1
0,0.48399542378312077,0.352,0.08,0,11,LIMA1
0,0.4834896089304499,0.293,0.055,0,11,COL5A1
0,0.48347773515701103,0.484,0.246,0,11,EID1
0,0.48286644935285894,0.392,0.152,0,11,TPM2
0,0.4821204768292443,0.254,0.042,0,11,FGF7
0,0.4806753559180133,0.499,0.206,0,11,NPC2
0,0.477456051008417,0.315,0.067,0,11,HTRA1
0,0.4733660734393643,0.326,0.068,0,11,ISLR
0,0.4705728926319299,0.323,0.082,0,11,DST
0,0.46648043876395273,0.33,0.084,0,11,APP
0,0.46366028991007824,0.36,0.081,0,11,NFIC
0,0.4478808821267743,0.294,0.065,0,11,ALDH1A1
0,0.447549163314367,0.343,0.116,0,11,TSC22D1
0,0.4470971286868716,0.43,0.189,0,11,MGST3
0,0.4455328574274862,0.262,0.05,0,11,MGST1
0,0.4381062544286096,0.275,0.057,0,11,TSHZ2
0,0.43722776994696294,0.283,0.029,0,11,CTSF
0,0.4328648383278375,0.287,0.08,0,11,MT1E
0,0.43076307083709636,0.354,0.108,0,11,DDAH2
0,0.42903757410691157,0.3,0.043,0,11,EFEMP2
0,0.4229854620221994,0.326,0.081,0,11,PDGFRA
0,0.4220773341017658,0.286,0.107,0,11,DHRS3
0,0.4219163706394224,0.294,0.052,0,11,COL18A1
0,0.4093040375958813,0.269,0.073,0,11,CD9
0,0.40598648227451073,0.265,0.051,0,11,COL5A2
0,0.4034278575041904,0.434,0.142,0,11,MEG3
0,0.40319008593514105,0.335,0.132,0,11,SPON2
0,0.39968428895223473,0.348,0.149,0,11,IL6ST
0,0.3970662305776828,0.297,0.065,0,11,CPQ
0,0.39310648336733334,0.26,0.028,0,11,SGCE
0,0.39161330296862684,0.327,0.126,0,11,TPM1
0,0.39103621920723824,0.35,0.126,0,11,MDK
0,0.3878940891506152,0.32,0.09,0,11,BEX3
0,0.3861438653427208,0.294,0.099,0,11,SPTBN1
0,0.38514227836283665,0.298,0.072,0,11,CAVIN1
0,0.3801024439405848,0.259,0.035,0,11,RCN3
0,0.37327380501403234,0.319,0.119,0,11,CD59
0,0.3665481799641934,0.293,0.08,0,11,PGRMC1
0,0.36622506655616816,0.251,0.042,0,11,TFPI
0,0.36512569785584775,0.256,0.039,0,11,CAVIN3
0,0.36373954056778435,0.272,0.063,0,11,CPXM1
0,0.3586847663847843,0.292,0.075,0,11,PLD3
0,0.35138287498467136,0.264,0.055,0,11,FGFR1
0,0.347869970580028,0.275,0.073,0,11,CNN3
0,0.3455028225901254,0.268,0.091,0,11,NR2F2
0,0.3348354728270262,0.292,0.107,0,11,VKORC1
0,0.33335054491007593,0.253,0.055,0,11,GSTM3
0,0.32892938560965373,0.284,0.092,0,11,LEPROT
0,0.3288527522083988,0.329,0.127,0,11,KDELR1
0,0.3200673444170573,0.302,0.113,0,11,SLC25A37
0,0.30970075165873256,0.25,0.089,0,11,ZNF106
0,0.2942015322430403,0.261,0.098,0,11,REXO2
0,0.2933891647021191,0.277,0.095,0,11,MAGED2
0,0.2929562199980794,0.262,0.088,0,11,CYB5R3
0,0.28399296402995133,0.276,0.097,0,11,TCEAL9
0,0.27200504249621577,0.263,0.096,0,11,SPRY1
1.5151779648225264e-307,0.2976857377549405,0.261,0.1,4.599171194422297e-303,11,PDLIM2
3.655950776798374e-302,0.3437365785868094,0.299,0.12,1.1097272987893784e-297,11,MYL9
1.1111677782657964e-287,0.435053828830986,0.449,0.244,3.3728386741479986e-283,11,LY6E
2.7660724760935955e-283,0.2917803520397242,0.293,0.124,8.3961363939345e-279,11,ESD
3.787115071946284e-276,0.37528508223540535,0.495,0.275,1.149540908938575e-271,11,ANXA5
7.100724641309327e-275,0.7222748626633342,0.365,0.178,2.155353957623033e-270,11,TAGLN
6.406904266276324e-271,0.29098702889066247,0.311,0.129,1.9447517209855156e-266,11,VCAN
1.9899453844915854e-263,0.28087166535903807,0.267,0.107,6.040280220085758e-259,11,EMP1
8.13054616292243e-261,0.34681650508116235,0.292,0.125,2.4679459822934744e-256,11,MARCKS
1.1021195611788248e-258,0.39085829276475254,0.461,0.261,3.3453737160022046e-254,11,PEBP1
2.971559463688236e-258,0.29632386521126175,0.303,0.136,9.019871596079271e-254,11,ATRAID
1.6667430000074294e-245,0.3052453314712796,0.342,0.16,5.059231702222551e-241,11,TCEAL4
7.622981443021508e-244,0.7167593904655658,0.897,0.758,2.3138797872147485e-239,11,FOS
1.732333688532865e-241,0.2566536527752656,0.286,0.123,5.258325678172659e-237,11,SERPINH1
9.087252490175193e-237,0.2677108019507668,0.257,0.11,2.758344620867778e-232,11,ADH5
7.769195565837583e-231,0.27183963630225494,0.287,0.13,2.35826162205434e-226,11,RRBP1
3.7226651707164244e-229,0.3338108236622629,0.348,0.179,1.1299777859192634e-224,11,RNH1
6.981015682359036e-225,0.25957570771393856,0.282,0.129,2.119017500223262e-220,11,FKBP2
5.296854715637371e-221,0.3496299080317402,0.441,0.251,1.6078072803845676e-216,11,NUCKS1
3.117350353146571e-214,0.27727473729157537,0.301,0.144,9.462405261941102e-210,11,NORAD
1.7436153329079283e-209,0.4110234356180922,0.558,0.379,5.292569981508725e-205,11,CD99
1.4291657779591015e-208,0.30237922445682264,0.293,0.141,4.338089802417057e-204,11,PTMS
3.7290636332426527e-203,0.40777495660778307,0.638,0.477,1.1319199752344747e-198,11,CIRBP
7.388719711243333e-197,0.2943462398567632,0.382,0.21,2.2427719811508014e-192,11,TUBB
2.5003160843186417e-196,0.34446813135022814,0.336,0.17,7.5894594423408045e-192,11,KCNQ1OT1
7.366415036573773e-179,0.33238097177693415,0.467,0.3,2.236001620201603e-174,11,TMEM59
5.728614593616542e-178,0.3864190134029961,0.526,0.351,1.738863673746365e-173,11,AHNAK
7.624484000655401e-176,0.2959344913761202,0.332,0.18,2.3143358735589402e-171,11,TTC3
8.211404679457405e-169,0.5768387099196128,0.879,0.722,2.4924897764025007e-164,11,JUN
1.557471734977445e-165,0.25173799322223367,0.305,0.161,4.727549704350536e-161,11,PHPT1
1.6320468308323353e-153,0.25975049243262627,0.35,0.202,4.95391495030847e-149,11,BSG
2.916536124361558e-152,0.2948784102384262,0.422,0.265,8.852853751887073e-148,11,RABAC1
1.4527283365755951e-151,0.3260223065418084,0.966,0.919,4.4096115928415614e-147,11,ACTG1
9.7775951750555009e-146,0.27613368867944993,0.262,0.134,2.9678912394363467e-141,11,KLF4
5.371228466796514e-141,0.3065195597176763,0.39,0.245,1.630382688811414e-136,11,SELENOW
7.737197561879688e-135,0.25476029728405686,0.357,0.216,2.3485489479329607e-130,11,PRDX5
6.927558853664447e-133,0.31357811905729105,0.623,0.449,2.1027912144413063e-128,11,ZFP36L1
2.4227776040368e-128,0.3459798515404794,0.332,0.2,7.354099139293302e-124,11,GLUL
2.86803924933304e-126,0.2840689379734721,0.473,0.323,8.705646337425509e-122,11,C12orf57
1.9817447366854634e-121,0.30699575072250984,0.564,0.428,6.015387973735056e-117,11,PPIB
8.529045075881325e-117,0.2712179995285975,0.463,0.319,2.588906342333017e-112,11,SEPT7
1.0542326009233854e-113,0.29749279742682533,0.672,0.541,3.200017636842844e-109,11,MT-ND4L
1.3646905773973596e-102,0.2652070153913584,0.626,0.499,4.142381778631945e-98,11,DYNLL1
8.82845866418773e-89,0.3029652044012596,0.493,0.383,2.6797903429275437e-84,11,GPX4
1.4166784935612604e-83,0.5300587129786558,0.6,0.531,4.30018589935585e-79,11,S100A10
8.628505445666126e-82,0.38511086979528547,0.276,0.181,2.619096542977496e-77,11,SOCS3
5.019253660139312e-75,0.458400538612157,0.757,0.658,1.5235442559986867e-70,11,FOSB
4.028329619890342e-70,0.5191963459395001,0.547,0.454,1.2227591728215144e-65,11,IER2
1.8201359515468353e-62,0.26751168604225606,0.304,0.209,5.524840667325264e-58,11,CEBPD
1.517559407007741e-47,0.3238310874697248,0.37,0.295,4.606399824031297e-43,11,NR4A1
2.1275624915816877e-22,0.4492752040176824,0.803,0.778,6.458003186947055e-18,11,JUNB
0,1.3428934218694883,0.994,0.584,0,12,CXCR4
0,1.160331211976469,0.716,0.257,0,12,GZMK
0,0.9721394931171097,0.854,0.438,0,12,CREM
0,0.9555578156280182,0.949,0.619,0,12,TSC22D3
0,0.9463948275275174,0.567,0.182,0,12,DUSP4
0,0.9310520977479813,0.778,0.328,0,12,FAM177A1
0,0.9243498154913324,0.647,0.246,0,12,TUBA4A
0,0.8944888005859744,0.906,0.468,0,12,CCL5
0,0.8828925735801976,0.831,0.368,0,12,LEPROTL1
0,0.8437671050948903,0.667,0.294,0,12,DUSP2
0,0.8413944848764877,0.772,0.312,0,12,ISG20
0,0.8376161060152145,0.91,0.66,0,12,ZFP36L2
0,0.8291433747557255,0.682,0.379,0,12,IL7R
0,0.8181578357261037,0.995,0.882,0,12,HLA-A
0,0.8002869489606008,0.532,0.148,0,12,CD8A
0,0.7845290020108955,0.878,0.511,0,12,SRSF7
0,0.7698869631815972,0.951,0.723,0,12,BTG1
0,0.7692997544069388,0.666,0.295,0,12,ZNF331
0,0.7691012273032998,0.744,0.301,0,12,RUNX3
0,0.7319574153398571,0.987,0.814,0,12,HLA-C
0,0.7252323654332327,0.884,0.512,0,12,SARAF
0,0.7167064284079576,0.637,0.28,0,12,CEMIP2
0,0.7138632534644991,0.759,0.383,0,12,RGS1
0,0.7137308364987947,0.989,0.703,0,12,SRGN
0,0.7111801382101155,0.945,0.676,0,12,CALM1
0,0.6990920207164736,0.738,0.333,0,12,CST7
0,0.6840941996342939,0.77,0.376,0,12,EZR
0,0.6736596200443965,0.701,0.343,0,12,PIK3R1
0,0.670417503165715,0.763,0.36,0,12,CYTIP
0,0.667747906882378,0.936,0.58,0,12,PTPRC
0,0.6671370868257389,0.775,0.378,0,12,YPEL5
0,0.662182382715093,0.998,0.881,0,12,HLA-B
0,0.6600011545952447,0.607,0.227,0,12,TGFB1
0,0.6594914506050866,0.996,0.968,0,12,MT-ND1
0,0.6577651694930322,0.72,0.31,0,12,SMAP2
0,0.6524541916072425,0.644,0.235,0,12,SYTL3
0,0.632683417261408,0.767,0.331,0,12,CD3D
0,0.6162383046014654,0.643,0.265,0,12,SLA
0,0.599831871132924,0.747,0.421,0,12,LDHA
0,0.5992602734434329,0.645,0.288,0,12,CCNH
0,0.5946641193527844,0.941,0.845,0,12,JUND
0,0.5921947436926405,0.868,0.557,0,12,TNFAIP3
0,0.5831194432206439,0.597,0.254,0,12,GABARAPL1
0,0.578905808247163,0.839,0.465,0,12,ARHGDIB
0,0.5763911182775139,0.677,0.299,0,12,FYN
0,0.5725966178679548,0.703,0.321,0,12,CNOT6L
0,0.5659557596149327,0.852,0.51,0,12,CD44
0,0.5641249849150333,0.804,0.431,0,12,STK4
0,0.5536990897815353,0.714,0.337,0,12,SAMSN1
0,0.5500575138195045,0.638,0.282,0,12,RNF19A
0,0.5342486101012345,0.573,0.212,0,12,SPOCK2
0,0.5321640271912065,0.299,0.082,0,12,CRTAM
0,0.5218353541815199,0.788,0.407,0,12,IL32
0,0.5164757476666129,1,0.995,0,12,B2M
0,0.5150197018955955,0.747,0.413,0,12,DDX24
0,0.5141417310779604,0.436,0.118,0,12,FAM129A
0,0.5138947408052943,0.939,0.765,0,12,RPL36AL
0,0.5072047388626924,0.401,0.177,0,12,METRNL
0,0.5052033592654026,0.586,0.237,0,12,PIK3IP1
0,0.5050554889850243,0.507,0.173,0,12,SLC7A5
0,0.501497984066945,0.701,0.405,0,12,SRSF2
0,0.5014809084380276,0.833,0.584,0,12,MCL1
0,0.4948433215632216,0.492,0.165,0,12,RNF125
0,0.4934868569713948,0.916,0.651,0,12,HLA-E
0,0.4870771225311097,0.497,0.251,0,12,TRBC1
0,0.48318570557294693,0.657,0.323,0,12,CD2
0,0.4813372537796185,0.508,0.19,0,12,JMJD6
0,0.4737510045619525,0.582,0.265,0,12,ADGRE5
0,0.47109940187325694,0.537,0.212,0,12,GZMM
0,0.47056099342123126,0.606,0.301,0,12,TRBC2
0,0.4698782229558429,0.57,0.28,0,12,ARL4C
0,0.4686727388092252,0.713,0.355,0,12,ETS1
0,0.46226248731450026,0.695,0.327,0,12,GZMA
0,0.454334645984398,0.624,0.287,0,12,CD7
0,0.45011430043360523,0.998,0.989,0,12,EIF1
0,0.447322988114561,0.503,0.209,0,12,GNG2
0,0.4463522969191731,0.67,0.326,0,12,PPP2R5C
0,0.4409369004402821,0.589,0.293,0,12,SKIL
0,0.4388348829663071,0.671,0.309,0,12,CD3E
0,0.430791795173884,0.659,0.382,0,12,AKAP13
0,0.42732560343670056,0.537,0.225,0,12,RARRES3
0,0.42075213763492425,0.505,0.223,0,12,AKNA
0,0.4203700606705507,0.368,0.114,0,12,S1PR4
0,0.41930944826035493,0.476,0.198,0,12,RHOH
0,0.4191485821503289,0.608,0.295,0,12,PDCD4
0,0.4169392754325094,1,0.99,0,12,RPS3
0,0.4153446872166153,0.595,0.318,0,12,PPP1R2
0,0.41210604694403674,0.638,0.313,0,12,SEPT7
0,0.41168269342472774,1,0.996,0,12,RPL28
0,0.41122901630258124,0.458,0.194,0,12,CRYBG1
0,0.41085250241084537,0.731,0.445,0,12,NCL
0,0.40617821352797046,0.79,0.503,0,12,SUB1
0,0.4041483065125602,0.538,0.264,0,12,SYAP1
0,0.40346261565306063,0.578,0.273,0,12,TRAC
0,0.40310591941400187,0.998,0.988,0,12,RPL23A
0,0.40006474686551785,0.998,0.981,0,12,RPS2
0,0.3971454633353697,0.454,0.176,0,12,CCSER2
0,0.39663501775281973,0.609,0.341,0,12,CLEC2B
0,0.39486782164308487,0.691,0.405,0,12,SELENOK
0,0.39397825463609476,0.462,0.18,0,12,STAT4
0,0.39338656836761277,0.594,0.286,0,12,CDC42SE2
0,0.3905210332401698,0.5,0.226,0,12,PDE4B
0,0.39017458431534313,0.563,0.289,0,12,IDS
0,0.3897515689134111,0.645,0.344,0,12,UBE2B
0,0.3867956453875311,0.647,0.355,0,12,STK17B
0,0.38454757849953175,0.503,0.23,0,12,KIAA1551
0,0.38308358349851956,0.59,0.291,0,12,HLA-F
0,0.3705349028799174,0.505,0.226,0,12,CD96
0,0.36686495640026456,0.345,0.116,0,12,TRAT1
0,0.36486145691499705,0.463,0.199,0,12,PARP8
0,0.3628557217226635,0.302,0.085,0,12,CD8B
0,0.3612601772390351,0.494,0.232,0,12,G3BP2
0,0.3604746813718082,0.451,0.191,0,12,SEPT6
0,0.3601286719709338,0.43,0.177,0,12,PTPN22
0,0.3599023755280798,0.447,0.206,0,12,IDI1
0,0.3592103697061099,0.422,0.169,0,12,CDKN1B
0,0.3531852505436913,0.461,0.209,0,12,TERF2IP
0,0.3528116955400239,0.487,0.244,0,12,STK17A
0,0.3500757196471517,0.4,0.168,0,12,APOBEC3G
0,0.3469122552099646,0.382,0.136,0,12,ISCA1
0,0.3453466539064746,0.389,0.153,0,12,LYAR
0,0.3438521028854671,0.508,0.239,0,12,SLC38A1
0,0.34223654562517114,0.292,0.085,0,12,SLA2
0,0.34074478227780447,0.6,0.318,0,12,RBM8A
0,0.3391634844384789,0.538,0.283,0,12,ARID4B
0,0.33914563060425673,0.452,0.206,0,12,RALGAPA1
0,0.33673316006897314,0.67,0.371,0,12,CD48
0,0.3366173032945427,0.485,0.218,0,12,CD3G
0,0.3342236226079158,0.831,0.514,0,12,CYBA
0,0.3317281550089616,0.353,0.121,0,12,RBM38
0,0.324383826637454,0.333,0.131,0,12,SC5D
0,0.3207253977193319,0.515,0.263,0,12,FNBP1
0,0.3204982118490889,0.336,0.119,0,12,AC016831.7
0,0.31713566350533334,0.325,0.128,0,12,RAB9A
0,0.31615226729356777,0.334,0.111,0,12,FAM102A
0,0.3124488253441948,0.31,0.107,0,12,PDE3B
0,0.30971807316776445,1,0.997,0,12,RPS27
0,0.3071215150508592,0.406,0.185,0,12,JPT1
0,0.3033055323185297,0.399,0.168,0,12,ARHGAP9
0,0.30170767785791863,0.408,0.179,0,12,ARID5A
0,0.29963327943896595,0.324,0.131,0,12,LYST
0,0.2976509208106304,0.404,0.181,0,12,ABHD17A
0,0.2954093556907061,0.43,0.199,0,12,TNFRSF1B
0,0.29252684241199955,0.32,0.129,0,12,PDCL3
0,0.2910731430883481,0.353,0.146,0,12,PDE4D
0,0.27920523102878336,0.308,0.107,0,12,SH2D2A
0,0.26861766085203753,0.312,0.126,0,12,DCTN6
5.607363888236259e-308,0.3384413516606886,0.509,0.263,1.702059234635234e-303,12,MYH9
5.462865577475644e-306,0.2918899686857416,0.402,0.184,1.658198217386957e-301,12,EMB
1.0583400730357612e-302,0.3177823078739804,0.344,0.147,3.2124854576927496e-298,12,GPR171
1.8850771784238674e-302,0.4368247466023565,0.682,0.409,5.721963267387807e-298,12,REL
3.3465808667886825e-302,0.3052385242178104,0.505,0.258,1.0158211563050367e-297,12,ACAP1
3.7567266088133505e-302,0.289372546594683,0.349,0.15,1.1403167948392045e-297,12,MGAT4A
3.939801226931492e-302,0.3826734158907056,0.704,0.438,1.195887264422785e-297,12,NDUFS5
1.4278431498943108e-301,0.2735773668441099,0.348,0.149,4.334075097189191e-297,12,TENT5C
2.9640313001140497e-298,0.3119480667845914,0.507,0.261,8.997020608366186e-294,12,WIPF1
2.5737516166883584e-294,0.27776331686725153,0.387,0.178,7.812365657295843e-290,12,CSNK1D
2.6104490022920313e-287,0.41330531149104166,0.9,0.72,7.923756901557232e-283,12,OAZ1
3.183299249249761e-286,0.27715420650418415,0.293,0.117,9.662586541172725e-282,12,ICOS
4.838735297019506e-285,0.32189994668137384,0.387,0.179,1.4687497120573007e-280,12,GIMAP7
3.569690567842572e-284,0.29586310298357954,0.473,0.239,1.0835438749629342e-279,12,EML4
5.75362641952545e-284,0.6967898407472535,0.768,0.565,1.746455763382755e-279,12,ANXA1
6.558949195166429e-283,0.3293103421913205,0.6,0.342,1.9909034387008177e-278,12,RSRC2
7.18132431433266e-283,0.2988362638654116,0.405,0.192,2.1798191823725356e-278,12,CLEC2D
1.706864197347542e-282,0.34044825157518654,0.644,0.375,5.181015584628729e-278,12,ELF1
7.602389892038891e-281,0.29022181930560054,0.999,0.982,2.3076294278294847e-276,12,RPS29
1.4621066747456506e-275,0.354545091386534,0.764,0.461,4.438078600522948e-271,12,CD52
1.2082300262145742e-273,0.3305355972792219,0.997,0.985,3.667461421571718e-269,12,MT-CYB
8.070266438604487e-270,0.272695534462859,0.615,0.349,2.449648674774006e-265,12,CRIP1
5.2171298707564034e-266,0.26330295842533535,0.308,0.131,1.5836076009693986e-261,12,PMEPA1
8.147707576182103e-265,0.25917659131568904,0.314,0.136,2.4731551576743155e-260,12,IQGAP2
1.1674259234952687e-260,0.2759495695255126,0.379,0.179,3.543604648177539e-256,12,IFITM1
7.179672890907552e-258,0.30967512681643083,0.743,0.451,2.1793179093060785e-253,12,HCST
1.124323749785445e-256,0.3090551897054374,0.474,0.25,3.41277231009874e-252,12,AC058791.1
9.377939968293605e-256,0.29591781870793615,0.496,0.267,2.846579897975841e-251,12,GYPC
6.835693373243943e-253,0.2729987371680863,0.421,0.213,2.0749063665144666e-248,12,HNRNPUL1
1.1498452347151605e-251,0.2675496056501514,0.459,0.24,3.490240225454398e-247,12,MRFAP1
3.111440669541526e-250,0.31626731179948475,0.998,0.988,9.444467008326347e-246,12,MT-CO3
4.320498434231656e-248,0.29078476627976835,0.579,0.332,1.3114440947266766e-243,12,GMFG
1.850857424261492e-247,0.2700154717029669,0.261,0.106,5.618092625603332e-243,12,TRGC2
5.83977562151337e-245,0.3187147732216771,0.379,0.188,1.7726054921541685e-240,12,CLDND1
8.930758791013372e-243,0.2891922284085542,0.585,0.337,2.7108425234241987e-238,12,KMT2E
1.9260596908534578e-241,0.2506047941142343,0.288,0.125,5.846361585616585e-237,12,AUTS2
8.889075926187534e-241,0.27709361124412824,0.41,0.207,2.698190106634964e-236,12,FKBP5
2.394506826196533e-240,0.28094880221382357,0.659,0.404,7.2682860202369555e-236,12,SAP18
1.3562625707097312e-238,0.2680654674419732,0.467,0.244,4.116799407132318e-234,12,SYNE2
1.112828951394997e-235,0.25553173385499645,0.405,0.203,3.377880999064374e-231,12,GCC2
6.692087053719883e-233,0.2670662062682805,1,0.995,2.0313161042861334e-228,12,RPS14
2.702586982108237e-232,0.32359383930133956,0.682,0.435,8.203432525491342e-228,12,SRSF5
1.8291180021746682e-230,0.2720029826372985,0.549,0.318,5.552104783800988e-226,12,ARF1
4.553822170411042e-230,0.286829757122395,0.999,0.992,1.3822671816065677e-225,12,RPL3
4.775420488975642e-228,0.27425096831972906,0.574,0.335,1.4495311352236663e-223,12,HERPUD1
3.654658823475094e-221,0.33686470451060324,0.475,0.266,1.1093351392776301e-216,12,RORA
5.768315720701748e-221,0.2517114410579047,0.37,0.185,1.7509145538618086e-216,12,JOSD1
1.870592631453449e-220,0.27763437346605313,0.572,0.343,5.677996873513799e-216,12,TRIR
9.979344084302599e-219,0.2803001881932968,0.38,0.194,3.029130103349211e-214,12,IFNGR1
3.558504291797112e-217,0.27850286743216957,0.425,0.223,1.0801483927320953e-212,12,ITM2A
1.8531405883995602e-216,0.26376696054867177,0.342,0.169,5.625022942028026e-212,12,IL10RA
1.568731054169723e-215,0.26280162311672894,0.506,0.285,4.761726241826777e-211,12,EVL
4.8774696040961285e-213,0.5632442310338899,0.481,0.28,1.4805071236273387e-208,12,RGCC
5.900247428955875e-211,0.35983262368654456,0.921,0.807,1.7909611045852663e-206,12,ZFP36
3.9400770472076285e-207,0.27672637541943823,0.616,0.378,1.1959709869094035e-202,12,LCP1
2.38556321044265e-202,0.2621866691399457,0.533,0.315,7.24113856897762e-198,12,CD53
4.742556051453273e-202,0.26228270502968554,0.41,0.219,1.4395554638581265e-197,12,UBE2S
3.655867615098944e-201,0.2556130426704338,0.486,0.279,1.1097020558871334e-196,12,CIB1
1.7607140485698773e-199,0.2639417372902928,0.999,0.991,5.3444714230290054e-195,12,RPL13
7.0698821299879615e-199,0.25939820265459324,0.598,0.372,2.145992021736546e-194,12,RAN
4.356670058869735e-193,0.2966424252434682,0.599,0.385,1.3224236296693193e-188,12,YWHAB
2.4109010438788395e-189,0.26080116008780974,0.48,0.279,7.31804902858983e-185,12,SCAF11
4.885972926556802e-183,0.2732661367738931,0.613,0.394,1.4830882221270516e-178,12,EIF5
1.2267780450492664e-181,0.25116361247368557,0.999,0.987,3.7237620779425432e-177,12,PTMA
3.813547987657144e-178,0.3339942804633499,0.302,0.152,1.1575643561734495e-173,12,LDLRAD4
2.1316135347286043e-175,0.263518911386428,0.789,0.566,6.470299723315206e-171,12,RBM39
6.996842812063986e-171,0.26451223775412874,0.267,0.127,2.1238216671739022e-166,12,GZMH
2.680991975840515e-169,0.2977565134657346,0.582,0.37,8.137883043466299e-165,12,DDIT4
7.589270382521003e-166,0.46000087843281157,0.574,0.384,2.3036471319104253e-161,12,LMNA
3.616385599550444e-164,0.2583887388170314,0.506,0.312,1.0977176848875417e-159,12,LITAF
2.566065598073867e-157,0.25508916125178716,0.459,0.281,7.789035516393415e-153,12,PGK1
1.8103485746345934e-154,0.2544579513265014,0.505,0.315,5.495132063445845e-150,12,LRRFIP1
5.984551710512533e-149,0.2621570715136613,0.59,0.393,1.8165508262089744e-144,12,TAGLN2
7.192725944330924e-147,0.2515724542688722,0.892,0.782,2.1832800331422088e-142,12,NPM1
5.3030702865156885e-146,0.2611757826337273,0.964,0.923,1.6096939547689722e-141,12,RPSA
9.308801480442556e-143,0.2826792953604569,0.471,0.298,2.825593601373533e-138,12,PARK7
6.307815485694667e-141,0.2500735266696509,0.437,0.266,1.914674312527759e-136,12,HMGB2
1.3582886393909488e-132,0.2655813238258542,0.412,0.252,4.122949336007286e-128,12,TSPYL2
1.8085805082791992e-72,0.3076081059361584,0.438,0.315,5.489765274830681e-68,12,KLRB1
3.695236437592504e-32,0.29791834441424525,0.925,0.913,1.1216520682668288e-27,12,VIM
0,3.975634060041555,0.999,0.203,0,13,HLA-DRA
0,3.691022735428154,0.99,0.205,0,13,HLA-DPA1
0,3.638848344855436,0.987,0.219,0,13,HLA-DPB1
0,3.442451007556902,0.972,0.198,0,13,HLA-DRB1
0,3.335473314340143,0.956,0.327,0,13,CST3
0,3.2692475430292394,0.993,0.333,0,13,CD74
0,2.884271816932045,0.942,0.106,0,13,HLA-DQB1
0,2.8763803702144277,0.922,0.077,0,13,HLA-DQA1
0,2.593468029164188,0.876,0.093,0,13,LYZ
0,2.0627816483417067,0.416,0.076,0,13,G0S2
0,1.76298236630602,0.556,0.015,0,13,FCER1A
0,1.7328571097257803,0.529,0.142,0,13,CXCL8
0,1.6112976710209246,0.604,0.018,0,13,CLEC10A
0,1.5285770067423412,0.787,0.083,0,13,AIF1
0,1.5010124483685472,0.788,0.092,0,13,HLA-DMA
0,1.490708287917587,0.43,0.075,0,13,IL1B
0,1.4633497204203518,0.596,0.045,0,13,CPVL
0,1.4426373917898583,0.621,0.051,0,13,MS4A6A
0,1.4164806432010684,0.84,0.553,0,13,SAT1
0,1.3429319665767974,0.6,0.308,0,13,GPR183
0,1.2692970389208227,0.438,0.183,0,13,AREG
0,1.2636022234507744,0.393,0.041,0,13,C15orf48
0,1.2043282452617101,0.748,0.202,0,13,TYROBP
0,1.188728830206605,0.994,0.963,0,13,FTH1
0,1.1818029605887763,0.999,0.979,0,13,TMSB10
0,1.1646770664237378,0.304,0.025,0,13,HLA-DQA2
0,1.1363995836875307,0.465,0.007,0,13,CD1C
0,1.1119269943802634,0.682,0.159,0,13,FCER1G
0,1.101553334283067,0.626,0.075,0,13,C1orf162
0,1.1013276993673542,0.468,0.125,0,13,INSIG1
0,1.095611048821146,0.661,0.081,0,13,LST1
0,1.0687992666093735,0.994,0.949,0,13,ACTB
0,1.0379629947674696,0.559,0.149,0,13,CD83
0,1.031924196881714,0.456,0.116,0,13,BCL2A1
0,1.015017962503315,0.506,0.105,0,13,PLAUR
0,1.0075540308763513,0.536,0.215,0,13,IER3
0,0.9378874668551828,0.257,0.046,0,13,EREG
0,0.9152430606018631,0.529,0.068,0,13,FGL2
0,0.9034412504672852,0.573,0.09,0,13,CTSZ
0,0.8755847969676689,0.812,0.525,0,13,S100A10
0,0.8587617320151999,0.666,0.182,0,13,CTSS
0,0.8540509453513554,0.628,0.367,0,13,TIMP1
0,0.8393986518072116,0.452,0.052,0,13,PHACTR1
0,0.836200107410995,0.994,0.956,0,13,FTL
0,0.8310394681147137,0.502,0.087,0,13,PLEK
0,0.8134341931794189,0.964,0.823,0,13,H3F3A
0,0.8071747525339819,0.366,0.03,0,13,IFI30
0,0.7999755613905853,0.543,0.05,0,13,HLA-DMB
0,0.7887528304816748,0.393,0.023,0,13,FCGR2B
0,0.7882506887011094,0.414,0.11,0,13,SGK1
0,0.7864887945006349,0.471,0.043,0,13,CXCL16
0,0.7784021402441859,0.355,0.015,0,13,LGALS2
0,0.77565006122515,0.464,0.032,0,13,RNASE6
0,0.7613499806426708,0.656,0.267,0,13,COTL1
0,0.7537111589056751,0.542,0.096,0,13,GRN
0,0.7391651347286277,0.795,0.469,0,13,ARPC3
0,0.7373948473028127,0.596,0.204,0,13,NPC2
0,0.7330370245193532,0.556,0.257,0,13,NAMPT
0,0.709901781109322,0.483,0.091,0,13,CTSH
0,0.7029127270141466,0.289,0.012,0,13,IL1R2
0,0.6933638635878543,0.329,0.019,0,13,MRC1
0,0.692457882548807,0.79,0.516,0,13,CYBA
0,0.6844988832773223,0.451,0.154,0,13,SERPINB1
0,0.6652691337917448,0.47,0.106,0,13,JAML
0,0.6624791325337199,0.407,0.015,0,13,CSF2RA
0,0.6621377558019644,0.403,0.041,0,13,FCGR2A
0,0.6606879071353612,0.441,0.088,0,13,TYMP
0,0.6600284151719921,0.374,0.024,0,13,CFP
0,0.6499227107041102,0.613,0.237,0,13,ITGB2
0,0.6465766957896185,0.486,0.144,0,13,SAMHD1
0,0.63930277374334,0.369,0.099,0,13,MXD1
0,0.6372125616182167,0.999,0.995,0,13,TMSB4X
0,0.6238078159230066,0.657,0.381,0,13,YBX1
0,0.6185926781175946,0.788,0.501,0,13,S100A11
0,0.6160524751833241,0.707,0.394,0,13,GSTP1
0,0.6113216503400367,0.337,0.051,0,13,NLRP3
0,0.6106943503628024,0.476,0.191,0,13,PPA1
0,0.6098142570261033,0.447,0.221,0,13,SNX3
0,0.5942432758582012,0.404,0.035,0,13,CLEC7A
0,0.5926968353552677,0.388,0.179,0,13,SERPINB9
0,0.5901378677134108,0.582,0.244,0,13,ARPC1B
0,0.5864473167957881,0.488,0.168,0,13,RNASET2
0,0.5769871017344508,0.354,0.036,0,13,MNDA
0,0.5765591809189531,0.51,0.143,0,13,FCGRT
0,0.5761794896134926,0.362,0.02,0,13,CD86
0,0.5747784615740406,0.256,0.003,0,13,CD1E
0,0.5719604959360371,0.555,0.256,0,13,LSP1
0,0.5695031955682702,0.535,0.204,0,13,RGS10
0,0.5675600345551739,0.391,0.148,0,13,NR4A3
0,0.5620548912228388,0.427,0.094,0,13,AP1S2
0,0.5504191919664218,0.424,0.156,0,13,MAP3K8
0,0.5490142981192758,0.539,0.225,0,13,VAMP8
0,0.5468396540232443,0.507,0.163,0,13,H2AFY
0,0.5302047561587533,0.392,0.079,0,13,PLSCR1
0,0.5277447336643575,0.378,0.108,0,13,BASP1
0,0.5268842555940147,0.279,0.017,0,13,VSIG4
0,0.5170161129971815,0.314,0.065,0,13,PPIF
0,0.5049806714570636,0.373,0.064,0,13,CCDC88A
0,0.5003564569851808,0.577,0.273,0,13,ANXA5
0,0.49648852904223684,0.702,0.418,0,13,LAPTM5
0,0.49037847982746596,0.286,0.008,0,13,PKIB
0,0.4884982736274682,0.299,0.049,0,13,FNIP2
0,0.48846918318178545,0.282,0.019,0,13,GPAT3
0,0.48506089391326973,0.31,0.016,0,13,CIITA
0,0.48469687257139615,0.39,0.099,0,13,PYCARD
0,0.48018116059590416,0.316,0.029,0,13,IGSF6
0,0.48003113771715555,0.335,0.085,0,13,BID
0,0.47858121964758804,0.376,0.06,0,13,ITGAX
0,0.47639872896130225,0.318,0.024,0,13,SPI1
0,0.4720629944689551,0.262,0.064,0,13,IRF8
0,0.4709096582411331,0.283,0.066,0,13,VEGFA
0,0.4682860301821052,0.363,0.091,0,13,PTPRE
0,0.46186747197002687,0.317,0.031,0,13,IL18
0,0.46171052961541603,0.419,0.175,0,13,RILPL2
0,0.4564324134093569,0.999,0.995,0,13,RPS24
0,0.4537169373126827,0.478,0.199,0,13,CMTM6
0,0.45255089082222094,0.465,0.217,0,13,CKLF
0,0.45224631707962215,0.55,0.261,0,13,PSAP
0,0.45040038221430073,0.332,0.051,0,13,ALDH2
0,0.4483393459773727,0.563,0.305,0,13,SLC25A5
0,0.44665555100934173,0.297,0.037,0,13,MS4A7
0,0.4423645946731487,0.373,0.117,0,13,MGAT1
0,0.4385981050389083,0.271,0.032,0,13,KYNU
0,0.43362319140849065,0.322,0.047,0,13,SPINT2
0,0.4314848740759939,0.309,0.046,0,13,OGFRL1
0,0.4297326743166666,0.321,0.028,0,13,LY86
0,0.4282212455774689,0.285,0.032,0,13,RNF144B
0,0.42751000389003135,0.355,0.08,0,13,PPT1
0,0.4274163878026389,0.331,0.06,0,13,CD68
0,0.4214991912943779,0.25,0.027,0,13,DAPP1
0,0.4209336046620338,0.421,0.15,0,13,AP2S1
0,0.41007886712789837,0.52,0.256,0,13,GNG5
0,0.39306545045819385,0.446,0.18,0,13,HCLS1
0,0.3895293233417778,0.281,0.055,0,13,FAM49A
0,0.3867969300422386,0.273,0.07,0,13,GRASP
0,0.3854483833438167,0.326,0.096,0,13,ETS2
0,0.37797521962095937,0.278,0.039,0,13,IL13RA1
0,0.37731363500230963,0.426,0.181,0,13,GDI2
0,0.37666776515743544,0.303,0.067,0,13,SYNGR2
0,0.3642595332025512,0.284,0.055,0,13,HAVCR2
0,0.36358350015755864,0.285,0.075,0,13,STX11
0,0.3551151353477463,0.439,0.183,0,13,ATP6V0B
0,0.3502433674687057,0.288,0.053,0,13,LGALS9
0,0.34601630984296,0.256,0.048,0,13,MEF2C
0,0.3440234448663001,0.266,0.055,0,13,TNFSF13B
0,0.33268962815481373,0.379,0.149,0,13,PGLS
0,0.3238761241723125,0.297,0.079,0,13,RNF130
0,0.312833480588357,0.282,0.087,0,13,TET2
0,0.307995043330079,0.284,0.105,0,13,JARID2
0,0.3072703626169322,0.26,0.057,0,13,TGFBI
0,0.30675412988438777,0.265,0.052,0,13,LY96
0,0.2911407431584052,0.262,0.078,0,13,LAP3
0,0.2909602568775411,0.267,0.063,0,13,CD4
0,0.28026860994554353,0.285,0.097,0,13,HMGA1
0,0.27764379764507463,0.286,0.105,0,13,CNPY3
0,0.2720074336143211,0.25,0.075,0,13,DSE
5.34266449612557e-301,0.4175665689888173,0.993,0.971,1.6217123811539554e-296,13,RPS11
1.9097674815807396e-297,0.26984034936921525,0.307,0.12,5.796908213590178e-293,13,ARRB2
6.753291937129714e-294,0.44528609710467293,0.52,0.282,2.0498942345963533e-289,13,DBI
8.401662169906781e-287,0.6554108542061015,0.487,0.261,2.5502405350535044e-282,13,RGS2
2.6099887267514823e-286,0.32798608542410346,0.39,0.176,7.922359781181449e-282,13,PKM
1.5870585235499375e-285,0.3279911859794418,0.446,0.217,4.8173574423834803e-281,13,FAM49B
1.3097543878129226e-284,0.7278695908874337,0.258,0.097,3.975628468767345e-280,13,CCR7
9.119952272130713e-280,0.4235745011935915,0.531,0.293,2.768270312682557e-275,13,CSTB
3.169293041959977e-277,0.31364254447969153,0.331,0.141,9.620072099565314e-273,13,GNA13
4.382957868086154e-276,0.4221308081173054,0.948,0.822,1.3304030312788713e-271,13,ATP5F1E
7.822864588112991e-275,0.38569792720797197,0.413,0.199,2.374552317075817e-270,13,CDKN1A
7.82616636050227e-270,0.5261179152095058,0.357,0.164,2.3755545370668588e-265,13,IER5
5.678677715127992e-265,0.3470151596707554,0.418,0.203,1.7237058336499505e-260,13,ATP2B1
1.4100690649532432e-256,0.5739684560675624,0.642,0.387,4.2801236397590746e-252,13,RGS1
2.338542957393451e-255,0.3871687129268211,0.885,0.721,7.098413292872081e-251,13,OAZ1
2.133688827910632e-254,0.4670077822298987,0.482,0.269,6.476599068239932e-250,13,CFLAR
2.464264915462552e-252,0.3075395346434568,0.378,0.179,7.480029724395031e-248,13,RNH1
3.293116256089028e-247,0.3381133755563531,0.492,0.266,9.995925083732636e-243,13,GNAI2
3.398437080230867e-247,0.28298037263600195,0.264,0.104,1.0315615913332773e-242,13,ATP13A3
1.7961027029856108e-239,0.3066380374869415,0.451,0.235,5.451890144642523e-235,13,SH3BGRL
3.470850442091602e-234,0.41278158324712577,0.721,0.514,1.0535419431924848e-229,13,SLC25A6
7.508857129814165e-234,0.2619827745716227,0.353,0.162,2.279238493183792e-229,13,CTSB
8.825164260176367e-229,0.32628722167288426,0.295,0.129,2.6787903595339346e-224,13,NINJ1
6.968624609941454e-228,0.2751037479896812,0.354,0.167,2.115256314101629e-223,13,TKT
4.3071617242708354e-226,0.3037698667471793,0.492,0.271,1.3073958697851693e-221,13,ACTR2
4.3792191297549475e-226,0.32581326022652746,0.491,0.273,1.3292681746458167e-221,13,ARPC5
3.1774565780552104e-225,0.37503559865267455,0.536,0.311,9.644851697028785e-221,13,ANXA2
3.454358049466415e-225,0.31283982724611564,0.376,0.186,1.0485358423350356e-220,13,TMEM123
9.475808449826672e-224,0.25753375371358983,0.332,0.153,2.876286896860388e-219,13,GRB2
6.688747070869112e-223,0.2967619281417097,0.373,0.182,2.0303022858916103e-218,13,RBPJ
2.957066545185235e-221,0.3819268838357164,0.831,0.654,8.975879791255262e-217,13,PABPC1
4.0748498694027593e-219,0.34353767954961767,0.588,0.36,1.2368799293585136e-214,13,TPM3
1.7641318911646855e-212,0.3157903864718703,0.308,0.142,5.354845942441286e-208,13,RAB11FIP1
6.364075072278907e-212,0.2826832421537806,0.302,0.133,1.9317513474395394e-207,13,KLF4
1.406393924801329e-201,0.3289187297045477,0.998,0.992,4.268968119341954e-197,13,RPS23
4.0891721953838283e-200,0.4785595517897825,0.5,0.305,1.2412273281868072e-195,13,TUBA1B
2.812245686832197e-199,0.2961080647467215,0.486,0.278,8.536290557810451e-195,13,SEC11A
1.3620405667845794e-197,0.6639180836633933,0.893,0.818,4.134337936417912e-193,13,NEAT1
4.8610049218565553e-197,0.2654613367431179,0.256,0.111,1.4755094339803387e-192,13,MIS18BP1
1.1966385110394155e-190,0.2653263319179181,0.403,0.216,3.632276536409042e-186,13,EIF3L
3.6546704157372905e-188,0.3024145065650994,0.988,0.971,1.1093386579928972e-183,13,UBA52
1.8942583886123277e-187,0.30164732295779206,0.994,0.989,5.749831912793859e-183,13,RPS9
6.555141107477358e-186,0.4019261791156482,0.387,0.207,1.989747531763677e-181,13,CEBPD
1.0140414205723286e-179,0.6752295628891493,0.458,0.283,3.0780213280052464e-175,13,ATP1B3
3.0927332435450584e-172,0.3303206138954372,0.264,0.121,9.38768248745667e-168,13,CXCL2
7.755748494899035e-169,0.4492295022630074,0.358,0.202,2.354179898141653e-164,13,TNFAIP8
1.031486873409373e-166,0.3079804420637836,0.589,0.379,3.130975255546811e-162,13,LCP1
1.153413372627484e-161,0.31226155210935347,0.888,0.759,3.501070951273465e-157,13,GAPDH
5.3545777319501006e-160,0.26579705377166357,0.462,0.278,1.6253285247561336e-155,13,ACTR3
2.1059507893674146e-159,0.25023053285313873,0.307,0.156,6.3924030260458504e-155,13,SPAG9
3.2219486429571466e-158,0.3332149437948788,0.918,0.847,9.779902910832123e-154,13,EEF1B2
1.957503715057354e-157,0.2765706485170125,0.995,0.993,5.941806776685092e-153,13,RPL26
5.889476948853567e-157,0.5086097545557733,0.586,0.412,1.7876918330550118e-152,13,REL
9.872371537882006e-155,0.3601978581722074,0.627,0.444,2.996659656608704e-150,13,NAP1L1
9.049073866920642e-151,0.27473318292988624,0.974,0.937,2.7467558815650914e-146,13,RPL22
3.96266471322416e-148,0.33122002864545486,0.569,0.381,1.2028272470520615e-143,13,GPX4
7.313418981332334e-148,0.2543117284287966,0.326,0.174,2.219915197593617e-143,13,UPP1
7.331773415933227e-144,0.296347226704731,0.642,0.459,2.225486502672372e-139,13,CLIC1
7.818900911804115e-143,0.2946294210047995,0.675,0.492,2.3733491827690211e-138,13,ATP5MC2
5.160691898535625e-141,0.37933707806595685,0.567,0.403,1.5664764188815035e-136,13,EMP3
1.490939617435867e-138,0.509578819799493,0.873,0.707,4.525598114764831e-134,13,SRGN
1.1248316588302516e-137,0.3238558971354772,0.374,0.221,3.4143140172133456e-133,13,NFKB1
6.369850625590392e-137,0.30659914487215434,0.733,0.55,1.9335044588917076e-132,13,PFN1
9.72191322342133e-132,0.25564695440827523,0.343,0.196,2.9509895398373104e-127,13,RAC1
1.5002117732543867e-126,0.36168263995459005,0.383,0.238,4.553742816536365e-122,13,CHMP1B
1.3207745794907678e-125,0.28607684353999463,0.426,0.268,4.009079158586277e-121,13,CD55
1.3340025649331532e-125,0.2753845101483118,0.675,0.496,4.049231385598093e-121,13,ARPC2
6.521838913705516e-125,0.3259127394550352,0.96,0.912,1.9796389838661724e-120,13,VIM
1.96093417206638e-120,0.3561744835052979,0.492,0.338,5.95221958589029e-116,13,HERPUD1
7.6134504531882e-114,0.3995268687916338,0.516,0.365,2.310986750560746e-109,13,GADD45B
2.570519318684799e-113,0.26056989644104245,0.481,0.323,7.802554339935839e-109,13,ENO1
3.1853339315009967e-112,0.2870644053942142,0.784,0.614,9.668762615678125e-108,13,SH3BGRL3
1.6213977584515832e-106,0.29027004990247296,0.323,0.191,4.921590756003935e-102,13,DUSP4
6.897968441057344e-102,0.2530823753225515,0.823,0.691,2.0938093405985462e-97,13,CFL1
9.03056114408855e-93,0.3503459939592495,0.946,0.92,2.7411365296766385e-88,13,ACTG1
1.6867995930247094e-90,0.256960530399057,0.427,0.289,5.120111484667203e-86,13,KDM6B
4.250116341641052e-82,0.2621210341466673,0.444,0.314,1.290080314341725e-77,13,LITAF
9.871248822988633e-74,0.49740343376299934,0.639,0.552,2.9963188677299697e-69,13,NFKBIA
6.286993477934888e-56,0.2800002966970625,0.328,0.231,1.9083540002923558e-51,13,ALOX5AP
1.8386931513374394e-53,0.4655736517990996,0.272,0.181,5.5811691915696635e-49,13,HSPA6
7.193230162992255e-45,0.3862633397884119,0.351,0.261,2.183433083674669e-40,13,BIRC3
8.639454580823574e-39,0.3928260991205128,0.503,0.432,2.6224200434631876e-34,13,ID2
2.8984113482100164e-38,0.29670915758033556,0.31,0.233,8.797837806356684e-34,13,CEBPB
1.0579283014603275e-33,0.42255690591157213,0.758,0.73,3.211235566252678e-29,13,HSPA1A
1.848394289995606e-21,0.36963568164302196,0.421,0.37,5.610616027852662e-17,13,HSPB1
9.336061671506612e-21,0.5729041288074657,0.41,0.355,2.8338681597691172e-16,13,TXN
0,1.360792446933306,0.978,0.374,0,14,CCL4
0,1.2346408393155826,0.734,0.258,0,14,GZMK
0,1.0751154265147407,0.904,0.588,0,14,CXCR4
0,0.957396320336668,0.617,0.297,0,14,DUSP2
0,0.9570795364095654,0.933,0.468,0,14,CCL5
0,0.779593414008224,0.448,0.187,0,14,DUSP4
0,0.7539920875881483,0.78,0.515,0,14,SRSF7
0,0.6568309076957441,0.529,0.251,0,14,TUBA4A
0,0.6555014433769408,0.633,0.358,0,14,CD69
0,0.651821366707301,0.55,0.175,0,14,CCL4L2
0,0.6014122873273389,0.656,0.337,0,14,CST7
0,0.5680298484842567,0.291,0.083,0,14,CRTAM
0,0.5336948840407476,0.677,0.328,0,14,GZMA
0,0.5283601846275485,0.844,0.584,0,14,PTPRC
0,0.5266232852231647,0.42,0.152,0,14,CD8A
0,0.49965902013827357,1,0.995,0,14,B2M
0,0.4820801163193704,0.628,0.336,0,14,CD3D
0,0.31552241288748806,0.685,0.337,0,14,NKG7
5.578376398451999e-301,0.3025242629842979,0.253,0.087,1.6932603719861198e-296,14,CD8B
2.7894170795928957e-294,0.65684137822663,0.877,0.726,8.466996603396276e-290,14,BTG1
2.2677675540730584e-287,0.4938928298109526,0.499,0.27,6.883581633633362e-283,14,SLA
9.04331146793202e-285,0.6721229626338676,0.833,0.663,2.745006762976085e-280,14,ZFP36L2
7.048693802926165e-270,0.7873739673211886,0.635,0.388,2.1395605169402082e-265,14,RGS1
1.6874844030071679e-267,0.6556992412251734,0.818,0.624,5.1221901568879575e-263,14,TSC22D3
9.593270945125488e-259,0.33944912882069667,0.436,0.217,2.9119414626833908e-254,14,GZMM
1.567434297529768e-253,0.4510728155004141,0.669,0.436,4.757790066721857e-249,14,STK4
1.4067716181850386e-250,0.3792834494146161,0.447,0.232,4.270114569838866e-246,14,KIAA1551
2.9737999370859184e-248,0.4909274102771979,0.609,0.385,9.026672329030596e-244,14,YPEL5
2.8212246951823342e-241,0.44755836788610326,0.96,0.884,8.563545439756457e-237,14,HLA-A
1.2460287462391346e-240,0.42342881312823966,0.536,0.309,3.782195656334269e-236,14,RUNX3
4.708247851364386e-236,0.3951376836063527,0.525,0.305,1.4291415528031457e-231,14,FYN
6.125538479076783e-234,0.41501892753458025,0.504,0.288,1.859345949938967e-229,14,RNF19A
8.272880641656446e-234,0.27206245229578685,0.271,0.111,2.5111501899683974e-229,14,SH2D1A
1.890500666762339e-227,0.4367086249787159,0.599,0.377,5.738425723890404e-223,14,LEPROTL1
7.095427933992427e-227,0.6498605036437716,0.483,0.281,2.1537461950840613e-222,14,RGCC
2.0425094409404087e-221,0.4484218158840352,0.537,0.319,6.199833157030516e-217,14,NR4A2
1.1332587415901364e-218,0.40802032054347137,0.997,0.985,3.4398935842227e-214,14,MT-CYB
1.8746459400105688e-217,0.41163641734277323,0.543,0.327,5.690300286308081e-213,14,CNOT6L
8.706435263945821e-215,0.3132904212908141,1,0.993,2.6427513600181147e-210,14,MALAT1
1.212778761996788e-214,0.31664540118963175,0.275,0.118,3.68126865416505e-210,14,ICOS
1.0735780995130353e-209,0.4105068030994683,0.577,0.366,3.2587389632618674e-205,14,CYTIP
4.734064769735598e-209,0.38299186477423675,0.975,0.882,1.4369780202055434e-204,14,HLA-B
9.605935970972981e-207,0.3740852322124394,0.541,0.331,2.9157858046291386e-202,14,PPP2R5C
7.845128219002216e-206,0.4531934283996337,0.821,0.68,2.3813102195959326e-201,14,CALM1
1.751606085051815e-203,0.2722526510185649,0.254,0.107,5.316825110566279e-199,14,TRGC2
8.04921757115986e-203,0.33130004209881636,0.531,0.314,2.443259501549864e-198,14,CD3E
2.3320313028126286e-197,0.43902964548752677,0.517,0.322,7.078647816557453e-193,14,ISG20
8.946849174865854e-195,0.39983368605350855,0.486,0.285,2.715726598538781e-190,14,CEMIP2
2.5074852608869016e-194,0.35277073554724103,0.485,0.277,7.611220760896101e-190,14,TRAC
9.03087869769629e-193,0.447564798591612,0.544,0.349,2.741232919898732e-188,14,PIK3R1
4.936682085619378e-192,0.3444508643024864,0.65,0.413,1.498480480268906e-187,14,IL32
1.691199479226507e-191,0.353069500190508,0.677,0.454,5.133466899244139e-187,14,HCST
4.120878459168416e-191,0.3211100431442341,0.416,0.23,1.2508514474959811e-186,14,RARRES3
2.3338900960640675e-188,0.28348021785487354,0.412,0.221,7.084289997592871e-184,14,CD3G
4.997457594880374e-188,0.3062357637978652,0.28,0.127,1.5169282783499888e-183,14,GZMH
4.606316378149165e-187,0.3754381174234509,0.914,0.817,1.3982012734233975e-182,14,HLA-C
4.400331905635797e-182,0.32173491736792614,0.542,0.328,1.33567674663669e-177,14,CD2
1.592911632454198e-177,0.3834557456145826,0.985,0.969,4.835123969151473e-173,14,MT-ND1
6.796146997407652e-173,0.3197525514710327,0.37,0.202,2.0629024595931188e-168,14,RHOH
1.1556313222956065e-171,0.27564015510981366,0.277,0.133,3.507803315696084e-167,14,LYST
6.607765575713812e-166,0.513793411968043,0.735,0.562,2.0057211628521704e-161,14,TNFAIP3
2.2576481721278636e-165,0.3831244720462619,0.503,0.322,6.8528652616769175e-161,14,PPP1R2
8.596667286346217e-162,0.2801508064766483,0.439,0.26,2.6094323880975306e-157,14,ACAP1
5.087097170292417e-161,0.306496369699384,0.558,0.36,1.5441374750705604e-156,14,ETS1
5.408801943206518e-158,0.35749395752612534,0.981,0.953,1.6417877418409064e-153,14,H3F3B
1.052651322220826e-157,0.5163914346067409,0.917,0.846,3.195217823469095e-153,14,JUND
1.19822564800072e-153,0.39375913319868905,0.514,0.337,3.6370941319413854e-149,14,FAM177A1
1.7579765523398496e-152,0.3079683973849115,0.415,0.247,5.3361620269723794e-148,14,STK17A
2.9180583360597335e-152,0.32486293389407095,0.999,0.988,8.857474273275715e-148,14,MT-CO3
8.387756667657385e-151,0.4464751628754754,0.472,0.302,2.546019658900723e-146,14,ZNF331
1.4478791806933334e-149,0.338952956401422,0.488,0.305,4.394892465076544e-145,14,TRBC2
1.1275158712786308e-146,0.26904275561544067,0.9,0.706,3.422461675679156e-142,14,SRGN
1.8360447140302985e-138,0.27305872794216585,0.409,0.243,5.573130124967568e-134,14,SYTL3
1.5194175142779742e-137,0.27865917296240444,0.343,0.194,4.612039922839363e-133,14,TAGAP
5.371308874953333e-133,0.2678428916101912,0.34,0.196,1.6304070959033346e-128,14,JMJD6
6.791257215692926e-130,0.2742683463013771,0.996,0.984,2.0614182152514306e-125,14,MT-ND3
8.110357652577756e-129,0.28571833611785724,0.998,0.988,2.461817961863452e-124,14,MT-CO2
2.692735869554192e-127,0.30424638206260335,0.993,0.977,8.173530458444795e-123,14,MT-ND2
3.0607734059186834e-126,0.2687327802711353,0.356,0.213,9.290671596325571e-122,14,TERF2IP
5.674451850651661e-125,0.33140359065637004,0.568,0.41,1.7224231147468054e-120,14,SRSF2
1.2897279890126761e-124,0.2613840987912672,0.998,0.992,3.914840337849077e-120,14,MT-CO1
3.2305948645211927e-122,0.43277484833730484,0.605,0.447,9.806147651767629e-118,14,CREM
2.6342662463150894e-120,0.30827848251987344,0.538,0.379,7.996051764064822e-116,14,ELF1
6.178771774544375e-114,0.2930321569382064,0.444,0.296,1.8755043844451994e-109,14,CCNH
4.5626421396355325e-113,0.3531311267098187,0.644,0.508,1.3849443950649696e-108,14,DDX3X
1.2747813938089546e-112,0.25362775419433614,0.997,0.989,3.869471442767701e-108,14,EIF1
2.1742225059196514e-112,0.29453036727796944,0.395,0.253,6.5996349944685095e-108,14,AC058791.1
8.674111892403804e-110,0.2508874906835393,0.441,0.292,2.6329399238202508e-105,14,CDC42SE2
1.143894171667825e-108,0.3896526796115176,0.699,0.589,3.472176368680516e-104,14,MCL1
5.485147368819925e-108,0.33456497946259367,0.399,0.254,1.6649616323316e-103,14,TRBC1
5.556108713716552e-106,0.25206780489102265,0.47,0.319,1.6865012389615222e-101,14,SEPT7
3.658521458694337e-103,0.3300110909408511,0.557,0.413,1.110507603572079e-98,14,REL
3.932621252113589e-103,0.25852815238691274,0.512,0.36,1.1937078548665587e-98,14,STK17B
1.5857436162574272e-101,0.26163918674872977,0.432,0.286,4.813366172787795e-97,14,ARL4C
5.2521466336880965e-98,0.27689948594238545,0.35,0.222,1.5942365891896849e-93,14,UBE2S
6.278915171055591e-96,0.26386049307264914,0.764,0.657,1.9059019110222142e-91,14,HLA-E
4.510806702722284e-89,0.3654944531508961,0.741,0.637,1.3692102665443221e-84,14,KLF6
6.36504586546418e-88,0.26611632279735753,0.554,0.42,1.932046022002997e-83,14,DDX24
6.622426874119811e-84,0.28900725802064753,0.552,0.428,2.0101714533703273e-79,14,LDHA
5.670184529655722e-71,0.26423988059753545,0.65,0.558,1.721127812131698e-66,14,EIF4A2
4.560074006233519e-50,0.25074891992032067,0.584,0.499,1.3841648638521223e-45,14,FUS
1.8597811498017162e-34,0.285915350132383,0.632,0.57,5.64517970210813e-30,14,ANXA1
0,5.270404351101366,0.991,0.05,0,15,S100A9
0,4.4667608386355955,0.818,0.065,0,15,IL1B
0,4.208423467419141,0.977,0.091,0,15,LYZ
0,4.1346371061540195,0.954,0.026,0,15,S100A8
0,4.103878879313353,0.832,0.134,0,15,CXCL8
0,3.861869929072253,0.688,0.067,0,15,CCL20
0,3.483967428406637,0.723,0.033,0,15,EREG
0,3.1394059711317954,0.726,0.108,0,15,CXCL2
0,3.028914348570464,0.556,0.058,0,15,CXCL3
0,2.8518335782119,0.703,0.069,0,15,G0S2
0,2.7384309528273705,0.498,0.007,0,15,SERPINB2
0,2.6589606415562708,0.818,0.097,0,15,PLAUR
0,2.540163030117917,0.824,0.106,0,15,BCL2A1
0,2.3979221197701652,0.94,0.175,0,15,CTSS
0,2.370354028159062,0.89,0.256,0,15,SOD2
0,2.3411322337670155,0.869,0.022,0,15,FCN1
0,2.339646294876657,0.681,0.118,0,15,THBS1
0,2.3193956094839727,0.558,0.137,0,15,CCL3
0,2.27539547599208,0.847,0.206,0,15,IER3
0,2.273318159303507,0.842,0.361,0,15,TIMP1
0,2.187237061385965,1,0.963,0,15,FTH1
0,2.0218997029411505,1,0.956,0,15,FTL
0,1.9688006154769182,0.838,0.249,0,15,NAMPT
0,1.898606229697009,0.367,0.097,0,15,CCL3L1
0,1.8936277096848608,0.556,0.039,0,15,PTGS2
0,1.8929004170167034,0.931,0.153,0,15,FCER1G
0,1.8550716666220222,0.715,0.005,0,15,S100A12
0,1.8497267673667246,0.959,0.197,0,15,TYROBP
0,1.8459169803844406,0.905,0.081,0,15,AIF1
0,1.8281105900995402,0.944,0.551,0,15,SAT1
0,1.6295515294459044,0.67,0.03,0,15,C5AR1
0,1.5164329646065966,0.481,0.015,0,15,IL1A
0,1.4905863949976557,0.959,0.612,0,15,S100A4
0,1.4891265147412096,0.448,0.015,0,15,IL1RN
0,1.4442456889343813,0.958,0.497,0,15,S100A11
0,1.4433442752685637,0.987,0.816,0,15,NEAT1
0,1.435554053269836,0.903,0.207,0,15,HLA-DRA
0,1.435180939628617,0.582,0.01,0,15,AQP9
0,1.390917556553535,0.559,0.026,0,15,OLR1
0,1.368128943132548,0.465,0.039,0,15,C15orf48
0,1.367952468785589,0.754,0.118,0,15,VCAN
0,1.3512304733643474,0.707,0.082,0,15,PLEK
0,1.323951394051121,0.792,0.078,0,15,LST1
0,1.3058910586967467,0.593,0.102,0,15,BASP1
0,1.283687001014757,0.865,0.252,0,15,PSAP
0,1.2832468698512098,0.908,0.522,0,15,S100A10
0,1.280041202055071,0.627,0.056,0,15,PPIF
0,1.2774853426363366,0.939,0.512,0,15,CYBA
0,1.2628284214633068,0.773,0.258,0,15,CD55
0,1.2565370019099822,0.794,0.267,0,15,ANXA5
0,1.2328697538203497,0.594,0.029,0,15,MNDA
0,1.199030617569468,0.403,0.016,0,15,TNFAIP6
0,1.185431444573522,0.706,0.195,0,15,ATP2B1
0,1.1842821319482528,0.978,0.705,0,15,SRGN
0,1.178609234133282,0.417,0.087,0,15,CTSL
0,1.1769835193634917,0.985,0.823,0,15,H3F3A
0,1.1549752081170745,0.832,0.396,0,15,EMP3
0,1.1503312830805037,0.974,0.803,0,15,S100A6
0,1.141560671107954,0.659,0.022,0,15,SERPINA1
0,1.1402147738799995,0.571,0.045,0,15,NLRP3
0,1.117391326276674,0.516,0.021,0,15,CD93
0,1.1158628212166892,0.855,0.546,0,15,NFKBIA
0,1.1094715510871531,0.77,0.235,0,15,TSPO
0,1.104993624644111,0.474,0.183,0,15,AREG
0,1.097050775335993,0.582,0.032,0,15,CD14
0,1.09448485433713,0.742,0.143,0,15,APLP2
0,1.091210237674831,0.581,0.018,0,15,SLC11A1
0,1.0775102790039122,0.689,0.158,0,15,TKT
0,1.071852290152435,0.892,0.413,0,15,LAPTM5
0,1.071329354302065,0.589,0.042,0,15,ACSL1
0,1.0426334122830458,0.74,0.217,0,15,ZEB2
0,1.0400438694623257,0.621,0.024,0,15,CSTA
0,1.0357897332014394,0.631,0.035,0,15,CYBB
0,1.028970997410205,0.599,0.093,0,15,MXD1
0,1.010823500839059,0.671,0.148,0,15,SERPINB1
0,1.0067554374165109,0.925,0.329,0,15,CST3
0,1.0062274738879096,0.673,0.193,0,15,TNFRSF1B
0,0.9917248774670488,0.599,0.129,0,15,EHD1
0,0.984888199873044,0.691,0.164,0,15,UPP1
0,0.9784766238022882,0.737,0.338,0,15,SAMSN1
0,0.9777752197633605,0.62,0.224,0,15,CEBPB
0,0.9695100321451566,0.461,0.039,0,15,GK
0,0.9586263276962537,0.479,0.026,0,15,CD163
0,0.9569187644511616,0.752,0.234,0,15,ITGB2
0,0.9552811511558286,0.649,0.214,0,15,NFKB1
0,0.9497806634443233,0.636,0.051,0,15,CD68
0,0.9387088133838855,0.605,0.121,0,15,NINJ1
0,0.9379632870420689,0.662,0.278,0,15,ATP1B3
0,0.9354581411373999,0.81,0.363,0,15,SDCBP
0,0.9298615447402252,0.85,0.512,0,15,CD44
0,0.9284240820769826,0.682,0.168,0,15,RILPL2
0,0.9245549615339888,0.684,0.121,0,15,ASAH1
0,0.9212797944727708,0.544,0.012,0,15,CLEC4E
0,0.9209471272321885,0.93,0.61,0,15,SH3BGRL3
0,0.9176729455811965,0.543,0.025,0,15,KYNU
0,0.891049128643397,0.593,0.089,0,15,ETS2
0,0.8886202739811149,0.551,0.05,0,15,PHACTR1
0,0.8875611185129356,0.519,0.12,0,15,MARCKS
0,0.8854581358103486,0.583,0.095,0,15,ATP13A3
0,0.8813761353630731,0.958,0.757,0,15,GAPDH
0,0.8809364766174486,0.59,0.158,0,15,LIMS1
0,0.8800875314036523,0.615,0.089,0,15,AP1S2
0,0.8797173386749839,0.392,0.046,0,15,CYP1B1
0,0.876600796601098,0.626,0.154,0,15,CTSB
0,0.876490966280847,0.548,0.175,0,15,SERPINB9
0,0.8603587606258529,0.582,0.053,0,15,MS4A6A
0,0.8547167372906144,0.604,0.151,0,15,MAP3K8
0,0.8539373337691722,0.96,0.719,0,15,OAZ1
0,0.8313840377586611,0.297,0.053,0,15,HMOX1
0,0.8248503457748826,0.755,0.49,0,15,PNRC1
0,0.824147742746598,0.459,0.126,0,15,INSIG1
0,0.8218836512236272,0.449,0.061,0,15,VEGFA
0,0.8200211419509165,0.514,0.096,0,15,PNP
0,0.8111879869984534,0.667,0.177,0,15,ATP6V0B
0,0.8079266079113963,0.604,0.095,0,15,GRN
0,0.8050740411224988,0.536,0.031,0,15,IRAK3
0,0.8016654920660884,0.674,0.264,0,15,CFLAR
0,0.7988400032006032,0.847,0.468,0,15,ARPC3
0,0.7982784775123991,0.533,0.073,0,15,TNFAIP2
0,0.7981417481280145,0.516,0.021,0,15,CFP
0,0.7870587094845044,0.433,0.046,0,15,FNIP2
0,0.7834494067529605,0.425,0.007,0,15,CD300E
0,0.7791467594832697,0.601,0.194,0,15,CDKN1A
0,0.7742595678958901,0.359,0.01,0,15,DNAAF1
0,0.7729350212605152,0.296,0.018,0,15,THBD
0,0.770997882639374,0.406,0.004,0,15,AC245128.3
0,0.7682703020950866,0.364,0.014,0,15,LUCAT1
0,0.7631808791679084,0.375,0.058,0,15,DUSP6
0,0.7603529200276672,0.43,0.023,0,15,CCRL2
0,0.7588123026553243,0.747,0.306,0,15,ANXA2
0,0.7549776213971744,0.516,0.049,0,15,CPVL
0,0.7542490514732161,0.49,0.08,0,15,ICAM1
0,0.7474499284677273,0.284,0.013,0,15,PTX3
0,0.7421307677008494,0.734,0.266,0,15,COTL1
0,0.7362587584841569,0.423,0.011,0,15,TREM1
0,0.7316695834546185,0.502,0.032,0,15,CLEC7A
0,0.7311903637564291,0.477,0.018,0,15,NCF2
0,0.7299987949637375,0.357,0.02,0,15,OSM
0,0.7286356184909695,0.572,0.221,0,15,WTAP
0,0.7278975703766435,0.666,0.208,0,15,HLA-DRB1
0,0.727620280543171,0.461,0.058,0,15,ITGAX
0,0.7255549416138474,0.392,0.054,0,15,MAFB
0,0.7206572014271047,0.542,0.233,0,15,CHMP1B
0,0.7192187421343545,0.581,0.138,0,15,GSTO1
0,0.705383523336272,0.479,0.04,0,15,FCGR2A
0,0.7001396243335101,0.48,0.109,0,15,SLC25A37
0,0.6924767058685162,0.557,0.129,0,15,TALDO1
0,0.6922971680844172,0.471,0.069,0,15,DSE
0,0.6848704844887572,0.852,0.338,0,15,CD74
0,0.6843177277520617,0.66,0.283,0,15,KDM6B
0,0.681879433467679,0.435,0.078,0,15,ATP2B1-AS1
0,0.6794816062762782,0.423,0.034,0,15,MS4A7
0,0.6794528476535503,0.441,0.013,0,15,FPR1
0,0.6780052729282608,0.451,0.017,0,15,TLR2
0,0.6730976355682062,0.46,0.061,0,15,STXBP2
0,0.6703467294826855,0.606,0.141,0,15,FCGRT
0,0.6550237053233159,0.416,0.089,0,15,TYMP
0,0.6534510165007793,0.394,0.016,0,15,ANPEP
0,0.652435612646344,0.503,0.105,0,15,LCP2
0,0.6494550288951896,0.523,0.195,0,15,GLUL
0,0.6469136864942071,0.599,0.237,0,15,CTSD
0,0.64223133841899,0.472,0.09,0,15,BLVRB
0,0.6414429589302402,0.525,0.126,0,15,MAP2K3
0,0.640936772870609,0.419,0.014,0,15,CSF3R
0,0.6390183783223806,0.385,0.053,0,15,THAP2
0,0.635758083926989,0.462,0.081,0,15,BID
0,0.6346283919898763,0.602,0.23,0,15,FLNA
0,0.6340766324475666,0.517,0.113,0,15,MGAT1
0,0.6322913653390818,0.471,0.038,0,15,FGR
0,0.6306632101905785,0.608,0.204,0,15,NPC2
0,0.626299893243923,0.53,0.15,0,15,SPAG9
0,0.624840764814499,0.449,0.11,0,15,BRI3
0,0.6224210835223013,0.394,0.027,0,15,IGSF6
0,0.6171768492527729,0.491,0.199,0,15,TNFAIP8
0,0.6164699021749452,0.463,0.066,0,15,ATP6V1B2
0,0.615913422252196,0.893,0.652,0,15,PABPC1
0,0.6139562858196619,0.568,0.172,0,15,PKM
0,0.6002174405463273,0.484,0.08,0,15,C1orf162
0,0.5996224582321885,0.493,0.139,0,15,PNPLA8
0,0.598235642663199,0.435,0.083,0,15,TET2
0,0.5880584897481298,0.481,0.093,0,15,CTSZ
0,0.5843564127069847,0.404,0.072,0,15,FGL2
0,0.5780758545486963,0.415,0.134,0,15,BNIP3L
0,0.5744817444040087,0.507,0.232,0,15,PLIN2
0,0.5740306437277004,0.363,0.01,0,15,CD36
0,0.573757501187059,0.429,0.072,0,15,STX11
0,0.5721686586810077,0.38,0.029,0,15,RNF144B
0,0.5718196036228775,0.383,0.026,0,15,SLC43A2
0,0.56902829036039,0.581,0.311,0,15,LITAF
0,0.5686280569874579,0.375,0.02,0,15,DMXL2
0,0.5666344994602139,0.377,0.042,0,15,NBPF19
0,0.5657063455411672,0.361,0.016,0,15,CLEC12A
0,0.5623411618159575,0.423,0.087,0,15,ZFYVE16
0,0.5616001393983101,0.307,0.017,0,15,LGALS2
0,0.5595821903292904,0.719,0.389,0,15,SERP1
0,0.5592014731636827,0.981,0.911,0,15,VIM
0,0.5574864495375609,0.467,0.097,0,15,ARL8B
0,0.554237275420805,0.398,0.021,0,15,PILRA
0,0.5495703327105956,0.575,0.292,0,15,CSTB
0,0.5479315380830305,0.445,0.09,0,15,CSGALNACT2
0,0.5431223571125704,0.557,0.226,0,15,PDE4B
0,0.5374974495147741,0.365,0.054,0,15,TGFBI
0,0.534435129474788,0.384,0.031,0,15,DENND5A
0,0.5331283212206062,0.994,0.95,0,15,ACTB
0,0.5291786386289523,0.359,0.019,0,15,MPEG1
0,0.5291781776980182,0.434,0.176,0,15,HIF1A
0,0.5276559970304184,0.996,0.979,0,15,TMSB10
0,0.5260249571606692,0.651,0.216,0,15,HLA-DPA1
0,0.5242151164900332,0.365,0.031,0,15,IL6R
0,0.5160574702967723,0.306,0.008,0,15,GPR84
0,0.5157031383341065,0.418,0.079,0,15,PLSCR1
0,0.5141699171244031,0.608,0.27,0,15,ARPC5
0,0.5130331246344273,0.336,0.068,0,15,ABL2
0,0.5076456861558375,0.414,0.09,0,15,PTPRE
0,0.5069810974179124,0.432,0.076,0,15,RNF130
0,0.5045310038014689,0.453,0.157,0,15,PIM3
0,0.5007723021738746,0.693,0.377,0,15,LCP1
0,0.49876945987822285,0.389,0.141,0,15,EIF4E
0,0.4973648015787404,0.549,0.252,0,15,NFE2L2
0,0.4965810243419261,0.403,0.115,0,15,ARFGAP3
0,0.4952418315723938,0.453,0.112,0,15,ATP6V0D1
0,0.4934304272033775,0.391,0.06,0,15,NUMB
0,0.49319547420130416,0.474,0.152,0,15,CD83
0,0.4884272607737983,0.4,0.084,0,15,NCOA4
0,0.48831743635796515,0.531,0.2,0,15,ATP6V1F
0,0.4862960755619087,0.312,0.023,0,15,PLBD1
0,0.4862152784640803,0.361,0.083,0,15,MAP4K4
0,0.4855008849296156,0.357,0.049,0,15,IFNGR2
0,0.4853343364006436,0.445,0.126,0,15,VASP
0,0.48321909199082913,0.384,0.084,0,15,TNIP1
0,0.48201769801654915,0.696,0.395,0,15,GSTP1
0,0.4759079850045526,0.329,0.02,0,15,SERPINB8
0,0.47498821681698616,0.337,0.044,0,15,LPCAT1
0,0.47291875219864943,0.42,0.108,0,15,JAML
0,0.47283536923848984,0.568,0.245,0,15,ARPC1B
0,0.4714172919495947,0.28,0.096,0,15,TNF
0,0.4673605275006787,0.425,0.11,0,15,QKI
0,0.46448924572192696,0.636,0.331,0,15,GMFG
0,0.46418363712044974,0.437,0.103,0,15,HLA-DMA
0,0.46324915098254354,0.358,0.058,0,15,RAB31
0,0.4627389326809438,0.457,0.186,0,15,DNTTIP2
0,0.46221406818535304,0.578,0.255,0,15,GNG5
0,0.45988089112134006,0.437,0.134,0,15,CARD16
0,0.4573823485747315,0.286,0.029,0,15,B3GNT5
0,0.4567865758311142,0.507,0.248,0,15,EVI2B
0,0.45515048873520086,0.306,0.026,0,15,EPB41L3
0,0.4525770010892509,0.611,0.32,0,15,ENO1
0,0.45133497838227465,0.954,0.845,0,15,PFDN5
0,0.4488172098491401,0.271,0.034,0,15,IFI30
0,0.4470018283266534,0.315,0.014,0,15,SLC7A7
0,0.44422417802533454,0.339,0.064,0,15,GCH1
0,0.44398897872657134,0.319,0.025,0,15,SPI1
0,0.4374201951854605,0.391,0.113,0,15,ZNF267
0,0.4363377456067866,0.348,0.036,0,15,RNASE6
0,0.4346726336800901,0.604,0.231,0,15,HLA-DPB1
0,0.4345397097225561,0.306,0.028,0,15,SPHK1
0,0.4329645781925427,0.357,0.08,0,15,ITGA5
0,0.4298162020860301,0.303,0.034,0,15,GCA
0,0.4250096776213853,0.667,0.374,0,15,RHOA
0,0.4235615842801224,0.324,0.029,0,15,LY86
0,0.42091343778682716,0.449,0.185,0,15,TMEM123
0,0.42071537338357473,0.436,0.187,0,15,ELL2
0,0.4180320675288556,0.398,0.1,0,15,TPP1
0,0.41668722931215485,0.339,0.053,0,15,LYN
0,0.4151153254659119,0.296,0.014,0,15,HCK
0,0.41485024827167866,0.293,0.02,0,15,RBM47
0,0.413796062345392,0.356,0.081,0,15,MAP2K1
0,0.4117639809981226,0.324,0.046,0,15,LACTB
0,0.41132601646635236,0.323,0.126,0,15,AC016831.1
0,0.41013630285570885,0.327,0.054,0,15,FAM49A
0,0.4087459592980481,0.324,0.052,0,15,C9orf72
0,0.4068106283720374,0.282,0.051,0,15,PDE4DIP
0,0.406445315671703,0.265,0.093,0,15,NCF1
0,0.40418203620640414,0.307,0.048,0,15,NUP214
0,0.4040892811078569,0.254,0.009,0,15,SMIM25
0,0.40354287788670334,0.437,0.15,0,15,GRB2
0,0.4034408130832209,0.425,0.178,0,15,SOCS3
0,0.40297940087711165,0.409,0.117,0,15,ARRB2
0,0.4019840039980093,0.308,0.051,0,15,MIR22HG
0,0.4019402788880592,0.32,0.071,0,15,ACSL3
0,0.4014937606700072,0.331,0.065,0,15,SIPA1L1
0,0.40145631434503887,0.288,0.013,0,15,LILRB2
0,0.4009870828132894,0.485,0.2,0,15,CMTM6
0,0.40051140153886344,0.36,0.1,0,15,PYCARD
0,0.40048289129110826,0.463,0.18,0,15,HCLS1
0,0.4001061016502741,0.36,0.08,0,15,PPT1
0,0.3999547696652214,0.32,0.064,0,15,SELL
0,0.3996491339090837,0.329,0.05,0,15,LY96
0,0.397421566399188,0.452,0.17,0,15,RNASET2
0,0.39576743034289014,0.265,0.011,0,15,SLC2A6
0,0.3950282648803225,0.348,0.09,0,15,UBE2D1
0,0.39461070499207457,0.358,0.129,0,15,GLRX
0,0.3931669198506746,0.284,0.047,0,15,CREG1
0,0.3919882026190652,0.267,0.029,0,15,WARS
0,0.39189591815344965,0.361,0.093,0,15,MYO1G
0,0.3918725333093845,0.446,0.166,0,15,H2AFY
0,0.3913205491912522,0.279,0.021,0,15,IRAK2
0,0.3911210639882068,0.255,0.019,0,15,RBP7
0,0.39058486712794266,0.314,0.052,0,15,ALDH2
0,0.3894999084969462,0.445,0.163,0,15,EFHD2
0,0.3888094102497497,0.496,0.244,0,15,LAMTOR4
0,0.3885613372251539,0.432,0.177,0,15,SLC7A5
0,0.3885473439238939,0.303,0.034,0,15,ITGAM
0,0.3865121385039405,0.319,0.072,0,15,RIT1
0,0.3859753089039401,0.314,0.054,0,15,TNFSF13B
0,0.3850870871141917,0.349,0.093,0,15,SEC22B
0,0.3836845501994237,0.323,0.065,0,15,RUNX1
0,0.37756876868004685,0.545,0.269,0,15,ACTR2
0,0.3770197713296618,0.315,0.066,0,15,CCDC88A
0,0.3760637356491139,0.362,0.131,0,15,VSIR
0,0.3749250310402217,0.322,0.053,0,15,MFSD1
0,0.3735681578902273,0.342,0.104,0,15,JARID2
0,0.3731707984299384,0.256,0.013,0,15,TFEC
0,0.3727151310901542,0.358,0.1,0,15,BACH1
0,0.37210028525041705,0.276,0.028,0,15,MPP1
0,0.37175449232160807,0.583,0.293,0,15,LGALS3
0,0.36944587421106795,0.295,0.046,0,15,ADA2
0,0.368699837334347,0.262,0.062,0,15,MAP3K20
0,0.3665094850367507,0.304,0.081,0,15,ARL5B
0,0.3654406414109652,0.314,0.069,0,15,CASP1
0,0.3625293127582801,0.383,0.148,0,15,PPP1R15B
0,0.35992448071121874,0.254,0.081,0,15,TNFSF14
0,0.3595868537672112,0.308,0.074,0,15,AGTRAP
0,0.3588777559821646,0.289,0.046,0,15,IRAK1
0,0.35856841001180895,0.262,0.035,0,15,C3AR1
0,0.3575188783545151,0.301,0.057,0,15,ARHGEF2
0,0.35550605308315597,0.357,0.123,0,15,GPCPD1
0,0.35464294972261373,0.298,0.071,0,15,FNDC3B
0,0.3543568683966016,0.302,0.051,0,15,CD302
0,0.35167679915480565,0.432,0.184,0,15,RAB7A
0,0.34938669071609574,0.346,0.095,0,15,CTSH
0,0.34791150984993924,0.39,0.151,0,15,AP2S1
0,0.3469370381044674,0.292,0.056,0,15,MAFG
0,0.34643619933190284,0.295,0.071,0,15,PURB
0,0.3442784031445594,0.274,0.038,0,15,GRINA
0,0.3416844907397564,0.316,0.087,0,15,SH3BP5
0,0.3408029941569948,0.267,0.041,0,15,SH3BP2
0,0.33972258877691036,0.283,0.049,0,15,CXCL16
0,0.33957864817669847,0.31,0.098,0,15,ZBTB43
0,0.3373287118255892,0.27,0.051,0,15,EAF1
0,0.3322450789104942,0.389,0.134,0,15,CAPG
0,0.33068940242292594,0.26,0.027,0,15,TBXAS1
0,0.3293527195694647,0.297,0.079,0,15,MAPK6
0,0.3271539640832016,0.408,0.168,0,15,ATP6AP2
0,0.3220724855621744,0.382,0.15,0,15,ETF1
0,0.3216127523464217,0.309,0.105,0,15,LPXN
0,0.3211490908361768,0.255,0.079,0,15,PELI1
0,0.31911653360493664,0.3,0.102,0,15,SMS
0,0.3186230083082378,0.329,0.109,0,15,FERMT3
0,0.31760224678134075,0.272,0.053,0,15,NOTCH2
0,0.31583269313462914,0.308,0.082,0,15,MYO9B
0,0.3154820975318905,0.27,0.06,0,15,LTA4H
0,0.31446277343169515,0.251,0.052,0,15,KCTD12
0,0.31184076595634447,0.271,0.054,0,15,GNA15
0,0.3107714629688563,0.356,0.135,0,15,RAB1A
0,0.3105411905696829,0.262,0.048,0,15,EMILIN2
0,0.31014379909886153,0.278,0.059,0,15,SCPEP1
0,0.3046405031988573,0.326,0.107,0,15,TCIRG1
0,0.30361061722307603,0.308,0.104,0,15,CNPY3
0,0.3007803509288418,0.255,0.042,0,15,PLXDC2
0,0.2997345496331783,0.289,0.074,0,15,SKAP2
0,0.29748433606227154,0.308,0.111,0,15,ZC3H12A
0,0.2967383443761029,0.268,0.058,0,15,HLA-DMB
0,0.28965243185164935,0.32,0.119,0,15,RTN3
0,0.28857686748374656,0.27,0.076,0,15,TNFRSF1A
0,0.2793447925962835,0.281,0.073,0,15,AOAH
0,0.27815927145429703,0.253,0.059,0,15,ARHGAP26
0,0.27621632671155183,0.254,0.057,0,15,PSEN1
0,0.2732836853030465,0.259,0.082,0,15,GPR132
0,0.26646549973887224,0.252,0.074,0,15,PDE4A
0,0.25948215582221074,0.259,0.086,0,15,FOXO3
1.7115526947115592e-307,0.3690893712462414,0.475,0.22,5.1952470495274667e-303,15,NFKBIZ
2.802414752619729e-301,0.2962096671429346,0.327,0.126,8.506449740101926e-297,15,RASGEF1B
1.3875758474484237e-296,0.5638787461870532,0.532,0.29,4.211847727344946e-292,15,SLC2A3
4.716507537668431e-295,0.35242619865017644,0.426,0.194,1.4316486979838755e-290,15,RAC1
5.894455319875615e-293,0.5218759415466585,0.751,0.506,1.7892029677950444e-288,15,PPP1R15A
9.758984613550526e-293,0.343351789309885,0.399,0.179,2.9622421895971267e-288,15,PRELID1
9.0148255925536e-291,0.2684369827854098,0.256,0.089,2.73636016036372e-286,15,STX4
1.9885335491631867e-289,0.4079762485393037,0.736,0.457,6.0359947351299365e-285,15,CLIC1
2.756198532369426e-288,0.3913938743070172,0.628,0.359,8.366165025154156e-284,15,TPM3
1.2138344153080765e-287,0.3539275943347114,0.407,0.185,3.6844729842261352e-283,15,PRNP
1.8481907021547865e-282,0.31014950066171515,0.36,0.152,5.6099980573206385e-278,15,RNF149
6.8016746406031396e-282,0.26069825477562686,0.321,0.127,2.064580320408677e-277,15,NFKB2
1.0991059600502784e-280,0.43786031619385496,0.483,0.245,3.336226231136615e-276,15,TPM4
7.449855048419865e-276,0.2697010268366775,0.312,0.124,2.2613290013973658e-271,15,PLEKHB2
1.784580502732964e-275,0.3534014472930315,0.513,0.266,5.41691565799564e-271,15,GNAI2
7.413679740973477e-274,0.5399285529186357,0.458,0.236,2.250348348575089e-269,15,EIF1B
2.9869714058058786e-272,0.4050194306945123,0.645,0.382,9.066653005183163e-268,15,YBX1
6.994105764885049e-272,0.28421541526190913,0.352,0.15,2.1229908638732076e-267,15,PGLS
7.263243550339821e-268,0.3182423956677367,0.316,0.13,2.2046849472701495e-263,15,CDC42EP3
1.5061656658074144e-266,0.44936106177475565,0.996,0.992,4.5718152619918256e-262,15,MT-CO1
3.343550624843214e-263,0.4099935671382572,0.534,0.284,1.0149013566649093e-258,15,VMP1
5.110886001177155e-262,0.33754679430778894,0.422,0.203,1.5513583367973137e-257,15,BAZ1A
5.141546993927509e-257,0.3472518956975441,0.508,0.264,1.560665174536756e-252,15,FOSL2
1.8627065613483238e-256,0.3528528526338375,0.395,0.185,5.654059496316702e-252,15,CTNNB1
2.1472346372656807e-255,0.26151427747226497,0.317,0.13,6.517716017956247e-251,15,NFAT5
1.1255415564857717e-247,0.3051576306935178,0.341,0.149,3.4164688405569114e-243,15,SAMHD1
1.1814977389566185e-247,0.33883228089344414,0.451,0.228,3.58631823682892e-243,15,VAMP8
1.398831047182564e-247,0.2766303107789447,0.35,0.154,4.2460117606179546e-243,15,TGIF1
1.0199099917161974e-243,0.2729790838187467,0.349,0.155,3.0958347888553453e-239,15,RAB21
4.192531614925414e-242,0.35870882097322854,0.792,0.548,1.2726010463944601e-237,15,CD63
1.442113467765638e-238,0.2956466022167781,0.46,0.235,4.377391220055817e-234,15,SH3BGRL
2.807077131650881e-238,0.36442991455684437,0.502,0.275,8.520601925413084e-234,15,ATP5MPL
3.513393493452339e-238,0.3105245760955942,0.475,0.247,1.0664554610025228e-233,15,DAZAP2
2.987734512593178e-235,0.3416450291022052,0.449,0.23,9.068969339525333e-231,15,FAM107B
5.917296683435888e-233,0.38046038953969874,0.95,0.846,1.7961362352901296e-228,15,SERF2
7.481312528772577e-228,0.28596561745286786,0.369,0.173,2.2708776049836278e-223,15,ATP1A1
2.7620179149175697e-223,0.3030702447515219,0.467,0.245,8.383829178940791e-219,15,TOP1
6.780726601944868e-222,0.2554887764293565,0.31,0.136,2.0582217527543452e-217,15,METTL9
4.41427553187424e-220,0.3073171169960345,0.504,0.278,1.3399091949451069e-215,15,VAPA
6.588729636223286e-216,0.3127506962057342,0.324,0.148,1.999942993779216e-211,15,PFKFB3
1.290322257768428e-213,0.26131578383621096,0.392,0.192,3.9166441812302864e-209,15,ROCK1
9.072576456184659e-213,0.3542341201705544,0.449,0.239,2.7538898575102913e-208,15,IVNS1ABP
3.0009561218489267e-212,0.2938729624103667,0.428,0.222,9.109102212260231e-208,15,NOP10
6.628836824613057e-211,0.3532805274786115,0.61,0.381,2.0121171297430475e-206,15,GPX4
5.32476790124616e-208,0.27498922658272984,0.36,0.173,1.6162800487442593e-203,15,MAP3K2
5.692226120165661e-207,0.25365361735504677,0.319,0.144,1.7278183165150847e-202,15,MAT2A
3.9794708404410677e-206,0.2754535694719002,0.404,0.205,1.2079285789074817e-201,15,FKBP1A
1.3052910057695071e-204,0.30344340199599973,0.55,0.315,3.9620803189127617e-200,15,LRRFIP1
9.378369753862479e-202,0.26001531451569715,0.451,0.237,2.846710355087417e-197,15,RTN4
5.203248338863122e-200,0.3569519266490837,0.671,0.452,1.579394000778512e-195,15,HNRNPC
3.916366276578062e-197,0.2817941100985283,0.494,0.277,1.188773819592505e-192,15,ACTR3
2.054846906385527e-190,0.32243229414198726,0.511,0.297,6.237282299642629e-186,15,SKIL
2.9621498347674145e-190,0.29677049603039185,0.998,0.989,8.99130960845301e-186,15,EIF1
2.249430079773495e-188,0.3149454039953371,0.51,0.296,6.827920064144466e-184,15,PRDX1
2.940835274650706e-186,0.3393533841488817,0.515,0.309,8.926611392674753e-182,15,BZW1
2.4702626925055352e-185,0.3231932787898091,0.949,0.823,7.498235376831301e-181,15,ATP5F1E
4.373830615663414e-174,0.32644770117992483,0.549,0.342,1.3276325450784728e-169,15,MAP1LC3B
2.1543315352017987e-173,0.2618244011215638,0.532,0.316,6.53925794195154e-169,15,CD53
1.0003447786146315e-169,0.28804479043393305,0.631,0.416,3.0364465410068523e-165,15,TMBIM6
1.3948812019412757e-169,0.2833053523834196,0.727,0.495,4.2340224003725483e-165,15,ARPC2
2.670068473670251e-161,0.3375313760030927,0.812,0.648,8.104725844978679e-157,15,COX4I1
1.502002105586859e-160,0.44750544636040074,0.376,0.21,4.5591771912983514e-156,15,PHLDA1
5.720077767693442e-151,0.28159871682537874,0.471,0.285,1.7362724056056674e-146,15,POMP
1.639143240558579e-146,0.2599262132903738,0.578,0.374,4.9754553923915104e-142,15,SFPQ
1.5824717324299759e-133,0.29016409450878533,0.501,0.318,4.803434696617949e-129,15,SQSTM1
2.988679066145617e-91,0.31402893232069073,0.403,0.264,9.071836437378406e-87,15,RGS2
1.2274789232915575e-12,0.5506498960942123,0.494,0.48,3.725889523759194e-8,15,MT2A
0,1.0952476014620818,0.653,0.35,0,16,CRIP1
0,0.8717014803810006,0.935,0.599,0,16,RPL17
0,0.8127467538057531,0.842,0.624,0,16,TSC22D3
0,0.7718529694790548,0.42,0.091,0,16,LINC-PINT
0,0.5886565087258617,0.493,0.194,0,16,EEF1G
0,0.4859714445316142,0.275,0.041,0,16,PLAAT4
0,0.4493543598949991,0.322,0.105,0,16,SEPTIN7
0,0.4457351436432224,0.328,0.115,0,16,SNHG6
0,0.4288786984089157,0.251,0.03,0,16,PCED1B-AS1
0,0.4260650952666384,0.25,0.046,0,16,RESF1
3.413045686850737e-297,0.7276007768715573,0.647,0.388,1.0359958877866726e-292,16,RGS1
1.3233864391409312e-276,0.7493029868126688,0.775,0.562,4.017007197368383e-272,16,TNFAIP3
1.3404458952378132e-270,0.5943697171705982,0.668,0.382,4.068789470404858e-266,16,IL7R
3.16024445776453e-262,0.4302708559873123,0.873,0.59,9.592606027098455e-258,16,CXCR4
9.143301345763865e-241,0.36370104530973885,0.332,0.14,2.775357690493164e-236,16,GAS5
1.276469470662686e-217,0.5106660754510033,0.639,0.414,3.874595431249517e-213,16,IL32
8.787580438609448e-213,0.26111454990933947,0.349,0.149,2.6673821663355117e-208,16,SNHG29
1.0907458657902168e-206,0.5571398432709226,0.476,0.289,3.3108500010196243e-202,16,RNF19A
1.1137914007709484e-201,0.47299979201756503,0.892,0.761,3.3808024179001366e-197,16,RPL36A
1.5719489988107802e-197,0.43992832337776067,0.979,0.882,4.771493990990242e-193,16,HLA-B
2.6444828995602233e-195,0.3512108614583369,0.313,0.146,8.027063393325101e-191,16,RNASEK
3.3275839954413e-194,0.5145175976480005,0.754,0.587,1.010054845976252e-189,16,PTPRC
4.783086670275027e-174,0.5389575364654213,0.981,0.947,1.4518581278952817e-169,16,RPS21
4.27896873191142e-170,0.28513489670298686,0.267,0.118,1.2988381688843925e-165,16,SNHG5
3.450325166253124e-158,0.35197012676738737,1,0.995,1.0473117009644733e-153,16,TMSB4X
1.0734780922598355e-127,0.778092530477442,0.992,0.938,3.258435401245505e-123,16,HSP90AA1
2.5819321503630234e-124,0.38390063448266165,0.452,0.302,7.837196849211922e-120,16,MIF
1.91516351407777e-123,0.4234904414145493,0.525,0.379,5.813287330631663e-119,16,LEPROTL1
3.2388673802086337e-122,0.3778934832751958,0.472,0.313,9.831258045885287e-118,16,GPR183
4.956051963580123e-122,0.4004823335305694,0.614,0.447,1.5043600130251104e-117,16,CREM
1.1555118329354879e-121,0.42549886959576655,0.489,0.338,3.50744061769238e-117,16,FAM177A1
8.04567958534421e-119,0.47213604494777084,0.523,0.385,2.4421855813353813e-114,16,EZR
1.3698684336863417e-115,0.29672273608685096,0.955,0.884,4.158098643611522e-111,16,HLA-A
8.65963677024277e-114,0.559938217837286,0.788,0.713,2.6285461452394907e-109,16,RPS26
2.1982353518281074e-109,0.460285031555848,0.86,0.825,6.672523586939037e-105,16,ATP5F1E
1.5871023301555003e-108,0.48378318716392044,0.392,0.268,4.817490412954006e-104,16,HMGB2
1.1507769265074293e-104,0.5966401469915661,0.738,0.639,3.493068282720651e-100,16,TXNIP
8.272395056751448e-103,0.3007287459836836,0.895,0.707,2.5110027955263345e-98,16,SRGN
1.4490936123616687e-98,0.7122573266741847,0.613,0.535,4.398578750962609e-94,16,HSPE1
2.6505532006327776e-96,0.38717692026352646,0.91,0.808,8.045489185200733e-92,16,ZFP36
3.150325889843201e-93,0.3575644207944665,0.43,0.305,9.562499206030053e-89,16,EIF4A1
5.312059041656781e-87,0.36908913471825533,0.525,0.421,1.612422401504499e-82,16,DDX24
7.0111369146782615e-85,0.4119584539864376,0.264,0.162,2.1281604990814396e-80,16,MAF
8.764870581778225e-85,0.34042816440615775,0.435,0.307,2.6604888163929625e-80,16,TRBC2
4.184736013029315e-80,0.2923259489510899,0.46,0.331,1.2702347693949182e-75,16,CD2
1.565896859794433e-75,0.28655439330917165,0.468,0.341,4.753123328220021e-71,16,CD3D
9.182159099458156e-74,0.26233673421613624,0.305,0.191,2.787152573049529e-69,16,DUSP4
7.100738917330935e-72,0.5366500562721501,0.645,0.57,2.155358290966632e-67,16,ANXA1
7.716760563809034e-67,0.311044060339668,0.482,0.363,2.342345501538594e-62,16,CD69
1.7952020015359224e-65,0.3668324939384173,0.941,0.869,5.4491561554621386e-61,16,HSP90AB1
3.760148521107436e-65,0.3849440382217493,0.996,0.982,1.1413554820969512e-60,16,RPS29
2.2313319944633685e-63,0.31629153245489994,0.46,0.364,6.772985135994109e-59,16,ETS1
7.079948707274198e-62,0.28504543045500186,0.392,0.289,2.14904763060601e-57,16,CEMIP2
1.8297878529660567e-61,0.594040742303162,0.499,0.443,5.554138048893169e-57,16,HSPD1
2.5077774956268308e-61,0.25162976556296046,0.73,0.637,7.612107810225683e-57,16,KLF6
7.741874715697358e-58,0.2879103648440582,1,0.997,2.349968651202776e-53,16,RPS27
2.1649568669069078e-52,0.3055483684974365,0.471,0.389,6.571510073809228e-48,16,YPEL5
1.910397062613696e-48,0.6258344239062579,0.519,0.468,5.798819243857613e-44,16,HSPH1
4.811204047586753e-46,0.4724496567079619,0.744,0.74,1.460392876604483e-41,16,HSPA8
2.6002557375039297e-44,0.30875362391915795,0.672,0.658,7.892816265619428e-40,16,PABPC1
7.67281206107681e-43,0.26605895555509074,0.304,0.228,2.329005373019255e-38,16,ITM2A
1.0074619661516333e-42,0.2590217980821464,0.374,0.298,3.0580500520566676e-38,16,CCNH
1.4847194006938013e-41,0.3905235782661861,0.347,0.28,4.5067172688659646e-37,16,CACYBP
2.7170549160061556e-37,0.31012271965978866,0.482,0.445,8.247348492045084e-33,16,NDUFS5
3.3694410007910294e-35,0.2834804473213832,0.458,0.413,1.0227601213801091e-30,16,SELENOK
6.0276182502231e-29,0.27416199980763123,0.553,0.522,1.8296232436727197e-24,16,SRSF7
3.4541959143847335e-27,0.3764250489815648,0.405,0.383,1.048486627852342e-22,16,SOD1
9.068497892584647e-21,0.34081245787259085,0.542,0.545,2.7526518503151437e-16,16,MT-ND4L
0,2.2382000802063815,0.808,0.132,0,17,PTGDS
0,1.8450903190734698,0.964,0.297,0,17,COL3A1
0,1.8426662897654604,0.626,0.076,0,17,CRYAB
0,1.7371766392108712,0.785,0.061,0,17,CCN1
0,1.681829564932057,0.745,0.12,0,17,VCAN
0,1.6228278493396786,0.992,0.804,0,17,S100A6
0,1.5999469504667638,0.945,0.337,0,17,IFITM3
0,1.5936646281221558,0.82,0.066,0,17,APOD
0,1.5779463013591497,0.63,0.038,0,17,DKK1
0,1.5189849612764832,0.878,0.136,0,17,SNHG29
0,1.5024665417699585,0.767,0.104,0,17,IGF1
0,1.5024092188412028,0.84,0.107,0,17,NME2
0,1.4842400061032928,0.924,0.359,0,17,HSPB1
0,1.4612147858404816,0.892,0.292,0,17,MIF
0,1.4474813224846768,0.856,0.096,0,17,RAMP1
0,1.4448919750790696,0.87,0.204,0,17,SPARC
0,1.4401526610136117,0.901,0.247,0,17,CALD1
0,1.425851895076438,0.8,0.136,0,17,RBP1
0,1.417548860466186,0.761,0.069,0,17,TGM2
0,1.4067157757337838,0.701,0.139,0,17,MEG3
0,1.4034294339892455,0.963,0.599,0,17,RPL17
0,1.326943318850502,0.993,0.758,0,17,FOS
0,1.3159185236874154,0.768,0.117,0,17,TPM1
0,1.3038399018985014,0.727,0.19,0,17,ATF3
0,1.285170268703439,0.845,0.186,0,17,EEF1G
0,1.2525537116091534,0.835,0.133,0,17,C1R
0,1.251211701113205,0.754,0.073,0,17,PDGFRA
0,1.2455624235186937,0.929,0.418,0,17,EGR1
0,1.2352614792292576,0.966,0.353,0,17,COL1A1
0,1.2209951776500678,0.672,0.042,0,17,H19
0,1.1836904607436218,0.711,0.113,0,17,REV3L
0,1.1517498599963165,0.741,0.101,0,17,PCOLCE
0,1.141312787910301,0.643,0.054,0,17,PTN
0,1.12483428926376,0.779,0.134,0,17,SERPINF1
0,1.117514881436929,0.807,0.136,0,17,COL6A1
0,1.1011863543017815,0.662,0.071,0,17,PDLIM1
0,1.0857316945579214,0.624,0.048,0,17,COL4A1
0,1.08157757949842,0.658,0.026,0,17,MME
0,1.0807587273577273,0.771,0.124,0,17,SERPING1
0,1.0741250566668787,0.808,0.231,0,17,SPARCL1
0,1.0727399161845237,0.715,0.114,0,17,SERPINH1
0,1.066727943925904,0.833,0.162,0,17,CFD
0,1.0660024255610563,0.681,0.057,0,17,NID1
0,1.0575264908489896,0.666,0.058,0,17,COL4A2
0,1.0554165011123038,0.837,0.295,0,17,EIF4A1
0,1.0525410177687928,0.742,0.262,0,17,SOD2
0,1.0462329894676936,0.613,0.055,0,17,RORB
0,1.0439532633368076,0.725,0.146,0,17,TPM2
0,1.0361402597446294,0.604,0.034,0,17,HAND2
0,1.0287626652839095,0.551,0.176,0,17,TAGLN
0,1.0238036484686472,0.861,0.423,0,17,PPIB
0,1.0196300430844796,0.978,0.695,0,17,LGALS1
0,0.999542531937821,0.586,0.032,0,17,APCDD1
0,0.9828227456835964,0.823,0.364,0,17,HSP90B1
0,0.9289705024401029,0.5,0.025,0,17,BTBD3
0,0.9155649011752267,0.678,0.116,0,17,S100A13
0,0.911214779393478,0.976,0.76,0,17,RPL36A
0,0.9007145134364041,0.502,0.171,0,17,IGFBP5
0,0.8906599164402242,0.678,0.154,0,17,TCEAL4
0,0.8905223361520362,0.588,0.107,0,17,NUPR1
0,0.8862592438395456,0.528,0.078,0,17,ADAMTS1
0,0.8859342040327609,0.709,0.12,0,17,C1S
0,0.8690996346411848,0.59,0.104,0,17,TIMP3
0,0.8632843576096363,0.825,0.345,0,17,TXN
0,0.859900953937887,0.526,0.142,0,17,BAG3
0,0.8426580220389224,0.527,0.061,0,17,OSR2
0,0.8396803064733986,0.713,0.133,0,17,FBLN1
0,0.8302254273478076,0.954,0.821,0,17,MYL6
0,0.8279058753686462,0.711,0.188,0,17,SELENOM
0,0.8207250445805961,0.699,0.131,0,17,GAS5
0,0.8184671500900603,0.359,0.026,0,17,PAEP
0,0.8162998720977765,0.559,0.034,0,17,LAMB1
0,0.8110610722856545,0.855,0.371,0,17,RPS17
0,0.8101034852379819,0.6,0.085,0,17,NR2F2
0,0.7991240365256083,0.999,0.993,0,17,RPS8
0,0.7910469225549807,0.695,0.241,0,17,TPM4
0,0.7859470055085575,0.542,0.109,0,17,RND3
0,0.7770802599260104,0.77,0.289,0,17,LGALS3
0,0.7759484440199922,0.566,0.219,0,17,NFKBIZ
0,0.7700688841576242,0.533,0.061,0,17,GJA1
0,0.7679827265607098,0.658,0.153,0,17,IGFBP4
0,0.7586994905865393,0.417,0.124,0,17,FABP5
0,0.7579868834354192,0.572,0.1,0,17,ZEB1
0,0.7516427714908293,0.641,0.11,0,17,SNHG5
0,0.7458213032481738,0.509,0.05,0,17,PLPP3
0,0.7399165276502568,0.767,0.305,0,17,CD81
0,0.7387197691365346,0.768,0.364,0,17,ELOB
0,0.7334443773620488,0.528,0.167,0,17,KCNQ1OT1
0,0.7305235641597307,0.967,0.496,0,17,DCN
0,0.7247716849145133,0.413,0.176,0,17,ZFAND2A
0,0.7200757816396213,0.978,0.901,0,17,RPLP0
0,0.7114974549273573,0.451,0.037,0,17,ITGB8
0,0.7070587109121423,0.492,0.063,0,17,MRPS24
0,0.7070415704344382,0.785,0.447,0,17,ZFP36L1
0,0.7040797437178068,0.796,0.506,0,17,PPP1R15A
0,0.6965932616569845,0.439,0.065,0,17,GBP1
0,0.6938555551479457,0.466,0.054,0,17,NR2F1
0,0.6932642616273226,0.964,0.817,0,17,NEAT1
0,0.676438464994294,0.885,0.656,0,17,FOSB
0,0.6733568248271634,0.499,0.042,0,17,CD248
0,0.6732299030974755,1,0.997,0,17,RPS18
0,0.671439427811756,0.638,0.196,0,17,BSG
0,0.669137592042055,0.427,0.033,0,17,ADAMTS9
0,0.6664431195996277,0.999,0.989,0,17,RPL12
0,0.6654272202133736,0.428,0.03,0,17,HOXA10
0,0.665274132050559,0.42,0.086,0,17,SERPINE1
0,0.6649130577759249,0.502,0.071,0,17,IGFBP2
0,0.6603657225078355,0.488,0.108,0,17,LMO4
0,0.660093403096802,0.47,0.07,0,17,SPTSSA
0,0.6587026109819537,0.443,0.036,0,17,NRP1
0,0.6586446883514192,0.463,0.043,0,17,SYNPO2
0,0.6571523639402431,0.516,0.067,0,17,PBX1
0,0.6530149930449677,0.401,0.019,0,17,HELLPAR
0,0.6494690103103508,0.526,0.117,0,17,MYL9
0,0.6472258420291519,1,0.989,0,17,MT-ATP6
0,0.6401875012615532,0.44,0.03,0,17,HAND2-AS1
0,0.6368076721294932,0.492,0.066,0,17,ISLR
0,0.6280775129858993,0.357,0.018,0,17,ALDH1A3
0,0.626111719235101,0.421,0.049,0,17,ID4
0,0.6258569446935789,0.507,0.093,0,17,COL6A3
0,0.6187636213186116,0.467,0.044,0,17,FBLN2
0,0.6116359378886979,0.663,0.288,0,17,NR4A1
0,0.6041006571872072,0.458,0.068,0,17,JAZF1
0,0.5984257280751514,0.515,0.129,0,17,SPON2
0,0.59275466757322,0.457,0.066,0,17,IL1R1
0,0.5896556764102597,0.428,0.047,0,17,PGR
0,0.5893243820389082,0.459,0.06,0,17,PPP1R14A
0,0.589066237432005,0.6,0.198,0,17,MORF4L2
0,0.5838389394569355,0.412,0.057,0,17,MIR99AHG
0,0.5818458322791596,0.457,0.067,0,17,VCL
0,0.5788514013613906,0.554,0.186,0,17,PDIA6
0,0.5784747035963675,0.473,0.096,0,17,MED13L
0,0.5763328592825523,0.844,0.593,0,17,XIST
0,0.5759579641166886,0.413,0.031,0,17,COL15A1
0,0.5727547575483187,0.445,0.071,0,17,C20orf27
0,0.5654617079227855,0.471,0.125,0,17,MYC
0,0.5638039309460282,0.478,0.066,0,17,MICOS10
0,0.5616754958760201,0.709,0.287,0,17,LAPTM4A
0,0.5574986302552509,0.549,0.146,0,17,GABARAP
0,0.556093481724132,0.387,0.028,0,17,PEMT
0,0.5515460232923934,0.467,0.069,0,17,SNHG16
0,0.550324475474774,0.963,0.877,0,17,RPL23
0,0.5501083547337656,0.387,0.106,0,17,EMP1
0,0.5489466573367532,0.387,0.03,0,17,SEMA5A
0,0.5460148357378238,0.359,0.051,0,17,F3
0,0.5385505169276769,0.356,0.049,0,17,CYP1B1
0,0.5316903445616483,0.539,0.195,0,17,ZBTB20
0,0.5316314662003585,0.395,0.05,0,17,COL5A2
0,0.5270737254274322,0.746,0.288,0,17,LUM
0,0.526234685053001,0.409,0.063,0,17,TCEAL3
0,0.525936463022501,0.327,0.03,0,17,ADAMTS5
0,0.5232881774319272,0.415,0.07,0,17,CRISPLD2
0,0.5219388862993868,0.779,0.449,0,17,IER2
0,0.5207752750348011,0.68,0.309,0,17,ANXA2
0,0.5201099818129239,0.377,0.038,0,17,PLEKHH2
0,0.518025586326698,0.414,0.058,0,17,OLFML3
0,0.5175267885142866,0.384,0.028,0,17,AOPEP
0,0.5161673463134608,0.995,0.983,0,17,RPS7
0,0.5161061256222905,0.429,0.076,0,17,DPYSL2
0,0.5156795639472145,0.599,0.158,0,17,COL6A2
0,0.5135235559003607,0.424,0.056,0,17,TOMM6
0,0.5123079743396695,0.32,0.064,0,17,AKAP12
0,0.5107944218336592,0.41,0.082,0,17,LIMA1
0,0.510635337949662,0.458,0.106,0,17,ADH5
0,0.5082563819626374,0.356,0.035,0,17,PRLR
0,0.506223889968157,0.504,0.101,0,17,SEPTIN7
0,0.5060898089169727,0.355,0.031,0,17,IL15
0,0.5058446129754667,0.368,0.045,0,17,TBX3
0,0.5032617650687233,0.38,0.049,0,17,S100A16
0,0.500443778197619,0.407,0.062,0,17,SULF2
0,0.49790069741569054,0.427,0.111,0,17,FOXO1
0,0.49781826262183415,0.561,0.214,0,17,OSTC
0,0.4964191310199475,0.397,0.053,0,17,PRRX1
0,0.49479846515034087,0.402,0.048,0,17,SEPTIN2
0,0.49443102644982906,0.401,0.07,0,17,PLPP1
0,0.49051093737985696,0.391,0.064,0,17,NME1
0,0.48893686950325355,0.296,0.06,0,17,RASD1
0,0.4875924832954153,0.421,0.06,0,17,SNHG32
0,0.48563537702277415,0.357,0.027,0,17,AASS
0,0.4815848068394957,0.481,0.144,0,17,YBX3
0,0.4815581057681205,0.375,0.047,0,17,KANK2
0,0.4797474880049882,0.495,0.154,0,17,RHOB
0,0.479526127739297,0.467,0.125,0,17,MDK
0,0.4779125900059894,0.473,0.148,0,17,IL6ST
0,0.4773660058317364,0.863,0.547,0,17,CD63
0,0.47678982494860206,0.411,0.077,0,17,MFGE8
0,0.47629605654507634,0.376,0.041,0,17,SEPTIN11
0,0.4739535720751482,0.425,0.078,0,17,FSTL1
0,0.47375313650427986,0.266,0.028,0,17,CCN2
0,0.4736053708026494,0.357,0.05,0,17,MGST1
0,0.4733695634201453,0.51,0.142,0,17,RNASEK
0,0.4705039146267504,0.541,0.211,0,17,KRTCAP2
0,0.46987742559360446,0.433,0.089,0,17,BEX3
0,0.46671937498567323,0.602,0.264,0,17,NDUFA13
0,0.46521459609988247,0.346,0.034,0,17,EBF1
0,0.4624810940381029,0.577,0.29,0,17,RPL22L1
0,0.4617179824393145,0.37,0.067,0,17,TCF12
0,0.4615808846596853,0.437,0.126,0,17,KLF9
0,0.4597926058987555,0.358,0.063,0,17,CKB
0,0.4572057402337256,0.337,0.035,0,17,MEIS1
0,0.4571034060957225,0.358,0.048,0,17,TCF7L2
0,0.4526198228505429,0.401,0.096,0,17,TCEAL9
0,0.4496673286469919,0.333,0.033,0,17,BCAT1
0,0.44874260830317336,0.389,0.072,0,17,CNN3
0,0.4475922621396262,0.345,0.057,0,17,TSHZ2
0,0.44541129919425443,0.497,0.144,0,17,SELENOP
0,0.4440366779515943,0.406,0.094,0,17,CALU
0,0.4407107439320275,0.371,0.066,0,17,ALDH1A1
0,0.4398827467619601,0.371,0.066,0,17,RAB13
0,0.4396540506153517,0.436,0.128,0,17,LMAN1
0,0.4342107977010457,0.37,0.087,0,17,ZBTB16
0,0.4341925682059893,0.347,0.048,0,17,CDH11
0,0.4333877674677252,0.579,0.273,0,17,ITGB1
0,0.4322219726747593,0.275,0.009,0,17,TMEM196
0,0.4302237234280183,0.29,0.014,0,17,PRXL2A
0,0.4300907705200663,0.272,0.021,0,17,CALCRL
0,0.42963515582321515,0.381,0.1,0,17,YWHAG
0,0.4280888577339025,0.271,0.008,0,17,MT1G
0,0.42760933861910444,0.304,0.023,0,17,PCDH18
0,0.4262166122675921,0.324,0.107,0,17,TWISTNB
0,0.4260366034801187,0.558,0.246,0,17,EID1
0,0.42398031032017564,0.335,0.032,0,17,GNG10
0,0.42333434548814575,0.497,0.203,0,17,CANX
0,0.41834890935496466,0.326,0.039,0,17,TMEM45A
0,0.4158822334227985,0.408,0.111,0,17,ZYX
0,0.41445864860808984,0.304,0.02,0,17,GASK1B
0,0.4123190577817815,0.298,0.027,0,17,WT1
0,0.41217247678180147,0.427,0.132,0,17,LPP
0,0.4111460271961862,0.315,0.036,0,17,TEAD1
0,0.409677269330154,0.462,0.113,0,17,SNHG6
0,0.4053936371059229,0.325,0.033,0,17,MICOS13
0,0.40278861705269176,0.309,0.043,0,17,TFPI
0,0.4017426811735083,0.406,0.088,0,17,ATP6V0C
0,0.39907459051025507,0.351,0.116,0,17,DNAJB4
0,0.3984581788311244,0.424,0.159,0,17,LRPAP1
0,0.39525708419984323,0.338,0.084,0,17,DST
0,0.39512602721936696,0.285,0.03,0,17,DSEL
0,0.39282852679299596,0.389,0.097,0,17,TCF4
0,0.3890090608565693,0.405,0.127,0,17,ATP5MC1
0,0.38885050216189365,0.364,0.081,0,17,LRP1
0,0.3841487064782303,0.381,0.115,0,17,SOX4
0,0.3840616522889603,0.277,0.018,0,17,PARM1
0,0.3839480309779665,0.361,0.084,0,17,NFIC
0,0.38352104636515993,0.251,0.047,0,17,TCEAL7
0,0.38340382848926635,0.292,0.03,0,17,ALDH1A2
0,0.3796568076070644,0.301,0.046,0,17,SH3PXD2A
0,0.3794928465981503,0.269,0.025,0,17,WNT5A
0,0.37773948545362057,0.319,0.059,0,17,PLEKHA5
0,0.3770781350343054,0.309,0.044,0,17,PLAC9
0,0.3759715151313509,0.28,0.025,0,17,TMEM37
0,0.3711327431004642,0.429,0.163,0,17,FKBP11
0,0.36820630029567414,0.374,0.1,0,17,TOMM5
0,0.3675994122649441,0.327,0.074,0,17,PALLD
0,0.3666411839019287,0.302,0.064,0,17,NFIA
0,0.3652744232775749,0.288,0.065,0,17,FBXO32
0,0.3649900824285601,0.549,0.25,0,17,NUCKS1
0,0.3639628036477347,0.376,0.109,0,17,ATOX1
0,0.3602488775375227,0.505,0.22,0,17,NDUFA11
0,0.3594163921094992,0.379,0.132,0,17,KLF4
0,0.3582897611682455,0.722,0.396,0,17,GSTP1
0,0.3561964286650059,0.29,0.072,0,17,TRIB1
0,0.3558753564310486,0.385,0.138,0,17,TMEM167A
0,0.35571180486567655,0.55,0.251,0,17,DSTN
0,0.3542260621488695,0.341,0.08,0,17,LGALS3BP
0,0.3527646682863914,0.269,0.024,0,17,SLC2A8
0,0.3526596654014773,0.276,0.036,0,17,EMX2
0,0.3525734720801389,0.283,0.06,0,17,PLAT
0,0.35137317766139714,0.266,0.068,0,17,KDM5B
0,0.34766120257968014,0.303,0.057,0,17,COL5A1
0,0.34729912797368195,0.34,0.088,0,17,CUX1
0,0.34634998845256265,0.281,0.04,0,17,PHLDB1
0,0.34562020320603926,0.301,0.057,0,17,RCN1
0,0.34396218967147923,0.274,0.032,0,17,CFI
0,0.3433783156745672,0.289,0.057,0,17,SLC39A6
0,0.34336992337653033,0.279,0.049,0,17,INSR
0,0.3432556327132683,0.362,0.114,0,17,RARRES2
0,0.3432241528967641,0.358,0.109,0,17,NHP2
0,0.34098719136491124,0.308,0.066,0,17,POLD4
0,0.3405866912878769,0.296,0.051,0,17,RRAS
0,0.34040312836525505,0.301,0.041,0,17,CIAO2B
0,0.340374962945608,0.304,0.065,0,17,FN1
0,0.3403677256653764,0.253,0.044,0,17,FGF7
0,0.3398221745246024,0.251,0.027,0,17,DIO2
0,0.3393394541403295,0.297,0.062,0,17,CLIC4
0,0.33867278127659195,0.388,0.128,0,17,KDELR1
0,0.33758001809268484,0.287,0.048,0,17,DTWD1
0,0.3328326267959316,0.293,0.078,0,17,LDLR
0,0.3319461123519789,0.251,0.026,0,17,TUBB3
0,0.3287575561249696,0.37,0.129,0,17,RRBP1
0,0.3283146713695602,0.28,0.044,0,17,GCSH
0,0.32702598121541704,0.251,0.033,0,17,PSD3
0,0.32551273587448604,0.277,0.075,0,17,ERRFI1
0,0.3255030080806346,0.342,0.113,0,17,TIMM13
0,0.3244400013847043,0.306,0.08,0,17,TNFAIP2
0,0.3232940856488399,0.286,0.056,0,17,SMAD5
0,0.32324842005361965,0.316,0.081,0,17,PNKD
0,0.3227003415144456,0.311,0.089,0,17,ID1
0,0.32145274219786507,0.273,0.045,0,17,AHCY
0,0.32111077892762463,0.329,0.085,0,17,PMP22
0,0.31977913276119124,0.293,0.074,0,17,DAAM1
0,0.3189436374349588,0.281,0.048,0,17,FBN1
0,0.3174446086295253,0.266,0.051,0,17,ROCK2
0,0.31672707041035797,0.358,0.12,0,17,PRKDC
0,0.31233244167351043,0.322,0.094,0,17,IMPDH2
0,0.31203500258239336,0.277,0.053,0,17,HSPB6
0,0.30926605108799793,0.279,0.064,0,17,ANTXR2
0,0.30686762861150785,0.251,0.038,0,17,WWTR1
0,0.3065692618015339,0.263,0.074,0,17,WEE1
0,0.3055699345619252,0.265,0.051,0,17,TRIOBP
0,0.30403594150970126,0.337,0.11,0,17,PDCD5
0,0.30008815345324874,0.363,0.125,0,17,MARCKS
0,0.2969912709773139,0.286,0.068,0,17,PRDX4
0,0.2966183742491293,0.254,0.037,0,17,RBIS
0,0.29534665571318747,0.376,0.14,0,17,PTMS
0,0.2911813678892033,0.295,0.078,0,17,PSMB5
0,0.29115903336296034,0.718,0.301,0,17,COL1A2
0,0.29044164130606764,0.29,0.075,0,17,CAVIN1
0,0.28759604787294046,0.252,0.061,0,17,SLC16A1
0,0.2858496596184641,0.261,0.047,0,17,TLE5
0,0.28482437552919254,0.456,0.16,0,17,CTSB
0,0.28307862537224726,0.284,0.084,0,17,ARHGAP5
0,0.2829700358966271,0.259,0.055,0,17,DNPH1
0,0.28232913515715224,0.292,0.08,0,17,SMARCE1
0,0.28142278601763715,0.254,0.054,0,17,ZMIZ1
0,0.2805926167869808,0.308,0.099,0,17,TIMM8B
0,0.2805027472151844,0.261,0.057,0,17,RAB34
0,0.2796322705494109,0.26,0.06,0,17,PTPN11
0,0.2793321787926452,0.315,0.106,0,17,NIFK
0,0.27898099299307055,0.267,0.062,0,17,MAP3K20
0,0.277578207296603,0.268,0.071,0,17,PRSS23
0,0.27745037216019725,0.317,0.107,0,17,HDLBP
0,0.2756584541629262,0.302,0.098,0,17,MTHFD2
0,0.2697358007766659,0.287,0.087,0,17,DPM3
0,0.26901752440210247,0.304,0.102,0,17,FAM120A
0,0.2680567529887748,0.271,0.068,0,17,C18orf32
0,0.25903433780076623,0.701,0.366,0,17,TIMP1
0,0.2574123733084953,0.27,0.082,0,17,CRTAP
8.321299597515532e-303,0.2942542589553986,0.366,0.14,2.5258472798298645e-298,17,MRPL51
2.487968756779305e-301,0.5841696806655194,0.564,0.285,7.551980364327903e-297,17,VMP1
2.5054539347542106e-301,0.2701248667958519,0.304,0.104,7.605054873552931e-297,17,OAT
9.398255960343246e-301,0.32096804261134426,0.393,0.158,2.852746614202589e-296,17,MYDGF
5.492964214857186e-300,0.4389575781601476,0.982,0.919,1.6673343577777503e-295,17,ACTG1
7.438991493137585e-300,0.34168280033360054,0.26,0.083,2.2580314778269827e-295,17,PGRMC1
1.580486168773632e-299,0.3148190003168976,0.329,0.119,4.797407716695483e-295,17,JPX
5.054986829667352e-299,0.3105397419208429,0.48,0.209,1.5343907022772281e-294,17,TUBB
2.2893193790998208e-294,0.44342238673421,0.27,0.089,6.949000043319596e-290,17,ACTA2
4.560914477808005e-294,0.29301222415043715,0.345,0.13,1.384419980593842e-289,17,PRMT1
3.9562540288524294e-293,0.3307389965444602,0.417,0.175,1.2008813479178665e-288,17,CBX3
1.9531332229991699e-292,0.5508261841120186,0.583,0.304,5.92854058509168e-288,17,TUBA1A
6.5336385359046716e-288,0.4587925551344947,0.724,0.442,1.983220641188504e-283,17,NAP1L1
1.9355808128770719e-287,0.26045081119942803,0.279,0.094,5.875261999407064e-283,17,HIPK3
8.35499359963613e-281,0.3888624960263747,0.999,0.993,2.5360747572335507e-276,17,RPL26
1.4690335967412157e-279,0.2999706174013288,0.935,0.722,4.459104579548286e-275,17,JUN
9.885148987981598e-278,0.2549387120800335,0.304,0.108,3.0005381238119342e-273,17,VKORC1
1.911940133463869e-275,0.2643648936745112,0.297,0.105,5.803503081116228e-271,17,ATP2B4
3.6957428375541462e-273,0.25501267155227797,0.319,0.118,1.1218057809111856e-268,17,TMEM14C
1.9810798855285277e-268,0.5154722821969415,0.747,0.463,6.013369884533293e-264,17,HSPH1
2.3448886103138273e-268,0.28917958139405786,0.321,0.121,7.117674887746591e-264,17,IRS2
1.589666264166105e-267,0.2742131600461237,0.258,0.085,4.825272978249795e-263,17,EGR3
3.954857477731632e-262,0.2646792711104011,0.286,0.102,1.2004574387906597e-257,17,ETNK1
3.5350310087038176e-257,0.39424313091754337,0.993,0.984,1.0730233123819568e-252,17,RPL7A
6.624289703278272e-253,0.39367471174683333,0.729,0.463,2.0107368965330868e-248,17,SSR4
6.067635709550083e-249,0.25312228705672224,0.315,0.121,1.8417701432768322e-244,17,SEC31A
2.3896473242921312e-247,0.4125918908201222,0.452,0.217,7.253535488156335e-243,17,PRDM1
3.3574438804320175e-247,0.2976564527065195,0.404,0.18,1.0191185154663346e-242,17,TMED2
8.061219812317186e-246,0.30820311858985516,0.425,0.195,2.4469026618307584e-241,17,EIF5A
2.296023490553068e-245,0.314309918191328,0.436,0.204,6.969349703224783e-241,17,ERH
8.004702270221918e-244,0.25980446454463124,0.337,0.136,2.429747327103161e-239,17,HSBP1
1.388166577462801e-241,0.2908864703178442,0.396,0.175,4.213640829230586e-237,17,MRPS21
2.526280599458586e-240,0.29040281154405,0.401,0.179,7.668272131596592e-236,17,RNH1
2.582877389464347e-240,0.36939949534427236,0.34,0.138,7.840066027980079e-236,17,ID3
4.886620825461505e-240,0.3292797803022032,0.515,0.262,1.4832848853605853e-235,17,PEBP1
2.345559407393641e-237,0.345772277202853,0.555,0.294,7.119711025202658e-233,17,TPI1
5.316756698006144e-237,0.3027620522753642,0.423,0.195,1.613848328112785e-232,17,TMED10
4.131322540931194e-236,0.2939644448406657,0.258,0.09,1.2540216440742546e-231,17,IGFBP3
5.353374245137919e-232,0.27553490283384086,0.376,0.165,1.6249632183691638e-227,17,SRI
1.1782283206220962e-230,0.36783041728962007,0.651,0.378,3.5763942444163106e-226,17,CALR
1.291526015607934e-230,0.26683699047953713,0.31,0.123,3.920298067776323e-226,17,ADD3
5.178225824217038e-229,0.30926965143286844,0.451,0.219,1.5717986666828397e-224,17,UQCRQ
7.305353617239958e-228,0.3346539955449955,0.541,0.289,2.217467036977017e-223,17,NDUFB2
1.4277180552161763e-227,0.4472412906869747,0.66,0.398,4.3336953848031816e-223,17,HSPA5
1.1353851848369343e-226,0.3639079823528806,0.99,0.97,3.4463481900540304e-222,17,RPL10A
1.183522252659371e-226,0.26499531161350454,0.32,0.129,3.592463445722255e-222,17,THBS1
1.0489612533560695e-224,0.2576976704235444,0.306,0.121,3.1840169884370134e-220,17,CD59
6.474373170612537e-220,0.26902044157098004,0.344,0.148,1.9652312322077294e-215,17,MRPL41
5.840348732829022e-219,0.3973355785444792,0.809,0.615,1.7727794543629214e-214,17,PPIA
1.9279370087527996e-218,0.2519573555717901,0.359,0.154,5.852059996368248e-214,17,APLP2
6.968704711541721e-217,0.31428974355718986,0.549,0.296,2.115280628141374e-212,17,PRDX1
1.6633636679800625e-213,0.26423174790278237,0.387,0.177,5.048974077786681e-209,17,NDUFC2
2.188720258109616e-213,0.3074783274236368,0.999,0.995,6.643641471465928e-209,17,RPS24
3.5535977125130815e-208,0.3049833755959828,0.521,0.279,1.0786590496562207e-203,17,SEC11A
4.145614547276125e-208,0.29887286263339974,0.434,0.214,1.258359839680195e-203,17,SSR3
6.986889271475648e-208,0.26080773063013873,0.326,0.14,2.120800369463718e-203,17,ATXN1
1.982588638707956e-206,0.3403919721848101,0.896,0.735,6.017949553934129e-202,17,HMGB1
1.0505806744101384e-205,0.3508585745167546,0.59,0.342,3.188932579104534e-201,17,EIF1AX
1.892275233302379e-204,0.3321609692302254,0.558,0.314,5.74381224316604e-200,17,SEC61G
8.311121825353042e-204,0.3162471455004553,0.513,0.277,2.5227579188676624e-199,17,PDIA3
9.849003845156155e-204,0.3113397905661829,0.462,0.235,2.989566627158699e-199,17,FLNA
4.126224889076949e-203,0.32492725755001695,0.617,0.363,1.252474302830417e-198,17,SEC61B
9.14884317281414e-203,0.32113025356376756,0.546,0.306,2.7770398566760038e-198,17,COX5B
4.6248838328251566e-201,0.30254708116628726,0.502,0.265,1.4038372386157481e-196,17,RABAC1
5.863597318550203e-200,0.277359808565339,0.382,0.178,1.779836330072729e-195,17,HIF1A
5.1838312273805827e-194,0.2957258524719976,0.456,0.237,1.573500130759102e-189,17,DAD1
1.396379982682016e-193,0.31842511997941236,0.574,0.332,4.238571799432992e-189,17,POLR2L
2.3707475511988275e-191,0.25853084256817527,0.524,0.276,7.196167116908921e-187,17,ANXA5
2.301095305360518e-189,0.32904081543142794,0.633,0.385,6.984744689891317e-185,17,AKAP13
3.635667185578021e-187,0.2790617675710957,0.535,0.298,1.1035704175103524e-182,17,PARK7
3.4113717035027137e-186,0.27214809527471523,0.448,0.232,1.0354877668812137e-181,17,SEM1
3.244804718729059e-184,0.28453978749831643,0.998,0.99,9.849280243230185e-180,17,RPS6
3.359752529400695e-184,0.2960126013041716,0.522,0.292,1.019819282774287e-179,17,SPCS2
7.588164156508805e-184,0.2569483573146294,0.345,0.158,2.3033113480666828e-179,17,MRPL18
5.023912088154867e-178,0.29789709805778664,0.271,0.115,1.5249582752385283e-173,17,NCOA7
9.293623861634974e-177,0.28108063740815004,0.993,0.979,2.82098658696068e-172,17,RPL27A
6.641798278002004e-176,0.3057664725710415,0.477,0.262,2.0160514493047284e-171,17,STAT3
1.040445947789098e-172,0.30521505537606997,0.699,0.459,3.158169629919028e-168,17,COX6C
8.961963060420236e-172,0.4990726220903644,0.672,0.467,2.7203142673599583e-167,17,HNRNPU
9.459013475616358e-172,0.26434185874457655,0.381,0.191,2.8711889503885893e-167,17,P4HB
1.7920489105721182e-170,0.27046466139010644,0.429,0.227,5.439585263150608e-166,17,SF3B6
6.055405769891203e-169,0.31097902844419423,0.677,0.441,1.8380578673927757e-164,17,NDUFS5
6.181496371531253e-165,0.2692907074684393,0.562,0.331,1.8763314086145965e-160,17,SNRPD2
4.771689157888391e-161,0.2901703022845794,0.992,0.984,1.4483985269854424e-156,17,RPL8
1.6037243385386078e-157,0.2635394739190793,0.995,0.98,4.86794485720009e-153,17,RPL24
1.783462266926923e-154,0.2682791799004778,0.531,0.312,5.413521365029982e-150,17,UQCR11
5.3194883392097985e-154,0.309331951700732,0.82,0.66,1.6146774904837421e-149,17,EEF2
2.8701275939222175e-153,0.2690731472092031,0.372,0.191,8.711985298591499e-149,17,SERTAD1
1.7444710285471574e-152,0.2973358052544869,0.505,0.295,5.2951673600520414e-148,17,ARGLU1
2.2079459440084e-151,0.3014687216127243,0.654,0.44,6.701999118443097e-147,17,NDUFA4
3.3214255268745106e-138,0.2605400603988337,0.994,0.986,1.0081855044274889e-133,17,RPL29
6.872293460266094e-134,0.38310946668811563,0.507,0.317,2.08601595692917e-129,17,BTG2
1.2583453959589023e-127,0.2562824892366291,0.562,0.362,3.8195816148936524e-123,17,SERBP1
1.1593071422372398e-121,0.27322671802398196,0.41,0.239,3.5189608995469175e-117,17,RTN4
6.461233338597777e-116,0.2528823997552061,0.85,0.722,1.9612427675979693e-111,17,RPL4
1.5556531910819682e-107,0.2545965842465892,0.323,0.177,4.722029696210206e-103,17,SLC5A3
0,2.258861279314095,0.95,0.104,0,18,C11orf96
0,2.1780688981238367,0.95,0.101,0,18,RND3
0,2.019619268560778,0.956,0.285,0,18,LUM
0,1.98672350997504,0.984,0.258,0,18,SOD2
0,1.9598945348587424,0.969,0.136,0,18,SNHG29
0,1.9507283923511238,0.918,0.101,0,18,APOE
0,1.858495141190938,0.907,0.136,0,18,MEG3
0,1.8127877173393006,0.983,0.6,0,18,RPL17
0,1.7759406886734261,0.594,0.078,0,18,CRYAB
0,1.6956807449918974,0.953,0.186,0,18,ATF3
0,1.657022603221818,0.714,0.037,0,18,MEG8
0,1.630046398745606,0.998,0.817,0,18,NEAT1
0,1.6166086197703617,0.977,0.418,0,18,EGR1
0,1.6014211072007205,0.836,0.133,0,18,PTGDS
0,1.5685132999171496,0.963,0.343,0,18,TXN
0,1.561367278159052,0.996,0.695,0,18,LGALS1
0,1.5611856944569846,0.79,0.058,0,18,MRPS24
0,1.5065021033006687,0.763,0.042,0,18,H19
0,1.505831874397873,0.991,0.654,0,18,FOSB
0,1.49136314145257,0.941,0.446,0,18,IER2
0,1.4787381801237844,0.735,0.102,0,18,TIMP3
0,1.4695772009195083,0.988,0.758,0,18,FOS
0,1.4616276144255815,0.979,0.546,0,18,NFKBIA
0,1.4395885044314534,0.934,0.186,0,18,EEF1G
0,1.4127638111270566,0.872,0.136,0,18,RBP1
0,1.405087442983779,0.67,0.088,0,18,GADD45G
0,1.3590668439707854,0.729,0.213,0,18,IER3
0,1.3574684400451826,0.892,0.213,0,18,NFKBIZ
0,1.341919289989533,0.805,0.086,0,18,GEM
0,1.322836595597233,0.984,0.721,0,18,JUN
0,1.308908758368054,0.995,0.804,0,18,S100A6
0,1.2827692499264023,0.897,0.108,0,18,NME2
0,1.2334242911306355,0.979,0.567,0,18,DUSP1
0,1.2223448731729079,0.836,0.147,0,18,RHOB
0,1.2056616800845121,0.989,0.76,0,18,RPL36A
0,1.200083522258275,0.608,0.039,0,18,ARC
0,1.1881243271378192,0.764,0.071,0,18,TGM2
0,1.1835431996382435,0.714,0.164,0,18,KCNQ1OT1
0,1.181263980840637,0.586,0.144,0,18,CXCL8
0,1.1629475081814347,0.951,0.487,0,18,PNRC1
0,1.1460346219089061,0.941,0.36,0,18,HSPB1
0,1.1305720561096957,0.861,0.129,0,18,GAS5
0,1.1273463442972926,0.908,0.3,0,18,COL3A1
0,1.1259689601077612,0.76,0.102,0,18,PCOLCE
0,1.123503076100935,0.666,0.082,0,18,IGFBP3
0,1.117761528817341,0.935,0.294,0,18,EIF4A1
0,1.105152135837943,0.721,0.054,0,18,RORB
0,1.0999287837993,0.854,0.206,0,18,SPARC
0,1.0723515313533996,0.779,0.112,0,18,MYL9
0,1.0717883164900899,0.914,0.293,0,18,MIF
0,1.0628372908689419,0.745,0.125,0,18,KLF4
0,1.0540611351098301,0.687,0.065,0,18,CCN1
0,1.0522559141354977,0.643,0.175,0,18,TAGLN
0,1.0397311814373285,0.788,0.101,0,18,BASP1
0,1.0342556137742505,0.987,0.774,0,18,JUNB
0,1.0310222368800361,0.915,0.445,0,18,ZFP36L1
0,1.0257996639322753,0.887,0.284,0,18,NR4A1
0,1.022391678391057,0.955,0.503,0,18,PPP1R15A
0,1.0219118105780638,0.743,0.219,0,18,WTAP
0,1.017489141997792,0.889,0.249,0,18,CALD1
0,1.0166836642130521,0.996,0.993,0,18,RPS8
0,1.015247059607897,0.68,0.1,0,18,EMP1
0,1.0129673497326601,0.791,0.099,0,18,RAMP1
0,1.0004416530211933,0.561,0.019,0,18,NPW
0,0.9732164640193655,0.999,0.989,0,18,RPL12
0,0.9597837038379482,0.79,0.146,0,18,TPM2
0,0.9478854525539192,0.792,0.108,0,18,SNHG5
0,0.9445985568688495,0.943,0.355,0,18,COL1A1
0,0.9405812360256026,0.911,0.455,0,18,COX6C
0,0.9385586502462306,0.598,0.056,0,18,PTN
0,0.9364637649710812,0.765,0.178,0,18,IGFBP7
0,0.9295134064351158,0.714,0.123,0,18,VCAN
0,0.9109969775999942,0.659,0.065,0,18,TRIB1
0,0.9092023700157961,0.618,0.074,0,18,TNFAIP2
0,0.9059815305005896,0.801,0.223,0,18,CEBPB
0,0.8761195441754073,0.478,0.043,0,18,DKK1
0,0.8629950737248784,0.998,0.997,0,18,RPS18
0,0.8618688093635792,0.818,0.299,0,18,TUBA1A
0,0.8589976696295858,0.795,0.187,0,18,SELENOM
0,0.8555179707496953,0.562,0.035,0,18,TMEM45A
0,0.8554954069058892,0.665,0.127,0,18,SPON2
0,0.852802504808705,0.719,0.116,0,18,S100A13
0,0.8371800660669302,0.997,0.986,0,18,RPL29
0,0.8347828384356667,0.616,0.046,0,18,HSPB6
0,0.8346890275448946,0.668,0.066,0,18,SNHG16
0,0.8330391664807708,0.983,0.821,0,18,MYL6
0,0.8228546355163701,0.667,0.099,0,18,MMP2
0,0.8226422437919632,0.706,0.134,0,18,PTMS
0,0.8210398049301325,0.647,0.194,0,18,EIF4A3
0,0.8177279636092505,0.797,0.164,0,18,CFD
0,0.8128913712020744,0.671,0.122,0,18,MDK
0,0.8086202240387178,0.899,0.423,0,18,PPIB
0,0.7987777537808615,0.727,0.201,0,18,CEBPD
0,0.7884115434985275,0.485,0.104,0,18,TWISTNB
0,0.7770702722441095,0.85,0.289,0,18,LGALS3
0,0.7687407888359106,0.605,0.114,0,18,CXCL2
0,0.750797618455719,0.755,0.133,0,18,FBLN1
0,0.7398173732088382,0.7,0.155,0,18,TCEAL4
0,0.7335368314374211,0.618,0.085,0,18,ATP6V0C
0,0.7288937835257884,0.741,0.137,0,18,C1R
0,0.7267602483093591,0.765,0.156,0,18,COL6A2
0,0.7228016314978946,0.611,0.107,0,18,NUPR1
0,0.7190121933206668,0.588,0.089,0,18,LINC-PINT
0,0.7176145643314625,0.49,0.085,0,18,ID1
0,0.7106091390602677,0.577,0.112,0,18,SOX4
0,0.7091416065028618,0.535,0.06,0,18,CPXM1
0,0.6949781936293621,0.536,0.059,0,18,PPP1R14A
0,0.6945734504374308,0.691,0.127,0,18,SERPING1
0,0.6933481780045838,0.876,0.34,0,18,IFITM3
0,0.6919903606275155,0.999,0.912,0,18,VIM
0,0.6839800427572365,0.532,0.062,0,18,NID1
0,0.6801131148639838,0.558,0.124,0,18,MYC
0,0.6699208701800539,0.675,0.154,0,18,IGFBP4
0,0.6623329810487443,0.546,0.07,0,18,C20orf27
0,0.6605750924584366,0.607,0.118,0,18,SERPINH1
0,0.6591434689005626,0.973,0.807,0,18,ZFP36
0,0.649725980167333,0.506,0.063,0,18,OSR2
0,0.6493184395985907,0.577,0.123,0,18,TPM1
0,0.6486589334806713,0.606,0.231,0,18,PLIN2
0,0.640545637579946,0.461,0.022,0,18,TUBB3
0,0.6283704008530386,0.981,0.901,0,18,RPLP0
0,0.6258799625222293,0.643,0.145,0,18,GABARAP
0,0.6180486829680898,0.526,0.143,0,18,RBBP6
0,0.6171877627237805,0.988,0.97,0,18,RPL10A
0,0.6165214934959334,0.658,0.139,0,18,RNASEK
0,0.6165144272638,0.509,0.068,0,18,CRISPLD2
0,0.6139714914465699,0.996,0.988,0,18,RPL37A
0,0.6109230576290947,0.687,0.249,0,18,ZFAND5
0,0.6100871851802032,0.984,0.959,0,18,RPS5
0,0.6095964784966617,0.496,0.07,0,18,MIR222HG
0,0.6053243834839755,0.515,0.085,0,18,SERPINE1
0,0.6009590914450653,0.939,0.498,0,18,DCN
0,0.5981511334176068,0.959,0.719,0,18,RPL4
0,0.5979680837967989,0.502,0.08,0,18,ADAMTS1
0,0.5960148306620191,0.617,0.11,0,18,SNHG6
0,0.5940642759731833,0.588,0.176,0,18,SOCS3
0,0.5913032160006617,0.93,0.553,0,18,SAT1
0,0.59125473092843694,0.455,0.022,0,18,TMEM37
0,0.5910920577903676,0.455,0.049,0,18,GPRC5A
0,0.5909303756945679,0.32,0.013,0,18,BDKRB1
0,0.5883375608772331,0.458,0.049,0,18,ID4
0,0.5873585180527356,0.543,0.157,0,18,GADD45A
0,0.5865032761736781,0.988,0.935,0,18,RPL7
0,0.5864301991105219,0.664,0.234,0,18,RTN4
0,0.5837848565213419,0.453,0.034,0,18,PRLR
0,0.5786675222116757,0.515,0.066,0,18,MICOS10
0,0.5785270599481085,0.37,0.077,0,18,APOD
0,0.5780175012665587,0.455,0.045,0,18,APOC1
0,0.5709317399850387,0.489,0.076,0,18,MFGE8
0,0.5591381496113904,0.476,0.062,0,18,MXRA8
0,0.5580837247267035,0.441,0.038,0,18,ITGB8
0,0.5562252628375937,0.693,0.235,0,18,SPARCL1
0,0.5560504866931663,0.827,0.379,0,18,YBX1
0,0.5550575244375652,0.396,0.036,0,18,HOMER1
0,0.5549857675165963,0.482,0.063,0,18,COL4A2
0,0.5528507694737385,0.78,0.287,0,18,LAPTM4A
0,0.5490179436176043,0.456,0.07,0,18,PLPP1
0,0.5425006652291524,0.596,0.187,0,18,SERTAD1
0,0.5421777063519316,0.466,0.155,0,18,CD83
0,0.5411188898122611,0.485,0.073,0,18,IGFBP2
0,0.5406013217580478,0.44,0.034,0,18,TRAPPC5
0,0.53802547362841,0.415,0.043,0,18,AHCY
0,0.5340425302040539,0.653,0.244,0,18,XBP1
0,0.5331898779185149,1,0.988,0,18,MT-CO2
0,0.5207857466285059,0.876,0.372,0,18,RPS17
0,0.5185357320763,0.42,0.04,0,18,HAND2
0,0.5179229855491041,0.378,0.028,0,18,BTBD3
0,0.5167053724655054,0.433,0.092,0,18,CAV1
0,0.515684174812733,0.388,0.037,0,18,SLC25A44
0,0.5121045654335551,0.507,0.109,0,18,ZYX
0,0.5104732614427663,0.636,0.141,0,18,COL6A1
0,0.5104203733662951,0.612,0.198,0,18,BSG
0,0.5084349853528073,0.43,0.064,0,18,GJA1
0,0.5071718656094069,0.996,0.984,0,18,RPL36
0,0.506427695850344,0.999,0.991,0,18,RPL37
0,0.5018151966274005,0.317,0.046,0,18,TCEAL7
0,0.5017820065803202,0.581,0.124,0,18,C1S
0,0.5005580254870826,0.499,0.144,0,18,BAG3
0,0.4991978574432515,0.661,0.242,0,18,TPM4
0,0.499180819946178,0.999,0.987,0,18,MT-ND4
0,0.494723417654959,0.548,0.143,0,18,YBX3
0,0.4941753832251,0.478,0.103,0,18,ZEB1
0,0.4937083832668021,0.427,0.124,0,18,CKS2
0,0.4930216587418945,0.609,0.142,0,18,SELENOP
0,0.490498130971425,0.61,0.14,0,18,SERPINF1
0,0.4902682413138843,0.415,0.137,0,18,ID3
0,0.48885890335488236,0.352,0.059,0,18,RASD1
0,0.48878456232359957,0.333,0.027,0,18,CCN2
0,0.48806482119048955,0.469,0.118,0,18,IRS2
0,0.4856456527821781,0.44,0.077,0,18,PDLIM1
0,0.48350793000481795,0.982,0.945,0,18,RACK1
0,0.48286591252807187,0.39,0.035,0,18,ADAMTS9
0,0.4802561493743801,0.481,0.089,0,18,NR2F2
0,0.4799378093734084,0.56,0.218,0,18,UBE2S
0,0.47834753564412835,0.383,0.064,0,18,FBXO32
0,0.476608350705495,0.999,0.995,0,18,RPL39
0,0.47597787986583917,0.984,0.919,0,18,ACTG1
0,0.47419095980200643,0.687,0.312,0,18,SEC61G
0,0.4707963768049239,0.509,0.111,0,18,IGF1
0,0.47070042306936977,0.826,0.478,0,18,EIF3E
0,0.4653402392056301,0.402,0.041,0,18,SEPTIN11
0,0.4621613921752965,0.431,0.061,0,18,SNHG32
0,0.4620338400865631,0.353,0.047,0,18,SLC2A1
0,0.4614670201406314,0.354,0.032,0,18,CREB5
0,0.45783497663544953,0.366,0.056,0,18,DAXX
0,0.45474226832763287,0.361,0.035,0,18,EMX2
0,0.45432745047035505,0.497,0.163,0,18,ARIH1
0,0.4537296563121837,0.37,0.03,0,18,AOPEP
0,0.45132504768728454,0.412,0.113,0,18,NCOA7
0,0.44894883222362897,0.286,0.032,0,18,ADAMTS5
0,0.44878719317499227,0.411,0.069,0,18,PRSS23
0,0.44852615911905774,0.47,0.123,0,18,MARCKSL1
0,0.44809230139395556,0.607,0.25,0,18,ARF4
0,0.4461817785800526,0.389,0.083,0,18,EGR3
0,0.444971949478554,0.656,0.298,0,18,TUBB4B
0,0.43867681848059614,0.743,0.372,0,18,MZT2B
0,0.4373898616706579,0.42,0.083,0,18,DST
0,0.43598021619726457,0.726,0.366,0,18,ELOB
0,0.4348598513907891,0.395,0.061,0,18,CLIC4
0,0.4345151289930252,0.373,0.046,0,18,TBX3
0,0.43052183292188934,0.302,0.012,0,18,LINC00346
0,0.4302844654644649,0.429,0.102,0,18,CHCHD10
0,0.4283332546716787,0.995,0.983,0,18,RPS7
0,0.42786478500459296,0.352,0.032,0,18,TWIST2
0,0.42779727778821564,0.348,0.033,0,18,INAFM1
0,0.42600718770637674,0.35,0.06,0,18,PLAT
0,0.4258744117188867,0.368,0.055,0,18,COL4A1
0,0.42477439090100866,1,0.999,0,18,EEF1A1
0,0.42415253171609274,0.349,0.041,0,18,VASN
0,0.42327953972873456,0.366,0.057,0,18,RCN1
0,0.42204242313302043,0.989,0.984,0,18,RPL7A
0,0.4219437537674738,0.371,0.07,0,18,ISLR
0,0.4212939707329925,0.465,0.161,0,18,MAFF
0,0.41963658401613335,0.483,0.184,0,18,RAB7A
0,0.41917545086067404,0.319,0.014,0,18,LINC00641
0,0.4189954647659833,0.281,0.019,0,18,BMP2
0,0.4183526422140928,0.336,0.032,0,18,SEMA5A
0,0.4177960490066197,0.996,0.993,0,18,RPL18A
0,0.41743647074695656,0.322,0.039,0,18,APCDD1
0,0.4167910296241714,0.321,0.032,0,18,IL15
0,0.4164865083866355,0.337,0.046,0,18,CD248
0,0.41538995495969194,0.339,0.03,0,18,ALDH1A2
0,0.4141446405240002,0.607,0.254,0,18,YWHAE
0,0.41345286096672257,0.553,0.221,0,18,CSRNP1
0,0.4120806577715984,0.399,0.071,0,18,PBX1
0,0.4119713188976621,0.365,0.049,0,18,TRIOBP
0,0.41184705545087086,0.999,0.995,0,18,RPS24
0,0.41181969323389195,0.539,0.2,0,18,MORF4L2
0,0.4112412875423461,0.541,0.192,0,18,ATP5F1D
0,0.41017434868727287,0.396,0.073,0,18,PALLD
0,0.4092777868575743,0.417,0.082,0,18,PDGFRA
0,0.4073153853495603,0.546,0.215,0,18,OSTC
0,0.40314561241336705,0.336,0.036,0,18,MEIS1
0,0.4008185102862707,0.466,0.124,0,18,MARCKS
0,0.3999106266999077,0.346,0.033,0,18,MICOS13
0,0.3987404163671935,0.359,0.059,0,18,MIR99AHG
0,0.39838948853931233,0.386,0.058,0,18,TOMM6
0,0.3960352626763625,0.318,0.024,0,18,SLC2A8
0,0.3944677430639957,0.41,0.105,0,18,TUBA1C
0,0.39362877227908655,0.281,0.021,0,18,TWIST1
0,0.3935910343821561,0.401,0.142,0,18,EIF4E
0,0.39164487232928225,0.377,0.066,0,18,RAB13
0,0.3872699874503168,0.383,0.095,0,18,CALU
0,0.3855888873912252,0.994,0.984,0,18,RPL8
0,0.383088091962706,0.364,0.079,0,18,MAPK6
0,0.38293538897253354,0.327,0.035,0,18,MME
0,0.3823615420962495,0.409,0.096,0,18,TCEAL9
0,0.3821263303807959,0.41,0.096,0,18,COL6A3
0,0.38179387944444054,0.329,0.05,0,18,S100A16
0,0.3802522526804285,0.32,0.04,0,18,MITF
0,0.3801644913429286,0.622,0.29,0,18,RPL22L1
0,0.37932140318999724,0.341,0.064,0,18,CKB
0,0.37930295777190304,0.307,0.052,0,18,F3
0,0.3788361507544196,0.327,0.033,0,18,GNG10
0,0.377259112952123,0.354,0.066,0,18,POLD4
0,0.37670943178344385,0.271,0.029,0,18,CNN1
0,0.37544322983677164,0.351,0.049,0,18,PGR
0,0.3754196072258734,0.351,0.049,0,18,SEPTIN2
0,0.3751354850820085,0.474,0.188,0,18,PDIA6
0,0.3742654862383744,0.36,0.071,0,18,JAZF1
0,0.3718165353410682,0.291,0.035,0,18,COL15A1
0,0.3717912141633989,0.312,0.051,0,18,SEMA4A
0,0.37005484832976576,0.29,0.052,0,18,MGST1
0,0.3696435562456779,0.996,0.993,0,18,RPL26
0,0.36880094325936597,0.65,0.274,0,18,ANXA5
0,0.36822492931027373,0.998,0.996,0,18,RPL32
0,0.36589301927582635,0.301,0.033,0,18,HAND2-AS1
0,0.3654307696726963,0.372,0.097,0,18,ETS2
0,0.36086964901488583,0.317,0.082,0,18,ZBTB21
0,0.3603071734540977,0.378,0.088,0,18,CUX1
0,0.35989335489533614,0.331,0.073,0,18,WEE1
0,0.3598206647304466,0.659,0.311,0,18,ANXA2
0,0.35867820207639645,0.293,0.033,0,18,HOXA10
0,0.35794511945657936,0.394,0.126,0,18,AC016831.1
0,0.3572806831188552,0.508,0.194,0,18,RAC1
0,0.3564582736110794,0.316,0.047,0,18,SYNPO2
0,0.3547937164199475,0.585,0.265,0,18,NDUFA13
0,0.3501532771146817,0.301,0.032,0,18,PSD3
0,0.34869350597962656,0.318,0.048,0,18,FBLN2
0,0.3460073200781055,0.53,0.209,0,18,TUBB
0,0.34414592303292546,0.788,0.395,0,18,GSTP1
0,0.3435450275144038,0.32,0.075,0,18,SPTSSA
0,0.34342402745380596,0.343,0.07,0,18,VCL
0,0.3424236066748626,0.274,0.065,0,18,AKAP12
0,0.3411870152929009,0.464,0.189,0,18,P4HB
0,0.3398580519393021,0.271,0.028,0,18,PDPN
0,0.3385182084415901,0.523,0.16,0,18,CTSB
0,0.33742316225394664,0.59,0.251,0,18,DSTN
0,0.3369458274537771,0.295,0.047,0,18,PRPS2
0,0.33561522543963596,0.296,0.037,0,18,TEAD1
0,0.33277065257938027,0.272,0.025,0,18,MAOB
0,0.33105344455849045,0.319,0.054,0,18,FBLN5
0,0.327411450749483,0.278,0.032,0,18,SNHG3
0,0.32689965561441947,0.269,0.03,0,18,SLC8A1
0,0.3254798101863687,0.291,0.042,0,18,NECTIN2
0,0.3244431494186461,0.259,0.026,0,18,DYRK3
0,0.3227850756176093,0.285,0.044,0,18,CD24
0,0.3205548572069688,0.351,0.081,0,18,FSTL1
0,0.3201531374428452,0.297,0.055,0,18,SNX10
0,0.31923914582535795,0.338,0.098,0,18,TMEM165
0,0.3178407524181517,0.863,0.334,0,18,CST3
0,0.3175739806098914,0.269,0.036,0,18,GFPT2
0,0.3172505953823752,0.28,0.041,0,18,PLEKHH2
0,0.316882182588471,0.393,0.121,0,18,REV3L
0,0.3155059847873912,0.284,0.039,0,18,ESR1
0,0.31516177648869653,0.413,0.104,0,18,SEPTIN7
0,0.31463276680686314,0.271,0.033,0,18,TPST1
0,0.3144411807155251,0.272,0.056,0,18,NFATC1
0,0.3142365747812227,0.3,0.046,0,18,TLE5
0,0.3115091010213598,0.257,0.026,0,18,EDNRA
0,0.3093215248402467,0.327,0.084,0,18,CD151
0,0.3091423976832347,0.365,0.128,0,18,KLF9
0,0.3072649435705178,0.294,0.059,0,18,NR2F1
0,0.30563005735490023,0.29,0.053,0,18,COL5A2
0,0.30534176108359246,0.297,0.058,0,18,COL5A1
0,0.30357418682127374,0.266,0.051,0,18,CYP1B1
0,0.3029832615427648,0.279,0.047,0,18,SH3PXD2A
0,0.3011891404446017,0.269,0.038,0,18,PDLIM4
0,0.2984875488872002,0.303,0.077,0,18,AHCYL1
0,0.2979851727349079,0.347,0.092,0,18,BEX3
0,0.2979507666954067,0.296,0.056,0,18,PRRX1
0,0.2976768921786176,0.256,0.03,0,18,AASS
0,0.297383487306655,0.339,0.103,0,18,ATP13A3
0,0.297074106685536,0.258,0.031,0,18,PTK7
0,0.29638215865702777,0.288,0.06,0,18,PLEKHA5
0,0.29452272457018797,0.325,0.08,0,18,LTBP4
0,0.2944496749961486,0.294,0.061,0,18,OLFML3
0,0.2915987745699512,0.297,0.068,0,18,ALDH1A1
0,0.28964463176701194,0.325,0.085,0,18,PMP22
0,0.28860004278937207,0.255,0.033,0,18,SMTN
0,0.28793061415407484,0.285,0.062,0,18,RAB31
0,0.2869444975274235,0.268,0.055,0,18,MLF1
0,0.2863564134957586,0.293,0.07,0,18,TCF12
0,0.2839751046407274,0.269,0.05,0,18,TCF7L2
0,0.28353683925765916,0.284,0.066,0,18,TCEAL3
0,0.28317933563806097,0.304,0.075,0,18,CNN3
0,0.2827571167522397,0.263,0.051,0,18,CDH11
0,0.28155341186589466,0.254,0.042,0,18,TGFB1I1
0,0.27892442688998875,0.289,0.066,0,18,THY1
0,0.27867545936679383,0.257,0.052,0,18,RRAS
0,0.2777996590002063,0.26,0.045,0,18,GCSH
0,0.27621831933324975,0.26,0.037,0,18,RBIS
0,0.27599500276721284,0.276,0.068,0,18,ZSWIM6
0,0.27154549765034863,0.251,0.044,0,18,AXL
0,0.27108419103116943,0.335,0.11,0,18,ATOX1
0,0.26964512655431794,0.309,0.095,0,18,IMPDH2
0,0.2634518272659163,0.337,0.099,0,18,TCF4
0,0.26266252707248583,0.257,0.043,0,18,CIAO2B
0,0.26131775558314174,0.256,0.053,0,18,NME4
0,0.25958423610631387,0.252,0.045,0,18,LINC01578
0,0.256578514921627,0.253,0.058,0,18,SLC39A6
0,0.2554337404706841,0.275,0.08,0,18,ADAM17
0,0.25380772609702773,0.275,0.068,0,18,C18orf32
0,0.25026187937661704,0.258,0.066,0,18,SULF2
1.1865603577202903e-301,0.33942052325314276,0.598,0.278,3.6016853098241694e-297,18,SEC11A
3.059260680571642e-300,0.49354332969285886,0.908,0.634,9.286079869807161e-296,18,KLF6
3.5201462594601294e-299,0.26562734445714253,0.326,0.11,1.0685051955965276e-294,18,ADH5
1.0184857716845828e-298,0.25065698295283667,0.25,0.071,3.091511711371383e-294,18,ABL2
1.625323761417855e-294,0.4879345096765808,0.645,0.341,4.933507745407757e-290,18,MAP1LC3B
2.0983894401564074e-288,0.3715888176852533,0.936,0.71,6.369451306650759e-284,18,RPS26
3.2030862196531583e-286,0.3073588231012399,0.401,0.156,9.722647911135197e-282,18,SPAG9
2.2450522920367585e-284,0.2943834683799973,0.997,0.95,6.814631727248377e-280,18,ACTB
3.5870900197664876e-281,0.2583826400385593,0.413,0.159,1.0888253045999196e-276,18,MAF
6.626222834567641e-278,0.33745086775909483,0.999,0.995,2.011323679204662e-273,18,RPL34
3.911566364464553e-275,0.26633585253403547,0.318,0.11,1.1873168542695704e-270,18,H1FX
9.228194567263723e-273,0.28781777238923323,0.402,0.16,2.8011261789472305e-268,18,KRT10
2.2880227303566844e-270,0.38542564285873127,1,0.989,6.94506419572468e-266,18,MT-ATP6
2.5363127414083443e-269,0.3462977319085876,0.704,0.368,7.698723695270888e-265,18,HSP90B1
1.0699209819583954e-266,0.2926964755125847,0.641,0.309,3.2476381486365136e-262,18,CD81
1.3582418953497865e-266,0.3167454825354569,0.395,0.159,4.122807449144742e-262,18,PIM1
2.727108790229368e-265,0.29711561783527735,0.395,0.158,8.277866021862224e-261,18,BTG3
1.4550535619526959e-257,0.3659013999330102,0.29,0.099,4.416669581951213e-253,18,IGFBP6
3.3374771825657845e-253,0.27119989567268965,0.278,0.095,1.0130578239960183e-248,18,ABHD5
9.568698192745463e-250,0.3322233161435366,0.481,0.217,2.9044826494259576e-245,18,PRDM1
2.0396725626287309e-249,0.3295655495801433,0.996,0.995,6.19122209660325e-245,18,RPS4X
5.188864418998681e-249,0.25035008703293776,0.333,0.125,1.5750279057428598e-244,18,ESD
1.7249296229405842e-248,0.33950020902271594,0.267,0.09,5.2358513774738494e-244,18,ACTA2
1.0204176807563827e-246,0.3958171539623454,0.906,0.585,3.097375828167924e-242,18,MCL1
2.2871178456452805e-243,0.309713299067199,0.786,0.462,6.942317508671684e-239,18,SSR4
7.671401735964377e-243,0.35316118719686607,0.995,0.981,2.3285772829346268e-238,18,RPS2
7.529448186469385e-242,0.3090312429660651,1,0.991,2.285488702520917e-237,18,RPL13
7.298122440556075e-241,0.2743745854880702,0.373,0.151,2.2152720856063907e-236,18,TSC22D2
3.2166712296691973e-239,0.25445194291139406,0.338,0.131,9.763883850537881e-235,18,HNRNPAB
1.074938025781841e-234,0.3062102704321886,0.57,0.287,3.2628668834582e-230,18,TMEM258
4.531873574253419e-231,0.28612085713500235,0.339,0.134,1.3756049047288828e-226,18,ZBTB38
2.6453437687699475e-225,0.30948862910109254,0.993,0.973,8.029676475724299e-221,18,RPL6
1.4671028273316042e-224,0.2675210945290392,0.464,0.213,4.4532439220823515e-220,18,KRTCAP2
1.883141943688387e-213,0.3510114255124406,0.889,0.659,5.71608905587173e-209,18,EEF2
3.658428299887949e-213,0.28848474781536715,0.546,0.267,1.110479326147988e-208,18,ARID5B
1.2983781543310074e-212,0.2986696155163029,0.879,0.583,3.94109704965634e-208,18,DNAJA1
6.88806484812469e-212,0.33349118368277453,0.848,0.548,2.0908032039997684e-207,18,SKP1
3.1909503278035365e-211,0.3370449011292289,0.844,0.548,9.685810625014854e-207,18,CD63
3.692679744085136e-207,0.30063595809882304,0.598,0.317,1.120876009519602e-202,18,SQSTM1
3.7910669762459525e-207,0.28070502274632647,0.416,0.19,1.1507404699696963e-202,18,YME1L1
7.762452315574128e-207,0.31581840203867784,0.596,0.316,2.356214775869371e-202,18,BTG2
9.882117640831539e-206,0.3098946191627612,0.479,0.237,2.9996179886980052e-201,18,EIF1B
1.990899786906551e-204,0.2530276185557394,0.427,0.193,6.043177213176145e-200,18,AC020916.1
6.978688506697504e-204,0.2525040621067441,0.354,0.15,2.11831110932296e-199,18,PPP1R15B
3.229045150788294e-199,0.27647779609839684,0.994,0.993,9.801443650702787e-195,18,RPS3A
2.3229719452287707e-197,0.26453488126608715,0.434,0.205,7.051149042547411e-193,18,FKBP1A
9.385858026995911e-192,0.29157291997985746,0.698,0.398,2.8489833455143387e-187,18,HSPA5
5.256614593784045e-191,0.32192561175617707,0.712,0.422,1.595592793797209e-186,18,CCNL1
1.601789031451609e-187,0.25663620683447796,0.386,0.176,4.862070426068214e-183,18,SLC5A3
2.793373493446754e-182,0.2909807928053141,0.978,0.964,8.479005902008277e-178,18,RPL5
3.737631293783653e-178,0.2531614022697446,0.304,0.127,1.13452060291509e-173,18,FABP5
1.0314359928953266e-177,0.2601763692134147,0.419,0.204,3.130820812834474e-173,18,MRPS6
6.017756835601815e-176,0.27617940179924827,0.606,0.343,1.8266299098785748e-171,18,EIF1AX
9.045125312566677e-173,0.2560240954254134,0.995,0.99,2.745557337376489e-168,18,RPL18
4.8395780340565265e-172,0.25221416303110944,0.995,0.99,1.4690055164575181e-167,18,RPS6
3.6970089390734705e-169,0.28025170581684744,1,0.988,1.1221900933663613e-164,18,MT-CO3
6.948970183759398e-166,0.25569740090023785,0.654,0.379,2.1092904095783276e-161,18,CALR
2.750526758936211e-163,0.26131789386545723,0.649,0.381,8.348948924074975e-159,18,GPX4
1.8785820350648097e-155,0.25098356550996026,0.489,0.261,5.702247909235723e-151,18,GABARAPL1
0,1.9447459990961853,0.877,0.385,0,19,RGS1
0,1.4609219016207713,0.978,0.725,0,19,BTG1
0,1.4526923683983533,0.838,0.374,0,19,RPS17
0,1.347185638513976,0.981,0.589,0,19,CXCR4
0,1.2372518740883178,0.954,0.623,0,19,TSC22D3
0,1.2041084062170753,0.821,0.55,0,19,PFN1
0,1.1622511907783646,0.928,0.662,0,19,ZFP36L2
0,1.1091229396898448,0.967,0.802,0,19,RPL31
0,1.0792927861515889,1,0.995,0,19,B2M
0,1.0511278260537003,0.981,0.707,0,19,SRGN
0,1.031825167823118,0.991,0.884,0,19,HLA-A
0,0.9541294936825002,0.689,0.279,0,19,RGCC
0,0.935686770919938,0.667,0.208,0,19,AC016831.5
0,0.9270599205342176,0.991,0.95,0,19,ACTB
0,0.8733305800320377,1,0.988,0,19,RPL13A
0,0.8697056277388571,0.86,0.518,0,19,SARAF
0,0.8427461810221724,0.796,0.464,0,19,CD52
0,0.8224955459522736,1,0.995,0,19,TMSB4X
0,0.8191801071211895,0.988,0.883,0,19,HLA-B
0,0.8184517097860396,0.68,0.275,0,19,TRAC
0,0.7833607324513095,0.749,0.376,0,19,LEPROTL1
0,0.7728151983892277,0.971,0.817,0,19,HLA-C
0,0.770299012189506,0.749,0.336,0,19,CD3D
0,0.7515738956288565,1,0.989,0,19,RPLP2
0,0.7500803566657704,0.677,0.353,0,19,PPDPF
0,0.7428666122013985,0.689,0.351,0,19,CRIP1
0,0.7407899261618152,0.632,0.291,0,19,CD7
0,0.7376803698324949,0.472,0.189,0,19,DUSP4
0,0.7289583350934545,0.789,0.445,0,19,CREM
0,0.7220045010465452,0.624,0.304,0,19,TRBC2
0,0.7079848952769828,0.308,0.086,0,19,BATF
0,0.6876033830032291,0.443,0.147,0,19,GPR171
0,0.683081127847549,0.991,0.935,0,19,RPL7
0,0.6647769498748479,0.65,0.321,0,19,ISG20
0,0.6434846160003529,0.675,0.313,0,19,CD3E
0,0.6303992983590567,0.999,0.988,0,19,RPL21
0,0.6092424421081792,0.58,0.245,0,19,STK17A
0,0.5925297062910224,0.685,0.327,0,19,CD2
0,0.5769483231900882,0.645,0.338,0,19,FXYD5
0,0.576492599933098,0.678,0.366,0,19,CYTIP
0,0.5284554597416571,0.376,0.118,0,19,TRAT1
0,0.5191703857619476,0.487,0.213,0,19,GNG2
0,0.4574867768336549,0.455,0.181,0,19,ARID5A
0,0.3989106013011487,0.448,0.183,0,19,SELENOT
0,0.34802743308498973,0.306,0.09,0,19,CD6
3.508455586028672e-302,0.5510018103154881,0.624,0.321,1.0649566085831432e-297,19,PPP1R2
1.0826445075154827e-301,0.5432449054136309,0.654,0.336,3.2862591381124965e-297,19,FAM177A1
7.215087416588461e-296,0.6252929334761739,0.742,0.471,2.1900676344312614e-291,19,ARHGDIB
1.237387676949641e-290,0.5206959328718958,0.499,0.224,3.7559665546129404e-286,19,ITM2A
3.783191995056245e-290,0.502830315701846,0.535,0.259,1.1483500981793725e-285,19,LSP1
1.1093227917558129e-288,0.4849990399581181,0.578,0.29,3.3672384020955946e-284,19,CDC42SE2
4.709094180639101e-287,0.5931723648963716,0.601,0.3,1.4293984475911928e-282,19,DUSP2
1.1915277130260762e-283,0.5539295976376631,0.687,0.385,3.616763220119352e-279,19,YPEL5
3.0393014700171876e-283,0.4777029014706882,0.349,0.128,9.225495682090171e-279,19,LINC01871
3.1078215304257886e-278,0.4626650892604671,0.622,0.31,9.433481473454438e-274,19,GPR183
6.957096818577987e-274,0.40896952010249554,0.43,0.181,2.111757168311162e-269,19,IFITM1
1.5706214699102107e-273,0.43277681461095713,0.429,0.179,4.767464409765453e-269,19,SLC7A5
2.982288142391133e-271,0.5738400058809361,0.787,0.554,9.052437427414045e-267,19,CALM2
3.502909153351069e-268,0.5619599338134227,0.888,0.721,1.0632730444081835e-263,19,RPL4
8.324809153612304e-266,0.3164390759002942,0.254,0.079,2.526912570487479e-261,19,GYG1
8.623006753720079e-265,0.5176143206123784,1,0.982,2.6174274700241927e-260,19,RPS29
8.005183754042103e-263,0.42853702905914925,0.481,0.218,2.4298934767019398e-258,19,SPOCK2
5.009119142481773e-262,0.45302321589481576,0.996,0.979,1.5204680245089174e-257,19,RPL27A
1.663203959383651e-261,0.35611258233139137,0.396,0.161,5.048489298313134e-257,19,LCK
4.11632960663505e-260,0.32322219742038294,0.303,0.106,1.249470688798003e-255,19,SLBP
1.2099112669984969e-257,0.42511173162664023,0.511,0.244,3.6725646598472375e-253,19,IL2RG
1.479585931655041e-255,0.41857864920689797,0.493,0.237,4.491135136945711e-251,19,HNRNPA0
4.47912811881767e-255,0.5174647950190807,0.878,0.717,1.3595945491859156e-250,19,HNRNPA1
5.716396127772158e-255,0.6284760985122071,0.817,0.587,1.7351548806239606e-250,19,MCL1
8.288683307556168e-252,0.5307734311141385,0.685,0.409,2.5159469311755994e-247,19,SRSF2
9.882232641315454e-251,0.3878432832434061,0.42,0.181,2.999652895944893e-246,19,SERPINB9
1.7651610755462644e-249,0.48301953964677313,1,0.99,5.3579699287131305e-245,19,RPS6
1.6511426608207276e-245,0.49020896570150185,0.937,0.761,5.011878432655236e-241,19,RPL36A
1.4064378497321757e-243,0.4192480424534051,0.375,0.152,4.269101449077046e-239,19,LDLRAD4
1.646994001150996e-243,0.38299456568515267,0.375,0.155,4.999285591093733e-239,19,TGIF1
5.42175867439898e-243,0.3676833585310661,0.425,0.189,1.6457206280270663e-238,19,GPSM3
9.90456676457931e-237,0.32096200700617095,0.287,0.103,3.0064321957204034e-232,19,LINC00513
1.7480193488836617e-236,0.4034503944507279,0.492,0.242,5.305937931601467e-232,19,ARF6
1.810967461507979e-236,0.4661756804105064,1,0.997,5.4970106326613195e-232,19,RPS27
3.1810957967983143e-234,0.5142730889018914,0.625,0.359,9.655898181601603e-230,19,CORO1A
5.318526448264862e-233,0.6962370717192925,0.896,0.76,1.6143855181063163e-228,19,GAPDH
1.6659759849915577e-231,0.4740072852824383,0.694,0.442,5.056903504843374e-227,19,UBE2D3
1.9965752406739438e-228,0.29349398647329283,0.299,0.11,6.060404485541689e-224,19,SH2D2A
1.5610108537783374e-222,0.520411070261224,0.643,0.395,4.738292345558765e-218,19,TAGLN2
6.487128901840171e-220,0.29036741687948847,0.284,0.104,1.9691031068645656e-215,19,C12orf75
2.3971225147337978e-219,0.29358357665734025,0.327,0.13,7.27622568122297e-215,19,CMPK1
3.490877231641657e-219,0.5186721266270031,1,0.995,1.0596208748925085e-214,19,RPL34
5.299164664002403e-219,0.5923595866557989,0.495,0.248,1.6085084421112895e-214,19,LTB
1.3688740263516144e-215,0.42562167419640495,0.6,0.332,4.15508021958769e-211,19,PPP2R5C
2.988669498535401e-213,0.5836857532063142,0.832,0.692,9.071807395854356e-209,19,CFL1
1.9166345984289417e-212,0.3073252799326695,0.27,0.099,5.8177526600712094e-208,19,MTHFD2
2.2448658828219054e-212,0.5025214491018342,0.488,0.252,6.814065900717612e-208,19,AC058791.1
5.71193355475144e-212,0.4099733246247742,0.569,0.306,1.7338003112092523e-207,19,FYN
6.848220937904012e-212,0.4555300331083658,0.517,0.274,2.078708983491384e-207,19,COTL1
3.1717273378556052e-211,0.3054112935052774,0.309,0.122,9.627461161326904e-207,19,PTP4A1
4.650277891628199e-211,0.39786718593842507,0.603,0.328,1.4115453512248233e-206,19,CNOT6L
2.7281088990892895e-208,0.3508479373351885,0.716,0.382,8.28090175229563e-204,19,IL7R
1.7550437820199923e-206,0.43944794796291187,0.969,0.899,5.327259895943485e-202,19,RPS20
1.6789301980821443e-205,0.36076390779669487,0.403,0.185,5.0962247232585405e-201,19,STAT4
2.3209660327678748e-197,0.4360532648327582,0.922,0.813,7.045060295863608e-193,19,EEF1D
2.354460430254588e-197,0.38037069533679935,0.417,0.202,7.146729189994776e-193,19,PLP2
1.5908453419284941e-193,0.28363230152893015,0.334,0.142,4.828851950889751e-189,19,OCIAD2
1.1380246925677844e-190,0.4135441949279447,0.604,0.344,3.4543601518202528e-186,19,SAMSN1
1.6640953232354138e-190,0.41841012290967106,0.999,0.988,5.051194944148775e-186,19,PTMA
2.1419430141227896e-190,0.278116248674368,0.297,0.12,6.501653825068316e-186,19,LAT
3.166406938206147e-186,0.3892238016742806,0.534,0.295,9.611311620230939e-182,19,CCNH
4.984568685833439e-184,0.31654010068849503,0.394,0.19,1.5130159788978822e-179,19,RAP1A
2.7052368567167234e-179,0.3475461154083924,0.425,0.213,8.211475954877943e-175,19,TERF2IP
3.103860192501769e-179,0.3154024491438712,0.383,0.182,9.421457228319869e-175,19,RHOG
3.985103816207768e-179,0.3099532625903855,0.418,0.203,1.209638412371706e-174,19,RHOH
2.6631370043124116e-177,0.4342870140954507,0.598,0.364,8.083686062889894e-173,19,CYCS
8.733281758708531e-176,0.5180400020973144,0.936,0.808,2.6509003450383877e-171,19,ZFP36
2.638786755647346e-175,0.45065401919647996,0.488,0.268,8.009773318091955e-171,19,RORA
6.634596750790972e-175,0.4940236766331835,0.486,0.267,2.0138654977350914e-170,19,HMGB2
4.1114519445472e-173,0.47473813931134856,0.619,0.393,1.2479901232478571e-168,19,PPP1CB
5.885531558933532e-173,0.312470474119174,0.311,0.134,1.7864942493986843e-168,19,SC5D
5.483486549747863e-171,0.5733917176205672,0.773,0.616,1.6644575073104662e-166,19,SH3BGRL3
9.007485223306274e-169,0.34963581166375546,1,0.994,2.7341320646823867e-164,19,RPS15A
7.738647561552297e-168,0.42601346951277586,0.658,0.427,2.348989080833584e-163,19,LDHA
7.319145885101327e-167,0.28598184921176883,0.274,0.112,2.2216535419636568e-162,19,SH2D1A
1.0004421288874694e-166,0.2920006850150099,0.396,0.195,3.0367420380250247e-162,19,ATP5F1D
1.3866449658348777e-166,0.27855668481871576,0.35,0.163,4.209022129295188e-162,19,PPP2CA
2.1403219583502316e-164,0.4813662230984138,0.574,0.341,6.496733272376293e-160,19,CST7
4.532693823605152e-163,0.3771840663330646,0.435,0.229,1.3758538832171078e-158,19,ALOX5AP
4.7715716034968266e-163,0.40651467767993965,0.59,0.359,1.4483628445254268e-158,19,STK17B
5.2709987064122426e-163,0.33923949726118624,0.25,0.099,1.5999589473443722e-158,19,CCR7
1.0053141322834628e-162,0.3061873239763289,0.357,0.17,3.051530517133223e-158,19,EVI2A
1.1128904209287065e-161,0.31220249317074433,1,0.999,3.378067583686996e-157,19,RPL41
1.0443114697242726e-159,0.28448662382422746,0.357,0.171,3.169903035201057e-155,19,PIP4K2A
3.0568295345252506e-159,0.3547093456861987,0.659,0.421,9.278700369097945e-155,19,LAPTM5
1.5421579484951387e-157,0.41797273682908453,0.63,0.413,4.681066236862144e-153,19,IFITM2
1.1797221112723886e-156,0.32323362002069594,0.478,0.265,3.580928496556208e-152,19,WIPF1
7.07603224177776e-154,0.3110710552095232,0.443,0.24,2.147858826669221e-149,19,TMEM50A
2.2405228079376166e-153,0.3372398053793484,0.48,0.27,6.800882931213842e-149,19,GYPC
2.0340854998869645e-152,0.3878979088962914,0.501,0.284,6.174263126356892e-148,19,ATP1B3
3.296033061212401e-152,0.31006695176077387,0.348,0.168,1.0004778754004121e-147,19,UCP2
9.016930680816819e-152,0.3088023868214618,0.374,0.185,2.736999138855137e-147,19,PTGER4
1.0490157042081338e-150,0.5951631765383538,0.452,0.255,3.1841822685533693e-146,19,TRBC1
7.485005953832247e-150,0.31764215653001515,0.452,0.244,2.2719987072262403e-145,19,PIK3IP1
9.080851303531864e-150,0.2778731340729653,0.32,0.149,2.756401604674062e-145,19,DNAJB9
3.473132124743891e-148,0.303263876571532,0.354,0.175,1.0542345251447607e-143,19,TANK
2.1342809583315315e-146,0.364908377613564,0.299,0.137,6.4783964209195306e-142,19,CITED2
4.291989336464616e-146,0.3020512327625121,0.433,0.231,1.3027904431904695e-141,19,RARRES3
1.777609775302709e-145,0.3164058070447902,0.454,0.251,5.395756711953842e-141,19,EVI2B
2.3339652803197987e-145,0.3254932887879147,0.471,0.259,7.084518211882717e-141,19,BIRC3
8.053820955753404e-144,0.28000995946742324,0.637,0.384,2.444656812909388e-139,19,EZR
1.082663230991547e-143,0.362606248097467,0.607,0.391,3.2863159713517416e-139,19,NOP53
4.193043625169224e-142,0.29498722364515745,0.431,0.232,1.2727564619838663e-137,19,CD96
2.0226955160850329e-140,0.2736887839045883,0.313,0.149,6.139689969524509e-136,19,NAA50
2.75466204019973e-138,0.29769466523868887,0.411,0.22,8.36150115682226e-134,19,CKLF
6.279342985693746e-138,0.31009742675628493,0.362,0.184,1.90603176987748e-133,19,UGP2
4.0247925588534307e-137,0.4021890936773904,0.815,0.661,1.2216855333143704e-132,19,EEF2
6.297239410747368e-134,0.3354159029197375,0.376,0.196,1.911464050738256e-129,19,CLEC2D
7.814099130091387e-134,0.28420437032617746,0.383,0.203,2.3718916499479398e-129,19,NDUFV2
7.251574342305408e-133,0.31995154616696075,0.535,0.332,2.2011428758633834e-128,19,SNRPD2
5.600062328733792e-131,0.2962703212709198,0.431,0.243,1.6998429192638554e-126,19,CAPZA1
3.078236105764772e-126,0.26896804130235474,0.405,0.222,9.343677875438389e-122,19,VAMP2
5.632931245564816e-125,0.2524512481777697,0.372,0.197,1.709819950278744e-120,19,ABRACL
2.800470777751169e-124,0.2684412724617767,0.388,0.21,8.500548998785899e-120,19,POLR2K
1.4275591120099538e-121,0.31979804179308724,0.968,0.91,4.3332129285950135e-117,19,RPS10
2.7311925857065286e-119,0.8038254792368862,0.49,0.316,8.2902619746535965e-115,19,KLRB1
3.2783028405721475e-119,0.3025914642288515,0.511,0.318,9.950960442272696e-115,19,CD53
7.645231769178303e-119,0.2894166315946468,0.508,0.313,2.320633651216382e-114,19,UQCR11
2.1856020206601946e-118,0.3253293906015775,0.589,0.38,6.634176373511955e-114,19,ELF1
4.699085675406662e-117,0.26515742916277324,0.402,0.227,1.4263604659129382e-112,19,ARHGDIA
1.3910851339240848e-114,0.3532960517200956,0.686,0.509,4.222499815513167e-110,19,SUB1
4.91608136134174e-113,0.3021456973871292,0.283,0.142,1.4922273364216718e-108,19,C1orf56
8.589428301801607e-112,0.28852929072170097,0.995,0.978,2.6072350667288597e-107,19,RPL35
2.8764133511979892e-111,0.268122374001211,0.429,0.251,8.731065086226377e-107,19,ARPC1B
8.84408587892994e-111,0.2998953453487321,0.996,0.978,2.6845338276903937e-106,19,RPS25
2.545492786368971e-109,0.3377619826622271,0.829,0.657,7.726588803744375e-105,19,HLA-E
9.089363863719124e-105,0.28614144321348,0.497,0.318,2.758985507193303e-100,19,HMGN1
3.7537722299076874e-104,0.26992674860708366,0.531,0.346,1.1394200226661795e-99,19,ATP6V1G1
9.824103743761981e-104,0.26214313698362934,0.317,0.17,2.9820084503815117e-99,19,PLK3
8.279931865533768e-103,0.37714876696503896,0.308,0.166,2.51329051846412e-98,19,TOB1
1.7720447445378247e-102,0.2663628760000026,0.41,0.243,5.3788646175701134e-98,19,YWHAQ
5.45931855707984e-102,0.2793726191724183,0.457,0.283,1.6571215548160145e-97,19,PGK1
1.8959412910600246e-100,0.2655860193245898,1,0.995,5.754940194883599e-96,19,RPS19
2.6094432195610573e-97,0.2802902065092565,0.522,0.345,7.920703948655633e-93,19,PSME1
7.133932910734473e-96,0.3185950230439385,0.296,0.157,2.165433995724342e-91,19,CD8A
1.2972176485963337e-95,0.2617274308879376,0.339,0.191,3.9375744505493116e-91,19,CLDND1
1.3612899803165842e-95,0.34396382128660985,0.56,0.362,4.1320596062529595e-91,19,CD69
5.09894181703243e-95,0.2752329843969916,0.517,0.339,1.5477327991420238e-90,19,HERPUD1
1.424811393760702e-94,0.2814838226167594,0.545,0.376,4.324872504621235e-90,19,COX7A2
2.0405916601416156e-93,0.2659502713518094,0.425,0.256,6.19401192519386e-89,19,TUBA4A
4.3742580152119e-93,0.2824148815354772,0.565,0.385,1.3277622779374202e-88,19,YBX1
9.195123023505033e-93,0.25099540220591626,0.431,0.268,2.7910876425547176e-88,19,NDUFA13
2.675070590975108e-92,0.2627616859572202,0.357,0.206,8.119909271845843e-88,19,CYTOR
3.1694011174524144e-92,0.2733149383613247,0.656,0.457,9.620400151915059e-88,19,HCST
1.4929376477193044e-90,0.25793715496021674,0.459,0.292,4.531662935887177e-86,19,RAC2
7.1703246912283886e-90,0.25166623587393966,0.4,0.243,2.176480356775465e-85,19,EML4
6.584906243493338e-89,0.2524089809131119,0.494,0.318,1.9987824411499678e-84,19,LRRFIP1
8.969710928044478e-88,0.2827122035922406,0.637,0.48,2.722666055098621e-83,19,SUMO2
4.91307996837105e-86,0.3111837151744309,0.644,0.485,1.4913162935993485e-81,19,CDC42
1.0405225862242115e-85,0.2575238327329522,0.545,0.37,3.1584022582249716e-81,19,CLK1
1.4457872038339016e-84,0.28480568271182416,0.959,0.902,4.388542478517425e-80,19,RPLP0
8.800196057280007e-82,0.25688528361410856,0.456,0.297,2.6712115112267734e-77,19,TPI1
5.686559883773069e-81,0.28402622061133864,0.354,0.211,1.7260983871204773e-76,19,PHLDA1
1.3459475608189174e-76,0.2755363518197811,0.834,0.724,4.085489226109742e-72,19,OAZ1
4.513239135333893e-75,0.2615123190805484,0.656,0.494,1.3699486071392498e-70,19,PNRC1
6.132329702437355e-75,0.37197396569063756,0.591,0.431,1.8614073578778347e-70,19,ID2
2.4030883590408526e-71,0.26309661153232944,0.54,0.374,7.294334405032604e-67,19,DDIT4
3.6010917736692938e-68,0.2515761945555779,0.653,0.517,1.0930753969795775e-63,19,SLC25A6
1.1453041295581064e-67,0.27327137057766737,0.618,0.482,3.476456154860676e-63,19,EIF3E
9.904608217301166e-64,0.2744033353549258,0.771,0.656,3.006444778279596e-59,19,PABPC1
3.59253135074358e-58,0.28010434066478695,0.735,0.619,1.0904769662047063e-53,19,S100A4
0,5.973734736574965,1,0.199,0,20,GNLY
0,3.260115483228083,0.97,0.148,0,20,GZMB
0,2.715410944036243,0.997,0.334,0,20,NKG7
0,2.5381426218765455,0.933,0.326,0,20,GZMA
0,2.4141896871171795,0.96,0.229,0,20,CTSW
0,2.2422376013724996,0.76,0.146,0,20,XCL2
0,2.239994217840693,0.933,0.266,0,20,COTL1
0,1.9693694431049573,0.86,0.083,0,20,KLRC1
0,1.8815045897144174,0.929,0.393,0,20,GSTP1
0,1.7460227008828066,0.929,0.159,0,20,FCER1G
0,1.7212858283790062,0.629,0.119,0,20,XCL1
0,1.5611953957781635,0.943,0.203,0,20,TYROBP
0,1.5245924918877918,0.786,0.083,0,20,TRDC
0,1.4926544080840192,0.821,0.119,0,20,IL2RB
0,1.4466992052215044,0.797,0.288,0,20,CD7
0,1.4272905636226745,0.806,0.165,0,20,HOPX
0,1.3472962833108075,0.676,0.085,0,20,TNFRSF18
0,1.2993790962902234,0.751,0.167,0,20,CMC1
0,1.27629678052136,0.316,0.009,0,20,SCX
0,1.2696060843927954,0.971,0.758,0,20,GAPDH
0,1.188137113838888,0.595,0.025,0,20,KRT81
0,1.168696349306964,0.717,0.13,0,20,CAPG
0,1.1544106767681448,0.909,0.697,0,20,LGALS1
0,1.141182265266778,0.704,0.151,0,20,PRF1
0,1.0375235621419405,0.6,0.148,0,20,LDLRAD4
0,1.0175934197479513,0.655,0.106,0,20,CHST12
0,0.9893569483733267,0.935,0.547,0,20,CD63
0,0.9892681559920341,0.617,0.182,0,20,AREG
0,0.97572308857158,0.718,0.185,0,20,KLRD1
0,0.963361175640516,0.495,0.025,0,20,KRT86
0,0.9066015349234986,0.999,0.995,0,20,RPS19
0,0.8997048733013417,0.6,0.13,0,20,PRKX
0,0.8500464274695478,0.569,0.059,0,20,ITGAX
0,0.8484241662001787,0.52,0.031,0,20,TESC
0,0.8457789352901901,0.881,0.549,0,20,PFN1
0,0.8411103334296482,0.851,0.456,0,20,CLIC1
0,0.833446027320945,0.577,0.095,0,20,GNPTAB
0,0.8121741126681341,0.487,0.027,0,20,KLRC2
0,0.8102451983511173,0.527,0.033,0,20,NCAM1
0,0.8079965312460589,0.923,0.69,0,20,CFL1
0,0.8064503794944172,0.672,0.215,0,20,CKLF
0,0.8037878139496559,0.859,0.453,0,20,HCST
0,0.803502130615138,0.327,0.022,0,20,SPINK2
0,0.7951713426286842,0.766,0.356,0,20,CORO1A
0,0.7875203381333019,0.704,0.32,0,20,ENO1
0,0.759942032250285,0.711,0.308,0,20,RUNX3
0,0.7552279314072213,0.708,0.284,0,20,EVL
0,0.7540193064808802,0.984,0.95,0,20,ACTB
0,0.7537738538652038,0.453,0.006,0,20,ITGAD
0,0.7215424758430631,0.682,0.278,0,20,PGK1
0,0.7207558561488099,0.661,0.263,0,20,FOSL2
0,0.715500230781883,1,0.995,0,20,TMSB4X
0,0.7055218829890462,0.899,0.614,0,20,SH3BGRL3
0,0.7033689728266076,0.431,0.015,0,20,KIR2DL4
0,0.6807184573467293,0.693,0.237,0,20,CTSD
0,0.6782665724489096,0.412,0.044,0,20,SYNGR1
0,0.6760454195074687,0.459,0.05,0,20,MCTP2
0,0.6717540098064967,0.964,0.821,0,20,MYL6
0,0.6715401509139949,0.741,0.385,0,20,CCL4
0,0.6676984616921942,0.45,0.031,0,20,B3GNT7
0,0.6656553123645497,0.46,0.064,0,20,EPAS1
0,0.6642873084827003,0.537,0.178,0,20,CNOT2
0,0.654209135608971,0.5,0.178,0,20,METRNL
0,0.6471995010323048,0.62,0.269,0,20,ADGRE5
0,0.6441968594086387,0.741,0.41,0,20,IFITM2
0,0.6407853662576213,0.432,0.047,0,20,CD300A
0,0.6354542497241602,0.766,0.337,0,20,CST7
0,0.6316929928811487,0.619,0.27,0,20,SLA
0,0.6209758302395294,0.443,0.042,0,20,TMIGD2
0,0.6195566606124934,0.344,0.076,0,20,IGFBP2
0,0.6001705813456029,0.37,0.028,0,20,SRGAP3
0,0.5983380787054597,0.56,0.223,0,20,ITM2A
0,0.5978599124390342,0.582,0.196,0,20,CD247
0,0.5952833014041814,0.653,0.288,0,20,RAC2
0,0.5952179777232454,0.654,0.293,0,20,TPI1
0,0.5940588273633656,0.402,0.017,0,20,ADGRG3
0,0.5915678597320249,0.701,0.378,0,20,CALR
0,0.5853236962621935,0.551,0.242,0,20,SYTL3
0,0.5831999523536119,0.406,0.073,0,20,CD9
0,0.5777770732001202,0.539,0.168,0,20,APOBEC3G
0,0.5650219656827509,0.453,0.115,0,20,GLIPR2
0,0.5626955900814093,0.395,0.039,0,20,CD38
0,0.5593071935358267,0.459,0.084,0,20,SLA2
0,0.5565853823596959,0.384,0.04,0,20,GOLIM4
0,0.5457853690335104,0.504,0.184,0,20,CTNNB1
0,0.5438159489892314,0.424,0.107,0,20,SH2D2A
0,0.5431959515831843,0.797,0.495,0,20,ARPC2
0,0.5399630836847858,0.704,0.379,0,20,LCP1
0,0.5385305233277481,0.381,0.055,0,20,HAVCR2
0,0.5346855896767193,0.354,0.106,0,20,SEPTIN7
0,0.5314220214555117,0.405,0.076,0,20,TRAF5
0,0.5304896708774318,0.515,0.179,0,20,PRELID1
0,0.5271739300184124,0.466,0.131,0,20,SEC14L1
0,0.5218084753621224,0.362,0.024,0,20,SH2D1B
0,0.5184676330793491,0.448,0.112,0,20,SEMA4D
0,0.5168133558005851,0.389,0.064,0,20,IRF8
0,0.5167736299178919,0.283,0.005,0,20,KIR2DL3
0,0.5145898994907877,0.423,0.144,0,20,NUCB2
0,0.5011033705243882,0.38,0.087,0,20,CASP3
0,0.49746210980740246,0.314,0.04,0,20,SNRNP25
0,0.493034331457427,0.585,0.258,0,20,LSP1
0,0.48876898709103134,0.32,0.01,0,20,AFAP1L2
0,0.4875734578886939,0.401,0.079,0,20,SLC16A3
0,0.484326592583473,0.353,0.065,0,20,ECI2
0,0.4831142505158551,0.403,0.124,0,20,ARPC5L
0,0.47433636987686484,0.486,0.167,0,20,DOK2
0,0.47221351914399334,0.487,0.19,0,20,TLN1
0,0.46409994825098033,0.515,0.204,0,20,FKBP1A
0,0.46217857465646955,0.548,0.241,0,20,ARF6
0,0.4595405393280787,0.487,0.207,0,20,CCND2
0,0.45775207450408006,0.544,0.242,0,20,SLC38A1
0,0.4542662043409863,0.446,0.148,0,20,RHOC
0,0.4518906318554707,0.536,0.229,0,20,CD96
0,0.4447150474242274,0.45,0.158,0,20,MAP3K8
0,0.4395808428453217,0.481,0.183,0,20,OSTF1
0,0.4388044619458393,0.51,0.215,0,20,PRDX5
0,0.43787090509450555,0.509,0.201,0,20,ACTN4
0,0.4362779677002951,0.376,0.09,0,20,IDH2
0,0.43457412265137113,0.309,0.026,0,20,SLFN13
0,0.43213586611568555,0.353,0.074,0,20,ITGA1
0,0.43094048692745507,0.33,0.063,0,20,UBE2F
0,0.4294189064399497,0.403,0.131,0,20,MAP2K3
0,0.4197163975268368,0.407,0.124,0,20,AUTS2
0,0.41925456694288477,0.469,0.19,0,20,ARPC4
0,0.4170351908458803,0.34,0.075,0,20,EIF3B
0,0.41445404843859124,0.304,0.038,0,20,GFOD1
0,0.410857965578428,0.338,0.088,0,20,GATA3
0,0.3999210039662031,0.455,0.179,0,20,BUB3
0,0.3976320593397,0.414,0.145,0,20,PRKCH
0,0.3975687204225961,0.308,0.045,0,20,ZFHX3
0,0.39547216166445653,0.344,0.087,0,20,SLC1A5
0,0.3915889656834761,0.353,0.102,0,20,LASP1
0,0.38798089829874494,0.445,0.173,0,20,UPP1
0,0.37974876366401034,0.388,0.137,0,20,ARAP2
0,0.3773655101709352,0.302,0.054,0,20,ABHD2
0,0.37213173022356805,0.309,0.063,0,20,GUSB
0,0.3646188024675875,0.394,0.141,0,20,WDR1
0,0.3618597408740184,0.306,0.056,0,20,SFMBT2
0,0.35872035267345864,0.268,0.025,0,20,ATP8B4
0,0.3573569764739064,0.347,0.104,0,20,SAMD3
0,0.35595698227756095,0.329,0.104,0,20,SOCS1
0,0.3534535768215399,0.362,0.118,0,20,CPNE1
0,0.3522708543368656,0.403,0.146,0,20,PPP1CA
0,0.3511485711385742,0.257,0.048,0,20,KLRK1
0,0.3493751230473777,0.282,0.036,0,20,PLCG2
0,0.3481260328381488,0.283,0.042,0,20,NDFIP2
0,0.3425090146351845,0.332,0.096,0,20,MPG
0,0.3416150959385903,0.272,0.049,0,20,TRG-AS1
0,0.3354415008270983,0.331,0.108,0,20,NEDD9
0,0.3325727536141863,0.304,0.075,0,20,AGTRAP
0,0.32731508566590783,0.344,0.111,0,20,PSTPIP1
0,0.3116765814763381,0.257,0.046,0,20,FGR
0,0.30986837941303746,0.401,0.144,0,20,CCL3
0,0.3079446859856918,0.292,0.084,0,20,DGKZ
0,0.29950437012277575,0.256,0.061,0,20,HIPK2
0,0.2959719027107887,0.275,0.08,0,20,CMIP
0,0.29578877813291005,0.265,0.07,0,20,EBP
0,0.27970536278049574,0.268,0.07,0,20,MOB3A
0,0.27446754425786946,0.279,0.081,0,20,RNF130
1.191647785344547e-307,0.40690065410011744,0.437,0.175,3.617127687634838e-303,20,CALM3
5.755696147936505e-305,0.48759099637623665,0.534,0.245,1.7470840087446466e-300,20,LY6E
3.785859712863669e-304,0.36154856056965157,0.408,0.156,1.1491598572426382e-299,20,COX5A
2.246956392631242e-303,0.7269138487679484,0.622,0.32,6.820411434192872e-299,20,NR4A2
1.249901921773882e-301,0.38331578719680093,0.356,0.126,3.793952293352441e-297,20,MATK
1.4366254723590861e-286,0.5987921137046603,0.739,0.428,4.36073295879877e-282,20,ID2
2.4322907123682754e-283,0.4676479826802177,0.549,0.267,7.382975228322663e-279,20,GNAI2
8.763709490481807e-279,0.3458805166986723,0.425,0.17,2.660136378740848e-274,20,ARHGAP9
4.2418117583093276e-276,0.3013507817723524,0.314,0.107,1.2875595411172132e-271,20,JARID2
2.644237444601396e-275,0.49708777209124866,0.455,0.199,8.026318339343077e-271,20,RANBP2
8.675612898001507e-273,0.27115410863742223,0.274,0.086,2.6333955390593777e-268,20,TENT4B
2.0838620683341757e-271,0.2887569805900833,0.308,0.104,6.325354922221557e-267,20,RASA2
4.509836547701787e-271,0.33736935023704184,0.337,0.121,1.3689157856894006e-266,20,CD59
1.2844253931974318e-268,0.4053919441583588,0.532,0.245,3.8987448385114845e-264,20,TPM4
2.1822028182652452e-268,0.38950920989464294,0.449,0.19,6.623858434562326e-264,20,BHLHE40
4.382211183695702e-266,0.41803186381868007,0.472,0.215,1.3301763826989934e-261,20,PSME2
5.648258624984414e-265,0.3955248011768038,0.442,0.191,1.714472423027769e-260,20,ARHGEF1
2.198391452324931e-264,0.37343043823812366,0.433,0.183,6.672997414387096e-260,20,RAB8B
1.4859118437886006e-262,0.2921710695215822,0.313,0.109,4.510336810635918e-258,20,TCIRG1
6.948931089458669e-257,0.5729556334835224,0.964,0.707,2.1092785428942842e-252,20,SRGN
1.1687576477979418e-255,0.4720127370989793,0.604,0.328,3.5476469641258725e-251,20,EIF3G
1.063246276186445e-254,0.29695678364678246,0.33,0.12,3.227377746736335e-250,20,APMAP
1.0216922137377839e-252,0.2872115643984149,0.267,0.087,3.1012445455796692e-248,20,PRPF6
2.686660080259131e-250,0.2610856577378706,0.267,0.086,8.155088007618566e-246,20,BCL2L11
3.3996309973119387e-246,0.3216551724515253,0.402,0.166,1.031923992924066e-241,20,EFHD2
9.359233569254674e-244,0.3777672967866574,0.427,0.185,2.840901757611564e-239,20,VPS37B
8.018782261563227e-242,0.3314099274763815,0.381,0.155,2.434021167674902e-237,20,PDE7A
3.5097689436635164e-241,0.35526140282322766,0.38,0.157,1.0653552651596238e-236,20,BAX
1.2299831097927805e-238,0.29413740960012064,0.353,0.138,3.733490731465006e-234,20,IQGAP2
4.2388788206736765e-237,0.3793632855629417,0.553,0.279,1.2866692772272878e-232,20,SEC11A
2.8265882914761013e-236,0.4230012704505951,0.557,0.289,8.579826099946558e-232,20,NDUFB2
7.674148896090312e-234,0.4642110002962273,0.712,0.426,2.3294111559192533e-229,20,LDHA
1.3360870356411206e-232,0.5640575964428001,0.966,0.92,4.0555585879850577e-228,20,ACTG1
1.592284001503557e-231,0.2847172605979583,0.304,0.111,4.833218858163896e-227,20,HERC1
7.988792063042152e-228,0.344266827789235,0.366,0.153,2.4249179428158145e-223,20,ANXA11
9.1009010990962e-227,0.4269601882816849,0.681,0.394,2.7624875196196603e-222,20,TAGLN2
5.410486475910644e-226,0.334596788679146,0.388,0.163,1.642299064897917e-221,20,MAFF
3.598976648673001e-225,0.4213173503933929,0.697,0.409,1.0924333719382027e-220,20,SRSF2
9.791455787088424e-224,0.352898141252052,0.491,0.234,2.97209848961282e-219,20,TGFB1
1.2821794809983914e-222,0.34133736230063877,0.464,0.219,3.891927596622517e-218,20,FAM49B
9.96109678603676e-220,0.28306510792275424,0.354,0.142,3.023591318433598e-215,20,RAB11FIP1
3.2212419809730665e-219,0.883943757117829,0.585,0.353,9.777757909045646e-215,20,CRIP1
1.0508053756325285e-216,0.2658689518602589,0.308,0.117,3.189614637194977e-212,20,RHOF
3.8091157801747864e-216,0.3773742037876777,0.47,0.227,1.1562190039142547e-211,20,AKNA
1.6772776797324082e-211,0.38511714909148076,0.53,0.278,5.091208669059752e-207,20,ACTR3
4.6250143581176955e-210,0.2530633411336146,0.27,0.097,1.4038768582630452e-205,20,DUSP10
7.788777959420487e-210,0.312264010371485,0.356,0.15,2.3642056618024945e-205,20,AGO2
1.1507352034708726e-209,0.287120190907595,0.34,0.139,3.4929416366154865e-205,20,RNF115
2.1076665256636963e-209,0.33762601902405454,0.497,0.245,6.397610971999584e-205,20,IL2RG
3.7822227646494375e-209,0.2650705669583593,0.323,0.128,1.1480558979816902e-204,20,NDUFS8
6.247011728877583e-208,0.2556893976784602,0.295,0.112,1.8962179401835015e-203,20,SFT2D1
5.2947505033673246e-207,0.3675345897974487,0.539,0.284,1.6071685677921177e-202,20,DBI
1.6739768504036535e-206,0.2636673626463122,0.302,0.116,5.081189331715249e-202,20,DOCK10
1.3845386395216473e-205,0.2705599847143661,0.305,0.119,4.202628586404008e-201,20,RAB5IF
1.0807453274658474e-204,0.4355597737081417,0.72,0.46,3.280494366989833e-200,20,COX6C
1.780875098518641e-201,0.5295978946020776,0.676,0.412,5.405668274043483e-197,20,REL
8.061633644814493e-199,0.25278739433115,0.284,0.108,2.4470282765469912e-194,20,DR1
6.859038954114854e-195,0.25169992313848943,0.28,0.107,2.081992684132023e-190,20,SLBP
3.528614815751765e-194,0.39275910144435366,0.94,0.847,1.0710757411732907e-189,20,SERF2
1.1681903046430455e-193,0.31329359574341187,0.425,0.202,3.5459248507135005e-189,20,PLP2
5.348201349837196e-193,0.414743655124565,0.619,0.349,1.6233930377295827e-188,20,PIK3R1
1.5139788076627283e-191,0.30312470044145146,0.405,0.188,4.5955312727794454e-187,20,JPT1
8.581851360753898e-191,0.25799768230465114,0.311,0.126,2.6049351620432383e-186,20,SURF4
8.990009407360681e-190,0.3105940623359332,0.373,0.167,2.728827455510261e-185,20,B4GALT1
1.6127321243103124e-189,0.2905124573305261,0.36,0.158,4.8952870901315224e-185,20,SERPINB1
2.8394512185309345e-189,0.2687783353152265,0.255,0.093,8.618870228728798e-185,20,ATP6V0C
4.042876846147652e-189,0.277760987153686,0.338,0.145,1.2271748378796584e-184,20,RASSF5
2.6474623220456617e-188,0.3853122177445014,0.755,0.471,8.036107132337401e-184,20,ARHGDIB
2.989997128672202e-188,0.2501187427980677,0.28,0.109,9.075837284371602e-184,20,LSM4
1.938718701074338e-183,0.28710767452945035,0.347,0.151,5.884786745241045e-179,20,TENT5C
7.017806388788545e-182,0.5202626482835294,0.527,0.301,2.130184951252875e-177,20,MIF
1.7364855957627965e-181,0.369804643117324,0.64,0.372,5.270928377378392e-177,20,DDIT4
1.49567670081413e-180,0.30737723984730037,0.528,0.275,4.53997705765121e-176,20,ITGB1
1.1596348071436686e-179,0.276756129559521,0.356,0.16,3.5199554936038916e-175,20,MYDGF
1.0030802405256358e-177,0.2725219689371611,0.351,0.157,3.044749762091515e-173,20,FMNL1
1.8260722737951963e-177,0.2845656519598575,0.33,0.145,5.542859779877939e-173,20,RANBP1
6.370347818058543e-177,0.2981904048055687,0.406,0.196,1.9336553766934903e-172,20,EIF5A
1.3332966627109073e-175,0.4923467240417123,0.985,0.988,4.047088689992688e-171,20,MT-CO3
2.592363987516632e-174,0.40920385999115694,0.769,0.548,7.868861647707985e-170,20,CHCHD2
1.3775627797620268e-173,0.3309261005644378,0.475,0.25,4.181454061689656e-169,20,ARPC1B
1.0660537135544126e-171,0.3672595655017096,0.473,0.253,3.235899442123064e-167,20,RPS27L
1.5498179920022227e-170,0.34967560040184886,0.576,0.333,4.7043175329235467e-166,20,POLR2L
8.879521544585699e-170,0.25874592563911253,0.37,0.171,2.695289969643543e-165,20,PIP4K2A
4.195900512164328e-169,0.3213053218844094,0.495,0.267,1.2736236414623602e-164,20,NDUFA13
4.4766908945704216e-169,0.34459633184540245,0.5,0.275,1.3588547541379057e-164,20,ARPC5
1.1801924783430543e-168,0.3113755699246242,0.453,0.236,3.582356248762507e-164,20,ATP5MF
1.0160662507974368e-165,0.3235134945822983,0.529,0.296,3.0841674976705397e-161,20,MSN
1.829870406884069e-165,0.33150487125465433,0.537,0.308,5.554388633055903e-161,20,SNRPB
4.854208471479193e-165,0.25261959912454113,0.318,0.138,1.4734464394327944e-160,20,PTPN7
7.906919787010275e-164,0.3820057918301385,0.602,0.374,2.400066432149099e-159,20,RAN
4.0893728195827716e-163,0.41597120460629866,0.513,0.287,1.2412882256561544e-158,20,CEMIP2
1.7523354276867034e-162,0.28283446525473616,0.417,0.208,5.31903895720022e-158,20,CDC42SE1
3.4093564069812267e-161,0.34961250111144737,0.721,0.474,1.0348760437750816e-156,20,ARPC3
1.3551643266998576e-153,0.3025804697103087,0.703,0.464,4.1134657972647476e-149,20,SSR4
2.8142914731728593e-152,0.41752734849585416,0.986,0.989,8.542500337668897e-148,20,MT-CO2
1.094212733908686e-150,0.29394089652271793,0.47,0.258,3.3213733325064254e-146,20,ATP5MC3
1.1899795897883797e-150,0.2522762063160751,0.33,0.152,3.612064046843648e-146,20,TACC1
1.8254436032579634e-150,0.2504494462600237,0.348,0.165,5.540951513329222e-146,20,TSTD1
4.728884571980482e-150,0.26904651395639995,0.384,0.19,1.4354056229789554e-145,20,PDIA6
9.545907860526636e-150,0.31491641420202343,0.594,0.362,2.897564871984255e-145,20,SERBP1
4.339649265320785e-149,0.3167762831662979,0.614,0.37,1.317257137995471e-144,20,HSP90B1
8.020068940386413e-148,0.2675001069394306,0.286,0.121,2.434411726164892e-143,20,NME2
2.617502271434063e-147,0.30325642094012023,0.494,0.278,7.9451663947109545e-143,20,PDIA3
3.679292636174427e-147,0.25816924176142775,0.282,0.124,1.1168124867843856e-142,20,MXD4
1.5502694476827658e-146,0.2595704630472479,0.363,0.179,4.705687881496267e-142,20,PSMB8
2.136723539909758e-146,0.42653605772484204,0.714,0.466,6.4858106330420794e-142,20,CD52
8.68218158545314e-146,0.2584002960240893,0.402,0.204,2.635389398448446e-141,20,MRPS6
1.4376002255917075e-145,0.38641789726716824,0.522,0.314,4.363691724761069e-141,20,LITAF
4.703585727168111e-145,0.32356159465368606,0.981,0.884,1.4277264116246086e-140,20,HLA-A
4.505508610202313e-144,0.2562216539617172,0.45,0.239,1.36760208354081e-139,20,WDR83OS
3.0791136039727084e-142,0.34070535191433005,0.549,0.335,9.34634143349876e-138,20,COX8A
1.5018292949044703e-140,0.25162229579610174,0.368,0.185,4.558652641753029e-136,20,ATP5F1C
3.5108799202723423e-140,0.26284613593402467,0.378,0.191,1.0656924909994667e-135,20,P4HB
1.683784977009433e-139,0.3149232957154845,0.478,0.269,5.1109609192144333e-135,20,SYAP1
7.579451123623169e-137,0.2688278091050659,0.554,0.316,2.3006665940645766e-132,20,CD3E
1.5992157687187067e-135,0.2693435126625312,0.438,0.241,4.854259544368762e-131,20,ATP5F1B
1.7406375492453604e-135,0.4793097771287006,0.281,0.132,5.283531216979367e-131,20,STMN1
1.0567197283732157e-134,0.2843754299878223,0.492,0.283,3.207567063504059e-130,20,JAK1
1.370614504704621e-133,0.25437382682600934,0.404,0.215,4.160363267580407e-129,20,PSMD8
9.753995660954124e-133,0.2663194753422088,0.403,0.21,2.960727842926015e-128,20,PHLDA1
6.402585231698235e-131,0.299630773277352,0.582,0.362,1.9434407212296823e-126,20,TPM3
2.156611205537159e-130,0.35696110224358524,0.908,0.819,6.546177653287492e-126,20,NEAT1
7.008058225693225e-130,0.25175442307090995,0.376,0.196,2.1272259938269215e-125,20,ATP5F1D
1.0270840583463174e-128,0.32574243906716294,0.671,0.45,3.117610950704412e-124,20,NCL
2.0558350297401915e-128,0.26692222181692093,0.469,0.267,6.240281649273378e-124,20,NEDD8
5.789671865690046e-127,0.2560366348607157,0.426,0.235,1.7573969981115565e-122,20,C9orf16
9.354905680908478e-124,0.26908805781936285,0.519,0.311,2.839588070382959e-119,20,BZW1
1.9029851945848952e-123,0.27304958982800853,0.525,0.318,5.776321259642991e-119,20,HMGN1
6.265510090612823e-123,0.25934305610973163,0.461,0.262,1.9018329329046163e-118,20,ACAP1
4.375903720296791e-121,0.2652089913157272,0.464,0.267,1.328261815258888e-116,20,MYH9
1.6578432572213044e-119,0.2551994503392142,0.485,0.286,5.032217422969547e-115,20,POMP
1.7032115127978753e-119,0.28379085985752106,0.356,0.187,5.169928225946671e-115,20,ISG15
2.098008513138433e-118,0.2738886992864408,0.59,0.378,6.3682950407804e-114,20,RHOA
2.0085892287877872e-117,0.2836926391164639,0.518,0.318,6.09687174506245e-113,20,CD53
8.859027212287733e-117,0.3596538876935458,0.572,0.369,2.6890691200178184e-112,20,H2AFZ
1.5063651197874297e-108,0.25720192740903325,0.516,0.319,4.572420684602764e-104,20,COX7B
1.3175242233842418e-107,0.2704520507739179,0.548,0.338,3.999213027660528e-103,20,FAM177A1
1.637899176057376e-106,0.37629152667095833,0.478,0.304,4.971679159004559e-102,20,EIF4A1
2.2774378181269174e-102,0.34092170693064183,0.992,0.992,6.912934753142444e-98,20,MT-CO1
7.59783955777786e-101,0.29675333859421216,0.599,0.4,2.3062482193678917e-96,20,HSPA5
7.438328322560529e-100,0.25988013578426694,0.602,0.402,2.257830179030023e-95,20,UBL5
1.4860107246928597e-92,0.2665272699600496,0.48,0.31,4.510636953732706e-88,20,SLC25A5
5.526013746200469e-89,0.2501207833996024,0.66,0.447,1.6773662125216904e-84,20,CREM
3.402713694471273e-85,0.322867555999105,0.984,0.987,1.0328597148198104e-80,20,MT-ND4
1.2388875094264965e-84,0.2517122802148737,0.801,0.587,3.7605191461131875e-80,20,PTPRC
1.2377756112223472e-70,0.29576358332618047,0.833,0.737,3.757144090304313e-66,20,HMGB1
7.602107919696901e-66,0.3085438511175239,0.462,0.327,2.3075438379447974e-61,20,HMGN2
9.341714251640075e-55,0.25038638348106446,0.989,0.989,2.8355839439428283e-50,20,MT-ATP6
6.083482856101116e-39,0.39271760339745854,0.407,0.308,1.8465803861409327e-34,20,TUBA1B
0,2.714900847899861,0.997,0.199,0,21,GNLY
0,2.1541235091188473,0.827,0.151,0,21,GZMB
0,1.962279072572199,0.952,0.335,0,21,NKG7
0,1.670607444722783,0.619,0.148,0,21,XCL2
0,1.4793131605133234,0.554,0.12,0,21,XCL1
0,1.4686438840651457,0.808,0.183,0,21,KLRD1
0,1.3737065799122192,0.798,0.288,0,21,CD7
0,1.3267439103137422,0.796,0.232,0,21,CTSW
0,1.3082491619581025,0.592,0.088,0,21,KLRC1
0,1.2091460272392893,0.659,0.152,0,21,PRF1
0,1.1967947417027753,0.578,0.183,0,21,AREG
0,1.0978244054168083,0.784,0.207,0,21,TYROBP
0,1.0786888828969246,0.721,0.331,0,21,GZMA
0,1.0619359091634732,0.653,0.168,0,21,HOPX
0,1.0433111935403752,0.55,0.171,0,21,CMC1
0,0.9597939331043147,0.683,0.164,0,21,FCER1G
0,0.946537642334035,0.542,0.088,0,21,TRDC
0,0.9065654074429106,0.771,0.41,0,21,IFITM2
0,0.8951202490757559,0.436,0.09,0,21,TNFRSF18
0,0.8806462762389476,0.74,0.338,0,21,CST7
0,0.8418504135852121,0.721,0.311,0,21,KLRB1
0,0.8413845253937735,0.587,0.123,0,21,IL2RB
0,0.7906168004624392,0.417,0.151,0,21,LDLRAD4
0,0.6900052240389605,0.781,0.454,0,21,HCST
0,0.6660698116892159,0.527,0.197,0,21,CD247
0,0.6381595823164993,0.318,0.034,0,21,KLRF1
0,0.6342443445285139,0.56,0.242,0,21,SYTL3
0,0.6002373471359865,0.309,0.031,0,21,KRT81
0,0.5638521714954426,0.401,0.134,0,21,PRKX
0,0.5600675144913744,0.398,0.111,0,21,CHST12
0,0.5594360506435616,0.437,0.18,0,21,CNOT2
0,0.5570182751825551,0.296,0.031,0,21,KLRC2
0,0.5389231407293099,0.272,0.029,0,21,KRT86
0,0.5073299569147369,0.406,0.125,0,21,MATK
0,0.46918673186437937,0.302,0.038,0,21,NCAM1
0,0.4679401908056275,0.437,0.171,0,21,APOBEC3G
0,0.46423021953726584,0.286,0.034,0,21,B3GNT7
0,0.46174427911522753,0.316,0.053,0,21,MCTP2
0,0.4614517056707642,0.3,0.065,0,21,ITGAX
0,0.4275153018641449,0.334,0.087,0,21,SLA2
0,0.4193217013193452,0.332,0.1,0,21,GNPTAB
0,0.41286329188838133,0.272,0.026,0,21,SH2D1B
0,0.35514538549782076,0.255,0.058,0,21,HAVCR2
0,0.35201772541023957,0.256,0.051,0,21,CD300A
2.7134918720907547e-302,0.5861466774936368,0.553,0.27,8.236533228544277e-298,21,ADGRE5
2.0014624836948534e-282,0.6332429054264992,1,0.995,6.075239223007359e-278,21,TMSB4X
1.771847574720579e-280,0.5728903982432786,0.536,0.266,5.3782661283068455e-276,21,FOSL2
1.7602187128754247e-278,0.33532171545295586,0.265,0.082,5.342967881062064e-274,21,SLC16A3
5.121663369683133e-276,0.8455118597327989,0.626,0.352,1.5546296992336182e-271,21,CRIP1
8.58416657533106e-276,0.3575462746965389,0.316,0.11,2.60563792227599e-271,21,SH2D2A
8.655020474877996e-266,0.464525002599054,0.43,0.185,2.627144914944467e-261,21,VPS37B
1.4978842764977557e-264,0.5734630562682934,0.977,0.883,4.5466779328812875e-260,21,HLA-B
7.107506990288791e-263,0.7628986642048425,0.93,0.708,2.1574126718322595e-258,21,SRGN
6.780704474770593e-261,0.5684064600478238,0.973,0.884,2.0582150362718658e-256,21,HLA-A
2.4360397148018313e-259,0.4850185766552823,0.344,0.127,7.394354950309479e-255,21,GZMH
7.558749901878597e-253,0.34912278271214925,0.509,0.241,2.2943829452162293e-248,21,CTSD
7.654735909060285e-249,0.2916761659491868,0.251,0.078,2.323518537836159e-244,21,TRGC1
1.356712466340202e-239,0.3818428640351769,0.36,0.144,4.118165020329049e-235,21,GPR65
2.7237954169144994e-238,0.438079176576638,0.476,0.227,8.267808608502271e-234,21,AKNA
1.4405562170177326e-233,0.7389425228814122,0.764,0.476,4.372664341135626e-229,21,CCL5
1.874352865110624e-228,0.5119198824458452,0.577,0.31,5.689410686756788e-224,21,RUNX3
7.341524360702709e-228,0.3529053718897636,0.396,0.171,2.2284463044477002e-223,21,ARHGAP9
1.480272069745561e-216,0.43571684129846344,0.397,0.181,4.493217840505676e-212,21,IFITM1
1.567518206121155e-215,0.4182254062621164,0.412,0.191,4.758044762860154e-211,21,BHLHE40
8.609144694928018e-212,0.4663348655113148,0.519,0.282,2.6132197806984506e-207,21,PGK1
8.600996063012647e-209,0.30255598429215014,0.308,0.12,2.610746344966859e-204,21,APMAP
2.328857214938878e-207,0.4858422661217366,0.397,0.18,7.069013190225471e-203,21,METRNL
1.7469099651201484e-206,0.5415757711969922,0.684,0.429,5.302570508125699e-202,21,ID2
1.8298631239099945e-206,0.37339780496219294,0.433,0.208,5.554366526316397e-202,21,CDC42SE1
3.299094355559766e-204,0.44148483269376115,0.533,0.29,1.0014071006866113e-199,21,RAC2
3.0609560087598803e-199,0.6766088207315033,0.489,0.274,9.29122586898974e-195,21,COTL1
1.3120396374874516e-196,0.5303970804775209,0.931,0.817,3.982565115629411e-192,21,HLA-C
1.3654351318524697e-195,0.7187896217880477,0.618,0.399,4.144641799224987e-191,21,GSTP1
4.863439896682822e-195,0.3715355842225203,0.478,0.245,1.4762485462391036e-190,21,IL2RG
3.683489609648987e-193,0.5598476950448629,0.518,0.287,1.1180864361128534e-188,21,CEMIP2
3.1842198347147734e-191,0.42946312098166367,0.488,0.26,9.665380886293222e-187,21,LSP1
1.6723787652025825e-190,0.528200537388764,0.594,0.36,5.076338503895919e-186,21,CORO1A
5.182541201518836e-190,0.3348726042991197,0.318,0.134,1.5731085563090276e-185,21,SEC14L1
4.3539160035233665e-187,0.5568195538663865,0.828,0.692,1.3215876637094826e-182,21,CFL1
3.821553454788287e-185,0.3572829795603411,0.323,0.138,1.1599943356664367e-180,21,CAPG
3.997331525131781e-184,0.39371884357017745,0.467,0.244,1.2133500111385008e-179,21,SLC38A1
1.4963533723094662e-181,0.41098825591675325,0.517,0.288,4.542031026308153e-177,21,EVL
4.399739545385986e-181,0.41779892409967967,0.505,0.272,1.3354969416064622e-176,21,SLA
3.229123133311049e-177,0.36421834586940405,0.45,0.231,9.801680358852358e-173,21,CD96
4.146738285525047e-175,0.41305627492625674,0.29,0.123,1.2587009391882729e-170,21,PLAC8
5.165147516955997e-165,0.46513103076800333,0.692,0.497,1.5678288772968234e-160,21,ARPC2
8.342401179356579e-163,0.5127776408563642,0.56,0.338,2.532252453981896e-158,21,FAM177A1
5.8591009739381336e-161,0.3691949157582384,0.423,0.22,1.7784715096291812e-156,21,CKLF
6.73717636279695e-160,0.3889571117620019,0.536,0.318,2.0450025131633862e-155,21,CD53
7.249529308935646e-159,0.4787157135117277,0.662,0.46,2.200522126434326e-154,21,CLIC1
1.0297226652984652e-157,0.25372216877226655,0.283,0.12,3.125620178246961e-153,21,MAPK1
2.458966016579643e-156,0.323145109444746,0.373,0.182,7.463945446725848e-152,21,PTPN22
6.900450036135525e-155,0.4213064713735043,0.697,0.472,2.0945626039685772e-150,21,ARHGDIB
2.0332729474358445e-153,0.5583944384187465,0.621,0.413,6.171796704646762e-149,21,REL
2.409956609661265e-153,0.3360614012933654,0.446,0.243,7.315182292965804e-149,21,ARF6
8.820456548915183e-153,0.30760718081870847,0.352,0.169,2.6773613808577145e-148,21,DOK2
1.0159091984574772e-151,0.28274305685491696,0.29,0.127,3.0836907809978266e-147,21,AUTS2
4.023651900493249e-149,0.25676530732905345,0.27,0.115,1.2213392978757209e-144,21,SEMA4D
1.691101101853635e-147,0.4336440776021613,1,0.995,5.133168284566523e-143,21,B2M
4.008339399382483e-146,0.43388948201579014,0.591,0.373,1.2166913412885589e-141,21,DDIT4
1.585135548005212e-140,0.2747217603146788,0.347,0.171,4.8115204424150205e-136,21,PIP4K2A
3.5030615533722054e-140,0.6253432865941932,0.716,0.552,1.0633193039105993e-135,21,PFN1
2.538296252739857e-137,0.2875529749323558,0.332,0.16,7.704744445566562e-133,21,MAP3K8
5.214081069931568e-137,0.36658719828081054,0.597,0.381,1.5826821679670282e-132,21,LCP1
3.6669373379291674e-136,0.2832572635069429,0.361,0.185,1.1130621595550194e-131,21,OSTF1
4.030287257967764e-133,0.38667445367926245,0.462,0.269,1.2233533942835352e-128,21,SYAP1
1.5462700685182343e-129,0.25426952272316783,0.346,0.172,4.6935481659802485e-125,21,RNF125
2.99788837862581e-125,0.4124106127327092,0.805,0.657,9.099790384480783e-121,21,HLA-E
5.191110921199384e-125,0.5091993075490215,0.648,0.447,1.575709809020861e-120,21,CREM
4.905685521992378e-124,0.29669819390981916,0.457,0.265,1.4890717833455667e-119,21,WIPF1
2.347299176130578e-122,0.40144986884005074,0.497,0.315,7.124991919226756e-118,21,LITAF
9.05374692671183e-122,0.25299401801961574,0.259,0.119,2.7481743421341086e-117,21,PLEKHA2
5.500231241312324e-120,0.25797396907531434,0.288,0.139,1.6695401909879428e-115,21,ARAP2
1.7438743218950268e-119,0.444041298795531,0.535,0.351,5.293356116680164e-115,21,PIK3R1
1.5161083337659731e-118,0.2652297530470845,0.311,0.156,4.601995236313235e-114,21,PDE7A
1.0747531767712503e-114,0.48884234979089825,0.846,0.761,3.2623057927714533e-110,21,GAPDH
6.130078079152302e-114,0.3605650022590421,0.35,0.187,1.8607239001458897e-109,21,ISG15
2.8328598583632567e-112,0.2560435784223592,0.336,0.176,8.59886281407583e-108,21,UPP1
3.0961516090257807e-112,0.270179094982452,0.345,0.185,9.398058594036855e-108,21,RAB8B
7.035842502396362e-111,0.3337222920745737,0.474,0.297,2.1356596331773918e-106,21,TPI1
1.0707877903492677e-108,0.33693399169260263,0.795,0.587,3.250269258826167e-104,21,PTPRC
1.2563228246080845e-108,0.38676397752724995,0.355,0.201,3.8134423018153796e-104,21,RANBP2
1.8014030000036808e-107,0.36355178634679697,0.573,0.396,5.467978666211172e-103,21,TAGLN2
1.1925093300006014e-105,0.2954699962033258,0.474,0.297,3.6197428202838256e-101,21,MSN
1.1130452883851263e-104,0.2712576621993348,0.363,0.204,3.3785376683642126e-100,21,ACTN4
1.0332314558411169e-99,0.3945232577540436,0.593,0.428,3.1362707610601263e-95,21,LDHA
3.4830061234817885e-99,0.29941715278066344,0.38,0.22,1.0572316787216621e-94,21,GZMM
4.4276483167223495e-99,0.6392494016605657,0.97,0.95,1.343968370057902e-94,21,ACTB
1.492465174568457e-95,0.30841848154451257,0.503,0.335,4.530228790885094e-91,21,POLR2L
1.8845792627960804e-95,0.3077032961156394,0.258,0.13,5.720451894291223e-91,21,LINC01871
9.469959139345051e-91,0.286198561824065,0.36,0.211,2.8745113971567968e-86,21,RALGAPA1
4.612984974997576e-90,0.3877321237012399,0.762,0.616,1.4002254593107643e-85,21,SH3BGRL3
2.7266478293283434e-88,0.32001425768916403,0.75,0.605,8.276466821143254e-84,21,RPL17
2.759200757497416e-88,0.2712570522227688,0.357,0.209,8.375277979307657e-84,21,CCND2
7.818866684494624e-87,0.297331332628125,0.327,0.188,2.373338793411498e-82,21,CTNNB1
4.353034563250512e-84,0.28425668284772887,0.439,0.286,1.3213201113290604e-79,21,DBI
5.621291832092734e-84,0.2848452376109709,0.898,0.823,1.7062869227134285e-79,21,MYL6
2.8596601025234135e-83,0.26360652425868913,0.531,0.363,8.680212275199569e-79,21,TPM3
8.471795550632169e-82,0.268422918915189,0.998,0.988,2.5715288214388886e-77,21,PTMA
1.3124265245219972e-81,0.30168818300398814,0.508,0.347,3.98373947253407e-77,21,CLEC2B
1.745938636570878e-80,0.2710407387259113,0.457,0.309,5.299622137447243e-76,21,SNRPB
3.95392035927207e-79,0.3208157474993584,0.558,0.411,1.2001729858534442e-74,21,SRSF2
1.857566720522971e-78,0.42006777423863595,0.472,0.323,5.6384580234754255e-74,21,NR4A2
2.455538421280254e-78,0.2848137651366125,0.514,0.359,7.453541323954083e-74,21,RAP1B
1.2857789316379648e-76,0.2882623348601425,0.509,0.346,3.9028533690938786e-72,21,SAMSN1
3.966677318963864e-76,0.30229126225704295,0.475,0.331,1.2040452333982912e-71,21,EIF3G
1.6872935601599565e-73,0.3502715654958455,0.999,0.995,5.121610872509532e-69,21,RPS19
3.330838934250191e-72,0.2760207888592179,0.49,0.345,1.0110428501023029e-67,21,PSME1
3.267509943088184e-71,0.28386223857190085,0.597,0.451,9.918199681249873e-67,21,NCL
1.7097792578738818e-70,0.2626217252345674,0.509,0.364,5.189863959350381e-66,21,SERBP1
9.072792438318894e-70,0.3178435841721021,0.464,0.325,2.7539554167273173e-65,21,ENO1
4.3013977464457095e-69,0.26440402291744197,0.419,0.284,1.3056462719561307e-64,21,JAK1
5.406461669014796e-69,0.25393995718492685,0.37,0.237,1.6410773750127513e-64,21,TGFB1
1.803993646210188e-68,0.2670356348712739,0.894,0.848,5.4758423137064046e-64,21,SERF2
6.991148174486603e-66,0.27222212403771995,0.521,0.382,2.1220931168836636e-61,21,CALR
4.367504669361644e-65,0.2985901504611797,0.372,0.245,1.3257123673380333e-60,21,ITGB2
7.859582837706489e-64,0.28102724547094293,0.533,0.388,2.3856977745574277e-59,21,YPEL5
3.687090512354496e-59,0.26193231739410494,0.613,0.486,1.1191794541200837e-54,21,CDC42
7.380820872922796e-55,0.25510899342885895,0.516,0.388,2.2403743677669857e-50,21,AKAP13
2.932479578993349e-51,0.29804005670381895,0.403,0.286,8.901248514076413e-47,21,ATP1B3
7.300681785058678e-51,0.27011667257769,0.881,0.825,2.2160489490367114e-46,21,ATP5F1E
1.9315818350130728e-44,0.26439079259898934,0.415,0.306,5.8631235019986815e-40,21,EIF4A1
4.784784560683436e-43,0.27406038283546863,0.948,0.92,1.4523735055498503e-38,21,ACTG1
1.313189967244134e-42,0.25494755375946787,0.376,0.269,3.9860568265728446e-38,21,HMGB2
6.719480111986051e-40,0.26668890897976394,0.489,0.381,2.039630993192246e-35,21,RPS17
1.3498133344505335e-34,0.3083897811503098,0.634,0.562,4.0972233953911496e-30,21,MYL12A
2.331970174934077e-26,0.2586581230924807,0.565,0.469,7.078462268994897e-22,21,CD52
0,1.5714088584502872,0.928,0.776,0,22,JUNB
0,1.5225566721265094,0.916,0.421,0,22,EGR1
0,1.48513412362139,0.927,0.76,0,22,FOS
0,1.386023030591669,0.663,0.169,0,22,IGFBP5
0,1.3450182965604633,0.654,0.142,0,22,MEG3
0,1.3405880128725896,0.938,0.499,0,22,DCN
0,1.3104486300641733,0.541,0.063,0,22,C7
0,1.307607346771524,0.951,0.655,0,22,FOSB
0,1.2957425550868673,0.568,0.177,0,22,TAGLN
0,1.2756915779337374,0.596,0.115,0,22,TSC22D1
0,1.2565197304610858,0.705,0.363,0,22,GADD45B
0,1.2334684830929246,0.95,0.913,0,22,VIM
0,1.229354864568704,0.914,0.723,0,22,JUN
0,1.2192287447747199,0.823,0.252,0,22,CALD1
0,1.1658879066776988,0.513,0.115,0,22,C11orf96
0,1.12397974108291,0.418,0.091,0,22,C3
0,1.1035417254625541,0.732,0.303,0,22,COL1A2
0,1.0525305752457759,0.538,0.206,0,22,CEBPD
0,1.0480509379574119,0.335,0.089,0,22,SERPINE1
0,1.0380451031719693,0.731,0.367,0,22,TIMP1
0,1.0332973718003284,0.643,0.157,0,22,TCEAL4
0,1.0130821161636996,0.735,0.36,0,22,COL1A1
0,0.9987999749266009,0.433,0.062,0,22,CYR61
0,0.98310956616588685,0.544,0.178,0,22,SOCS3
0,0.9453163148698133,0.606,0.125,0,22,C1S
0,0.9080307135071504,0.618,0.11,0,22,RARRES2
0,0.8998236542040597,0.523,0.114,0,22,SOX4
0,0.8898147851818393,0.305,0.051,0,22,CCL2
0,0.8827819861461713,0.528,0.184,0,22,IGFBP7
0,0.8798986329818625,0.669,0.29,0,22,NR4A1
0,0.8575791408987936,0.754,0.344,0,22,IFITM3
0,0.8562259152617011,0.59,0.141,0,22,C1R
0,0.8479918110757714,0.552,0.125,0,22,MDK
0,0.8474700314932156,0.588,0.135,0,22,TIMP2
0,0.8101838049224402,0.252,0.016,0,22,STAR
0,0.8076784033411989,0.357,0.022,0,22,PDLIM3
0,0.8049472268544049,0.449,0.127,0,22,MYC
0,0.7975942243533354,0.425,0.097,0,22,ADIRF
0,0.794935179811191,0.61,0.16,0,22,COL6A2
0,0.7923966770950583,0.675,0.29,0,22,LAPTM4A
0,0.7848661826626042,0.467,0.047,0,22,FHL2
0,0.7773911634303077,0.577,0.157,0,22,IGFBP4
0,0.7724197432754676,0.588,0.238,0,22,SPARCL1
0,0.7696482633611597,0.465,0.086,0,22,OGN
0,0.7646969383968231,0.406,0.138,0,22,ID3
0,0.7636392691126159,0.452,0.132,0,22,KLF4
0,0.7603812702788837,0.251,0.044,0,22,PLA2G2A
0,0.72467100372397375,0.418,0.069,0,22,HTRA1
0,0.7118006172395612,0.559,0.213,0,22,SPARC
0,0.6970104705242129,0.467,0.17,0,22,KCNQ1OT1
0,0.693637819074363,0.269,0.041,0,22,HES1
0,0.6894648429591923,0.422,0.05,0,22,CFH
0,0.6890146705965873,0.561,0.144,0,22,RBP1
0,0.6846611947675587,0.317,0.046,0,22,SERPINE2
0,0.6747213231563866,0.481,0.096,0,22,TCEAL9
0,0.6588367975232491,0.526,0.198,0,22,BST2
0,0.6587501517796368,0.998,0.993,0,22,RPS8
0,0.657175312385395,0.561,0.152,0,22,TPM2
0,0.6526982635073297,0.524,0.142,0,22,SERPINF1
0,0.6488208023887346,0.508,0.132,0,22,SERPING1
0,0.6410475098658425,0.367,0.095,0,22,CAV1
0,0.6385460912704299,0.534,0.144,0,22,COL6A1
0,0.6337865717933222,0.345,0.065,0,22,FN1
0,0.6327235508168354,0.773,0.476,0,22,CIRBP
0,0.6292869437473143,0.363,0.083,0,22,ADAMTS1
0,0.6210647581730322,0.44,0.09,0,22,NR2F2
0,0.6210597406184503,0.544,0.145,0,22,SELENOP
0,0.6180716919933544,0.914,0.783,0,22,NPM1
0,0.6146074193472257,0.374,0.036,0,22,PEG3
0,0.6137062360219978,0.854,0.549,0,22,CD63
0,0.6107591525718707,0.645,0.284,0,22,ST13
0,0.6050555983139639,0.251,0.046,0,22,CTGF
0,0.5994135896308042,0.45,0.096,0,22,COL6A3
0,0.5945593120890541,0.395,0.077,0,22,AEBP1
0,0.5755490757142766,0.413,0.105,0,22,KLF10
0,0.56781914141863,0.539,0.175,0,22,C6orf48
0,0.5541931021300656,0.353,0.084,0,22,EGR3
0,0.5341532430907017,0.324,0.034,0,22,WISP2
0,0.5317382750172752,0.52,0.201,0,22,MORF4L2
0,0.5274687885571733,0.268,0.07,0,22,NNMT
0,0.5218992476086786,0.428,0.091,0,22,BEX3
0,0.5067512267967399,0.52,0.21,0,22,TUBB
0,0.50401964230345,0.429,0.157,0,22,RHOB
0,0.4921711308624437,0.289,0.053,0,22,GPRC5A
0,0.48407083686456875,0.568,0.252,0,22,DSTN
0,0.48321449660655735,0.325,0.065,0,22,AKAP12
0,0.4810818746572621,0.27,0.016,0,22,TCF21
0,0.47277578352419025,0.27,0.033,0,22,MYLK
0,0.47054649894811523,0.406,0.147,0,22,YBX3
0,0.47009467472749455,0.382,0.087,0,22,APP
0,0.46626194231157214,0.294,0.075,0,22,ERRFI1
0,0.46332296991127203,0.382,0.084,0,22,PDGFRA
0,0.45781557249204863,0.393,0.113,0,22,NUPR1
0,0.4565593482966882,0.389,0.082,0,22,LRP1
0,0.44836135481138173,0.323,0.066,0,22,COL14A1
0,0.43935060184996705,0.278,0.051,0,22,FILIP1L
0,0.4304881338244032,0.403,0.121,0,22,MYL9
0,0.4229946908752563,0.373,0.126,0,22,MARCKSL1
0,0.4174304388744468,0.283,0.051,0,22,EFEMP1
0,0.41311728888306687,0.338,0.091,0,22,NBL1
0,0.412591352675498,0.341,0.106,0,22,MMP2
0,0.4093682075575429,0.267,0.047,0,22,QSOX1
0,0.40279846490072446,0.265,0.071,0,22,IL1R1
0,0.40132877497668806,0.295,0.048,0,22,LHFPL6
0,0.4007529572218876,0.293,0.068,0,22,ALDH1A1
0,0.39740213063057084,0.345,0.081,0,22,LGALS3BP
0,0.3964689292358286,0.322,0.086,0,22,DST
0,0.39209191826501605,0.33,0.075,0,22,CNN3
0,0.3894090529258575,0.261,0.026,0,22,DPYSL3
0,0.3890244418861065,0.379,0.099,0,22,CCDC80
0,0.3857870080442497,0.306,0.065,0,22,NFIA
0,0.38194320394864234,0.396,0.137,0,22,BNIP3L
0,0.3766703410657335,0.281,0.056,0,22,COL18A1
0,0.3744766043425428,0.33,0.086,0,22,PMP22
0,0.3711313804649901,0.292,0.056,0,22,EPS8
0,0.3661659264179587,0.273,0.057,0,22,CXCL12
0,0.36256784028313294,0.267,0.045,0,22,TNXB
0,0.35586888596847344,0.312,0.075,0,22,CAVIN1
0,0.35011070261314864,0.279,0.058,0,22,FGFR1
0,0.3491857450873655,0.288,0.049,0,22,TMEM176B
0,0.3490415537950228,0.289,0.084,0,22,CYB5A
0,0.34780397722705797,0.258,0.042,0,22,RHOBTB3
0,0.3468544977908097,0.261,0.068,0,22,GJA1
0,0.34294105342244297,0.26,0.033,0,22,EMP2
0,0.33058703401653045,0.268,0.038,0,22,TMEM98
0,0.3291883000242789,0.263,0.058,0,22,GSTM3
0,0.3280451700609171,0.318,0.095,0,22,IMPDH2
0,0.3280054502975342,0.254,0.038,0,22,TMEM176A
0,0.3239008913492598,0.306,0.086,0,22,NFIC
0,0.3205789162571635,0.277,0.076,0,22,PALLD
0,0.32021408439056565,0.392,0.129,0,22,GSN
0,0.3076829426514127,0.256,0.058,0,22,MFAP4
9.784189897299914e-306,0.28399535530607123,0.257,0.07,2.969893001426416e-301,22,FXYD1
1.1657812830728487e-301,0.46369309727377517,0.348,0.114,3.538612506639325e-297,22,APOE
1.4151010757683955e-298,0.4951372997984641,0.34,0.114,4.295397805387388e-294,22,SGK1
2.2009467612514384e-295,0.32842882881408136,0.277,0.081,6.680753799102615e-291,22,LTBP4
4.211943480462917e-295,0.5014947036629213,0.291,0.09,1.2784933240597139e-290,22,ACTA2
2.581972241735081e-294,0.39584081864045373,0.37,0.128,7.837318542562665e-290,22,TPM1
1.6744677531455178e-290,0.8215588852808895,0.584,0.294,5.082679417897905e-286,22,LUM
6.20211277182326e-290,0.3825589839842917,0.506,0.21,1.8825893107592323e-285,22,NPC2
8.522849657443331e-288,0.447242016878299,0.475,0.198,2.587025785020349e-283,22,ZBTB20
1.9548662835879822e-287,0.32103873327094407,0.306,0.097,5.933801117202961e-283,22,MAGED2
7.608080996388216e-287,0.7931893615027572,0.589,0.305,2.309356905643679e-282,22,TUBA1A
5.861897754345048e-286,0.3242124993516581,0.314,0.1,1.779320444353896e-281,22,TCF4
1.576996218321078e-284,0.8495474344387092,0.363,0.132,4.7868143210918e-280,22,SFRP4
1.823739129400012e-284,0.3239818433053872,0.405,0.149,5.535777753380797e-280,22,FCGRT
4.278172147009319e-281,0.5446979018610407,0.983,0.964,1.2985963735032088e-276,22,RPL5
9.512023749395641e-281,0.2907991844563506,0.278,0.083,2.887279688891553e-276,22,FSTL1
1.6694337658257468e-279,0.5846493623638114,0.665,0.388,5.067399252787472e-275,22,MGP
2.0205917648254395e-279,0.6073214786992847,0.935,0.697,6.133304242951139e-275,22,LGALS1
8.05968664581844e-279,0.9929300671355381,0.702,0.452,2.446437284471729e-274,22,IER2
2.920432640948542e-259,0.5455130840488169,0.974,0.936,8.864681238335204e-255,22,RPL7
1.0757957933707495e-258,0.4613355870419644,0.991,0.99,3.265470551197573e-254,22,RPL15
7.477412366636054e-258,0.5057644389159114,0.584,0.295,2.269693749768708e-253,22,LGALS3
7.142376392190692e-252,0.5944715650310906,0.324,0.115,2.1679969300855626e-247,22,IGF1
1.237516545709161e-249,0.6259381221408502,0.589,0.308,3.756357722845587e-245,22,COL3A1
1.234860583492577e-240,0.3856115060376662,0.363,0.141,3.7482958151333685e-236,22,PTMS
1.6220834815186717e-240,0.32568603840763066,0.35,0.131,4.923672199801776e-236,22,STMN1
1.7025924713962109e-239,0.34311951961127873,0.32,0.116,5.168049187676059e-235,22,SLC25A37
5.090747741096535e-236,0.3601760787839034,0.375,0.152,1.5452455693324422e-231,22,EPB41L4A-AS1
1.513153688345203e-234,0.43561701737412506,0.609,0.322,4.593026705603029e-230,22,C12orf57
1.2528738731786367e-229,0.3276958686934037,0.343,0.129,3.8029733546464336e-225,22,THBS1
2.0030293719969524e-229,0.4420263456287946,0.285,0.098,6.07999535575955e-225,22,GEM
1.5232796562765586e-226,0.27433767188719926,0.257,0.084,4.623763068661866e-222,22,CSRP1
4.5353582438331204e-225,0.2563192862640506,0.28,0.095,1.3766626413331053e-220,22,LEPROT
1.2968696986799618e-220,0.47092882762215593,0.975,0.945,3.936518283373156e-216,22,RACK1
8.148151643245453e-220,0.5477013014422714,0.729,0.45,2.473289949790725e-215,22,ZFP36L1
6.748659269899524e-219,0.4704637599406283,0.994,0.993,2.0484880347853013e-214,22,RPL3
2.0185783569198653e-215,0.4675232896472563,0.976,0.92,6.127192744594559e-211,22,ACTG1
2.962441158225588e-211,0.36983089674044317,0.505,0.249,8.99219389167795e-207,22,EID1
6.432402849393534e-208,0.3600692964407969,0.326,0.129,1.9524915609049134e-203,22,KLF9
1.280002502471044e-207,0.5008932993826968,0.252,0.088,3.885319596000607e-203,22,ICAM1
8.429495280312112e-206,0.3958668911291019,0.997,0.995,2.5586889973859384e-201,22,RPS4X
1.213207111637785e-202,0.3331262074270847,0.435,0.195,3.6825688666653325e-198,22,SELENOM
1.2421295087394265e-202,0.474374219465298,0.839,0.66,3.770359910827655e-198,22,EEF2
2.6858052106409277e-202,0.4307004513870418,0.986,0.984,8.152493136379472e-198,22,RPL8
6.972054619106992e-201,0.26835043748079135,0.298,0.113,2.1162974590837363e-196,22,DDAH2
3.6163713105764697e-200,0.3344928356219277,0.422,0.193,1.0977133476123816e-195,22,MGST3
2.054656203147764e-199,0.26824869213895675,0.254,0.086,6.2367034390347226e-195,22,CLU
1.3618025166461555e-198,0.42475332184224124,0.994,0.99,4.1336153590277405e-194,22,RPL18
2.4866736084905214e-198,0.3731718554948729,0.356,0.152,7.548049071212129e-194,22,IL6ST
1.606482324147299e-191,0.3482940258937823,0.512,0.263,4.876316446716712e-187,22,PEBP1
2.4147515005902444e-189,0.49345235367597856,0.254,0.091,7.329736704891628e-185,22,IGFBP3
3.4644294086151747e-186,0.604155872895657,0.546,0.318,1.0515929026910501e-181,22,BTG2
1.5872667555277386e-181,0.7204969386420446,0.445,0.22,4.817989509728897e-177,22,IER3
1.708490074515643e-178,0.2782579516762262,0.312,0.125,5.185950772184783e-174,22,SERPINH1
8.613647791947367e-173,0.45909814955933714,0.888,0.746,2.6145866507677037e-168,22,ITM2B
2.433109896853713e-172,0.4125522609188583,0.991,0.984,7.385461780909761e-168,22,RPL36
5.163890583949247e-167,0.384681097621663,0.522,0.289,1.5674473478519544e-162,22,WSB1
5.394023522528162e-165,0.2957398530059316,0.404,0.196,1.6373019000281984e-160,22,PRDX2
5.2737893927214245e-163,0.42100339432036926,0.955,0.902,1.6008060322666612e-158,22,RPLP0
9.468223869447644e-158,0.5672071209789268,0.435,0.231,2.873984673332138e-153,22,CEBPB
7.953864321101032e-155,0.34348196482437704,0.403,0.201,2.4143159760270074e-150,22,CDKN1A
5.085758048530711e-154,0.3242948880782262,0.477,0.253,1.543730998051012e-149,22,NUCKS1
3.240976654607496e-151,0.4399335998836019,0.339,0.162,9.837660537395593e-147,22,GADD45A
5.656944697142912e-151,0.42017261938576134,0.99,0.984,1.7171089933707595e-146,22,RPL7A
4.583971379160938e-147,0.33386151059122193,0.993,0.988,1.3914186724305112e-142,22,RPL35A
8.515638825379665e-144,0.32271333046547884,0.443,0.239,2.5848370090557433e-139,22,EIF1B
2.356651620843582e-142,0.5233998051556551,0.623,0.425,7.153380329908608e-138,22,CCNL1
3.449325748999468e-142,0.3732696915411897,0.97,0.959,1.0470083378512985e-137,22,RPS5
1.465394179037798e-138,0.2894807354217229,0.413,0.217,4.448057491051332e-134,22,EIF3L
9.062557010391e-137,0.38208966242535447,0.756,0.557,2.7508485549340842e-132,22,EIF4A2
4.882255617777352e-136,0.35447882691019306,0.991,0.989,1.4819598702201374e-131,22,RPS9
2.0470164002343642e-134,0.37644534274307484,0.68,0.481,6.213513581271389e-130,22,EIF3E
6.037284196257917e-131,0.35541907630137537,0.993,0.988,1.832557244932128e-126,22,RPL37A
2.9382291244675096e-128,0.336171514528531,0.393,0.199,8.918700684408678e-124,22,ATF3
5.447080680432892e-126,0.2933302490691778,0.999,0.999,1.6534068697386e-121,22,EEF1A1
1.5552381996575053e-125,0.3262144757814895,0.363,0.188,4.720770031240391e-121,22,MIDN
3.5086007373111363e-125,0.33565808504740224,0.877,0.755,1.0650006678034223e-120,22,BTF3
8.771889355316524e-124,0.5015140009109543,0.394,0.221,2.6626192949127776e-119,22,INTS6
1.0322573247365532e-123,0.37751947709288475,0.251,0.109,3.1333138835053335e-119,22,EMP1
1.6663944086658293e-121,0.5688133179845192,0.911,0.809,5.058173588064258e-117,22,ZFP36
1.8586238998733348e-121,0.2837684508491991,0.994,0.993,5.6416669856755206e-117,22,RPS3A
1.647757755950937e-119,0.3098031143604647,0.99,0.98,5.001603892413474e-115,22,RPL24
1.5537538053295351e-117,0.29940575560896265,0.995,0.993,4.716264300697271e-113,22,RPS23
1.1421441983044885e-115,0.3524499273543167,0.45,0.263,3.4668644995334446e-111,22,SLC38A2
4.945436526914367e-113,0.30304099455050437,0.854,0.687,1.501137803379587e-108,22,DNAJB1
5.85940050698505e-112,0.30921504670981337,0.972,0.953,1.778562429890242e-107,22,NACA
9.456809369885299e-111,0.31460420951077217,0.358,0.193,2.870519916134984e-106,22,SERTAD1
5.462637898549455e-110,0.7966248618548091,0.337,0.18,1.6581291077257014e-105,22,HSPA6
2.1039039804602646e-108,0.4049420859370114,0.844,0.718,6.386190142289088e-104,22,HNRNPA1
6.826897088565978e-108,0.3174740758908723,0.5,0.312,2.072236342263317e-103,22,SNHG8
9.552124271626293e-107,0.2921918043430325,0.981,0.97,2.899451801409445e-102,22,RPL10A
3.0550916726099505e-104,0.2906899661778164,0.991,0.989,9.273425263040244e-100,22,RPL9
1.5364689493011256e-103,0.27358575334315205,0.986,0.986,4.663797848708636e-99,22,RPL29
7.798640986917749e-103,0.30017297663681697,0.501,0.312,2.3671994851690135e-98,22,CD81
6.865159095993883e-102,0.4748026892745112,0.444,0.281,2.0838503919979832e-97,22,IRF1
1.9160067805000447e-96,0.26967303553322775,0.463,0.285,5.8158469815298354e-92,22,EIF4B
1.2273652379263215e-93,0.3277991117388859,0.995,0.988,3.725544443201556e-89,22,RPL13A
2.1564362731760645e-93,0.4528952957910565,0.448,0.288,6.545646663598626e-89,22,VMP1
1.1535599673740017e-92,0.3562940089540144,0.284,0.145,3.501515924967045e-88,22,PTGDS
2.7637870621167437e-91,0.34009913903467526,0.563,0.368,8.389199248349164e-87,22,HSPB1
5.633340693132822e-90,0.31649972658329106,0.67,0.517,1.7099442339935369e-85,22,SLC25A6
7.0920900145421e-89,0.3173533636444206,0.295,0.162,2.152733003014109e-84,22,PIM1
3.755453961058757e-85,0.32767896216483894,0.306,0.168,1.139930495339775e-80,22,KLF2
1.172888109576136e-80,0.25415266248784096,0.992,0.99,3.560184567807403e-76,22,RPS6
6.350440136616455e-80,0.2543199443371935,0.698,0.509,1.9276125990685588e-75,22,PPP1R15A
2.7216406708419458e-77,0.25113626190622496,0.278,0.149,8.261268092273643e-73,22,BAG3
1.068438642974515e-69,0.28252888198810533,0.481,0.327,3.243138656884843e-65,22,HMGN2
3.195668026413594e-64,0.31606782122354415,0.895,0.847,9.700130727375823e-60,22,JUND
2.582267033975991e-63,0.3333221741698771,0.545,0.387,7.838213354930723e-59,22,LMNA
2.3767528903181613e-60,0.2621263751322924,0.408,0.27,7.2143957232717465e-56,22,ARID5B
1.2356072729592826e-59,0.2623300843083418,0.652,0.501,3.7505623163406064e-55,22,DYNLL1
1.1522040895337223e-52,0.29561007031510567,0.996,0.987,3.4974002933706606e-48,22,MT-ND4
1.013881073963354e-43,0.33091116423194267,0.868,0.804,3.077534611908365e-39,22,RPL31
5.200231813098958e-40,0.2593836040159292,0.6,0.492,1.5784783645480577e-35,22,SRSF3
5.42984847352162e-35,0.2964308763732615,0.977,0.969,1.6481762056527524e-30,22,MT-ND1
4.009380890552195e-30,0.25086078336062634,0.565,0.47,1.2170074755182132e-25,22,HNRNPU
0,2.4311871857794887,0.83,0.14,0,23,MEG3
0,2.3985196583214363,0.593,0.08,0,23,CRYAB
0,2.2767766759290717,0.997,0.759,0,23,FOS
0,2.2586467078397363,0.988,0.722,0,23,JUN
0,2.2578633073919896,0.927,0.448,0,23,IER2
0,2.185931096606109,0.976,0.42,0,23,EGR1
0,2.1115308473226895,0.977,0.655,0,23,FOSB
0,2.048171771897277,0.926,0.362,0,23,HSPB1
0,1.9329004024318934,0.849,0.191,0,23,ATF3
0,1.8192491897925525,0.785,0.11,0,23,C11orf96
0,1.813812862535631,0.786,0.107,0,23,RND3
0,1.7760318568578921,0.856,0.263,0,23,SOD2
0,1.7323360814453002,0.944,0.569,0,23,DUSP1
0,1.7041844773656738,0.99,0.817,0,23,NEAT1
0,1.5830176631376012,0.752,0.066,0,23,CCN1
0,1.553290696891361,0.78,0.151,0,23,RHOB
0,1.5468326459755843,0.637,0.09,0,23,GADD45G
0,1.5342146581302387,0.688,0.166,0,23,KCNQ1OT1
0,1.4696341464542488,0.977,0.775,0,23,JUNB
0,1.3474157696192866,0.789,0.302,0,23,TUBA1A
0,1.3341007105387754,0.899,0.506,0,23,PPP1R15A
0,1.3153476313199675,0.83,0.288,0,23,NR4A1
0,1.2992589340244607,0.428,0.045,0,23,MEG8
0,1.2736921639727221,0.519,0.175,0,23,ZFAND2A
0,1.262766483396358,0.74,0.143,0,23,SNHG29
0,1.247275265187961,0.6,0.217,0,23,IER3
0,1.2448950772956893,0.536,0.177,0,23,HSPA6
0,1.2308807488259537,0.579,0.048,0,23,H19
0,1.221024861022304,0.665,0.129,0,23,KLF4
0,1.2192329363186074,0.574,0.085,0,23,ID1
0,1.1940390702338783,0.63,0.142,0,23,BAG3
0,1.1908934654789136,0.963,0.685,0,23,DNAJB1
0,1.1572273424781656,0.564,0.136,0,23,ID3
0,1.14106912737262,0.963,0.808,0,23,ZFP36
0,1.117271426442937,0.724,0.363,0,23,GADD45B
0,1.100699074710391,0.819,0.55,0,23,NFKBIA
0,1.0911515103170164,0.667,0.108,0,23,APOE
0,1.0735142351314213,0.487,0.058,0,23,RASD1
0,1.0715839196303285,0.812,0.348,0,23,TXN
0,1.055662628247019,0.652,0.22,0,23,NFKBIZ
0,1.0391174953648374,0.548,0.093,0,23,GEM
0,1.0231482529686113,0.853,0.448,0,23,ZFP36L1
0,1.0230331168775142,0.502,0.066,0,23,MRPS24
0,1.0038915697947575,0.694,0.227,0,23,CEBPB
0,0.9821444602673877,1,0.988,0,23,MT-CO2
0,0.9765741720374166,1,0.989,0,23,MT-ATP6
0,0.9689274494898723,0.863,0.603,0,23,RPL17
0,0.9679374432600607,0.929,0.762,0,23,RPL36A
0,0.9606720205091968,0.967,0.569,0,23,HSPA1B
0,0.9584879333786924,1,0.987,0,23,MT-ND4
0,0.9549561005428331,0.622,0.139,0,23,PTGDS
0,0.9482326849119427,0.569,0.114,0,23,SOX4
0,0.9430048410189589,0.414,0.045,0,23,TCEAL7
0,0.9268731154379972,0.552,0.178,0,23,TAGLN
0,0.9232063343673182,0.582,0.059,0,23,RORB
0,0.9200323157245529,0.523,0.087,0,23,IGFBP3
0,0.9009582918151997,0.715,0.292,0,23,LUM
0,0.8949205874716117,0.95,0.697,0,23,LGALS1
0,0.8795555323920127,0.776,0.3,0,23,EIF4A1
0,0.8542506877387428,0.644,0.204,0,23,CEBPD
0,0.8512679706764178,0.787,0.344,0,23,IFITM3
0,0.8508567658658808,0.652,0.151,0,23,TPM2
0,0.8352649109772381,0.951,0.806,0,23,S100A6
0,0.8244897916519385,0.793,0.492,0,23,PNRC1
0,0.8240771768684939,0.661,0.316,0,23,BTG2
0,0.8132803214921211,0.742,0.298,0,23,MIF
0,0.810778427357485,0.609,0.116,0,23,NME2
0,0.8065604750176535,0.583,0.183,0,23,IGFBP7
0,0.7935710443182364,0.624,0.113,0,23,SNHG5
0,0.7879612434730932,0.53,0.057,0,23,MIR99AHG
0,0.7845846783704951,0.651,0.135,0,23,GAS5
0,0.7845531289132739,0.541,0.178,0,23,SOCS3
0,0.7839063021043169,0.494,0.065,0,23,OSR2
0,0.7729071639086837,0.561,0.121,0,23,SERPINH1
0,0.7713487249980544,0.545,0.11,0,23,NUPR1
0,0.7702579963832432,0.586,0.159,0,23,TCEAL4
0,0.7643512425817831,0.707,0.255,0,23,CALD1
0,0.7610189062946202,0.985,0.727,0,23,HSPA1A
0,0.7543493395864552,0.46,0.071,0,23,TRIB1
0,0.7539196046631848,0.622,0.194,0,23,EEF1G
0,0.7536650291329954,1,0.985,0,23,MT-CYB
0,0.7498006156835684,0.571,0.105,0,23,RAMP1
0,0.7459374093698177,1,0.984,0,23,MT-ND3
0,0.7445548544237599,0.493,0.081,0,23,ADAMTS1
0,0.7428790090913318,0.828,0.463,0,23,HSPH1
0,0.7413791451676532,1,0.988,0,23,MT-CO3
0,0.740848772058898,0.594,0.144,0,23,RBP1
0,0.7382831429538905,0.477,0.106,0,23,EMP1
0,0.7186953787920416,0.537,0.126,0,23,MDK
0,0.708943781933365,0.35,0.046,0,23,ARC
0,0.7066536761369429,0.483,0.096,0,23,TCEAL9
0,0.7034763895364629,0.534,0.108,0,23,PCOLCE
0,0.686883660290301,0.474,0.127,0,23,MYC
0,0.6850229081305396,0.558,0.121,0,23,S100A13
0,0.6749708536379962,0.487,0.162,0,23,MAFF
0,0.650595350628755,0.476,0.093,0,23,LINC-PINT
0,0.6404015942177836,0.418,0.083,0,23,EGR3
0,0.6395280741774485,0.721,0.306,0,23,COL3A1
0,0.6233984888294466,0.479,0.199,0,23,EIF4A3
0,0.6233722446956821,0.628,0.16,0,23,COL6A2
0,0.6182505458467771,0.519,0.139,0,23,PTMS
0,0.6142164685981037,0.388,0.062,0,23,PTN
0,0.613870369541705,0.51,0.19,0,23,SERTAD1
0,0.5986809759203506,0.495,0.108,0,23,TIMP3
0,0.5906277617650567,0.475,0.09,0,23,NR2F2
0,0.5880701428510446,0.549,0.237,0,23,RTN4
0,0.5829671413551477,0.478,0.12,0,23,MYL9
0,0.5757728111531194,0.558,0.193,0,23,SELENOM
0,0.5750997467254654,0.32,0.025,0,23,NPW
0,0.5686576748153545,0.497,0.109,0,23,BASP1
0,0.5595917049432441,0.324,0.047,0,23,DKK1
0,0.5592442178860788,0.377,0.035,0,23,EMX2
0,0.5400526042742327,0.423,0.146,0,23,RBBP6
0,0.5397519664677921,0.837,0.359,0,23,COL1A1
0,0.5354453554258785,0.37,0.117,0,23,DNAJB4
0,0.5351640589721138,0.574,0.213,0,23,SPARC
0,0.532921830913159,0.391,0.064,0,23,PPP1R14A
0,0.5306035242784868,0.459,0.127,0,23,TPM1
0,0.5265507869915409,0.334,0.053,0,23,GPRC5A
0,0.5233023506185606,0.483,0.193,0,23,AC020916.1
0,0.5232280882835887,0.51,0.133,0,23,SERPING1
0,0.5164374361379718,0.39,0.088,0,23,SERPINE1
0,0.5156003667002652,0.421,0.079,0,23,TGM2
0,0.5151084571119275,0.378,0.052,0,23,ID4
0,0.5124765956043095,0.537,0.139,0,23,FBLN1
0,0.49966181113116376,0.488,0.114,0,23,SNHG6
0,0.4954874030304743,0.347,0.074,0,23,WEE1
0,0.4896622175043319,0.37,0.031,0,23,AOPEP
0,0.4887833225030495,0.408,0.09,0,23,ATP6V0C
0,0.4707735502364784,0.321,0.082,0,23,TNFAIP2
0,0.4684198525302673,0.391,0.073,0,23,SNHG16
0,0.46755884107451146,0.332,0.041,0,23,ITGB8
0,0.46683463209939235,0.617,0.169,0,23,CFD
0,0.4638423200998483,0.338,0.042,0,23,HAND2
0,0.4617222279829743,0.488,0.144,0,23,RNASEK
0,0.46147554898333315,0.374,0.085,0,23,DST
0,0.45887269693895283,0.351,0.073,0,23,CRISPLD2
0,0.45026778018157393,0.448,0.146,0,23,YBX3
0,0.44908125602053206,0.282,0.027,0,23,TUBB3
0,0.4489014256170125,0.495,0.146,0,23,COL6A1
0,0.43991797945652866,0.425,0.114,0,23,IGF1
0,0.4301482685010423,0.398,0.122,0,23,REV3L
0,0.4284501386965569,0.327,0.075,0,23,MIR222HG
0,0.42528138583527325,0.258,0.03,0,23,CCN2
0,0.4250807266544415,0.388,0.129,0,23,THBS1
0,0.4239701121867642,0.443,0.15,0,23,GABARAP
0,0.42307580301433173,0.442,0.13,0,23,VCAN
0,0.4204770279933526,0.294,0.052,0,23,SEMA4A
0,0.4165770172481783,0.395,0.126,0,23,MARCKSL1
0,0.4087941344105061,0.4,0.106,0,23,MMP2
0,0.40068098272291597,0.317,0.065,0,23,CKB
0,0.39785441396145677,0.457,0.147,0,23,SELENOP
0,0.3973168580335624,0.336,0.068,0,23,COL4A2
0,0.394044017655946,0.311,0.048,0,23,TBX3
0,0.3919450410995274,0.299,0.054,0,23,HSPB6
0,0.38115508463340647,0.473,0.144,0,23,SERPINF1
0,0.3718853484417334,0.469,0.144,0,23,C1R
0,0.3703264279078631,0.33,0.066,0,23,MXRA8
0,0.3651236879263978,0.302,0.059,0,23,NR2F1
0,0.3645140092704099,0.319,0.066,0,23,CPXM1
0,0.3641591506138504,0.305,0.06,0,23,TSHZ2
0,0.3605648035817225,0.285,0.067,0,23,FBXO32
0,0.3590517054767213,0.336,0.071,0,23,MICOS10
0,0.35306895609215033,0.278,0.038,0,23,PRLR
0,0.35294169344051773,0.266,0.035,0,23,HOXA10
0,0.3499640145758251,0.261,0.044,0,23,VASN
0,0.34988604961556835,0.313,0.074,0,23,PLPP1
0,0.3493258083493322,0.251,0.033,0,23,SNHG3
0,0.3481974455208119,0.324,0.064,0,23,SNHG32
0,0.34634454805944764,0.269,0.042,0,23,PLEKHH2
0,0.3440629269869947,0.293,0.068,0,23,GJA1
0,0.33912660091738295,0.312,0.073,0,23,PBX1
0,0.33726392866380706,0.262,0.038,0,23,ADAMTS9
0,0.33565994347863115,0.262,0.049,0,23,SYNPO2
0,0.334368500586901,0.282,0.051,0,23,PGR
0,0.33378208714734486,0.267,0.038,0,23,MEIS1
0,0.3331171842774615,0.255,0.042,0,23,TMEM45A
0,0.3313539400780558,0.3,0.076,0,23,C20orf27
0,0.32242760802219833,0.26,0.046,0,23,LINC01578
0,0.31696789714377294,0.258,0.042,0,23,MITF
0,0.31407575163621476,0.251,0.037,0,23,MME
0,0.31112973837695596,0.25,0.035,0,23,HAND2-AS1
0,0.31009019731817256,0.284,0.073,0,23,ISLR
0,0.3078737557277168,0.317,0.077,0,23,IGFBP2
0,0.3064969487646283,0.307,0.085,0,23,PDGFRA
0,0.3061098273343781,0.302,0.081,0,23,MFGE8
0,0.28812535532346883,0.261,0.061,0,23,PLEKHA5
0,0.28448032721406474,0.26,0.057,0,23,PRRX1
0,0.27784601479243765,0.425,0.131,0,23,SFRP4
0,0.25852588749163846,0.252,0.05,0,23,APOC1
8.568585323615656e-304,0.2507839145824873,0.289,0.08,2.6009083891302963e-299,23,APOD
7.685550105133085e-302,0.27604051183144085,0.261,0.069,2.3328718789120966e-297,23,NID1
1.4853110577073716e-301,0.8421716925266511,0.83,0.585,4.508513184564956e-297,23,DNAJA1
7.477098349272574e-297,0.5160184362982969,1,0.992,2.269598432938197e-292,23,MT-CO1
1.7277906832392368e-294,0.29155860198012157,0.285,0.081,5.244535839904379e-290,23,LTBP4
9.618377816164881e-291,0.3982085316287518,0.371,0.129,2.919562402318688e-286,23,KLF9
1.5887247271016772e-285,0.2931372942981759,0.271,0.076,4.822415036644431e-281,23,CNN3
4.523024964742333e-283,0.6727763756311269,0.718,0.423,1.3729189977978877e-278,23,CCNL1
2.45516247427904e-273,0.31362975524023107,0.266,0.076,7.452400174426599e-269,23,ERRFI1
8.225277243103858e-271,0.32362200420413667,0.325,0.107,2.496700654371745e-266,23,ZEB1
3.325041357382124e-267,0.31831864998815174,0.314,0.1,1.00928305361977e-262,23,TCF4
3.997915286559037e-266,0.5133967552724209,0.411,0.166,1.21352720608213e-261,23,ARIH1
5.823096849645254e-266,0.4400151736427831,0.32,0.108,1.7675428177413203e-261,23,TWISTNB
1.613221022462006e-260,0.5055715064562358,0.995,0.942,4.896771091581173e-256,23,MT-ND5
6.717420736560168e-260,0.7611703019827064,0.612,0.343,2.0390058903754734e-255,23,MAP1LC3B
1.0905574216492896e-258,0.5845152235416398,0.736,0.46,3.3102779976742536e-254,23,COX6C
5.942416337358069e-255,0.5566592517477447,0.993,0.989,1.8037610550416683e-250,23,RPL12
1.0841390861212066e-253,0.5296644266727506,0.525,0.244,3.2907957820123105e-249,23,IFRD1
4.74035036593722e-251,0.6329925926236775,0.979,0.956,1.438885950076584e-246,23,UBC
6.171084854123993e-244,0.37948315259361076,0.471,0.202,1.8731710966207968e-239,23,MORF4L2
1.4388914695138924e-243,0.42171426101657555,0.385,0.151,4.367611166562469e-239,23,TSC22D2
1.4675231054179696e-243,0.2534582557824332,0.257,0.076,4.454519634185705e-239,23,PALLD
2.3860204468234327e-243,0.29447509310916625,0.326,0.114,7.242526464287848e-239,23,ZYX
6.867659294700441e-241,0.4177121541639991,0.599,0.295,2.084609302313372e-236,23,LGALS3
7.507308585181861e-238,0.27044897100166665,0.363,0.129,2.278768447946102e-233,23,C1S
3.081884637455029e-230,0.2749823841135376,0.286,0.095,9.354752628530995e-226,23,ANKRD10
1.0425940356531342e-226,0.5119084930661619,0.843,0.595,3.1646899358215236e-222,23,XIST
3.38495210436292e-222,0.5901652733663107,0.955,0.869,1.0274683617583207e-217,23,HSP90AB1
5.841768695430337e-222,0.4398308796106858,0.984,0.956,1.7732104698109243e-217,23,FTL
8.895345765780065e-218,0.324501185156731,0.327,0.122,2.7000932537448807e-213,23,IRS2
4.326602306903553e-215,0.5346926553070659,0.807,0.557,1.3132968642375044e-210,23,SAT1
6.819316428938339e-211,0.42438045477848113,0.267,0.09,2.0699353088399434e-206,23,ACTA2
2.5745979094677834e-210,0.29753405026418617,0.352,0.135,7.81493449439851e-206,23,SPON2
8.310288712446886e-203,0.47580927783061794,0.46,0.221,2.5225050357761278e-198,23,UBE2S
2.1491379137072433e-202,0.4397491614361765,0.46,0.224,6.5234932232669665e-198,23,CSRNP1
8.47612292591727e-200,0.2805541373708752,0.277,0.098,2.572842352932928e-195,23,H2AFX
1.531532787645713e-199,0.4264887874957917,0.509,0.253,4.648814623619798e-195,23,ZFAND5
3.054979421503107e-199,0.34221571787492616,0.442,0.203,9.27308453603053e-195,23,BSG
2.8784356140492397e-198,0.36506322017066084,0.455,0.214,8.737203462885063e-194,23,KRTCAP2
4.196912261227911e-198,0.3856641944812065,0.566,0.292,1.27393074777312e-193,23,LAPTM4A
8.709211444991447e-197,0.3699515981657675,0.498,0.24,2.643594042012704e-192,23,SPARCL1
2.6717334979305247e-188,0.29457445751829286,0.276,0.101,8.109779859618315e-184,23,ELMSAN1
2.3529779539474164e-185,0.25577610540458345,0.283,0.105,7.142229281411988e-181,23,CHCHD10
4.955624982273911e-185,0.2809228910452517,0.987,0.939,1.5042304071194228e-180,23,HSP90AA1
6.590756461803066e-183,0.41711330030642524,0.495,0.255,2.0005582164157028e-178,23,FAM133B
1.1151996441216234e-182,0.25724206399655697,0.387,0.161,3.3850769997667755e-178,23,IGFBP4
1.1489225511247736e-182,0.3077453361387862,0.312,0.121,3.487439511684138e-178,23,TSC22D1
4.4167161163648605e-182,0.48304801480422255,0.453,0.226,1.3406500099613897e-177,23,WTAP
5.345907697048104e-180,0.36059717687190546,0.393,0.176,1.6226968223619815e-175,23,SLC5A3
2.8650920608507493e-179,0.3178354927662239,0.33,0.136,8.696700441506364e-175,23,AFF4
8.879096416207918e-179,0.2735926284382234,0.291,0.111,2.6951609261757515e-174,23,H1FX
1.3703702677185017e-178,0.4645566938166358,0.544,0.301,4.15962191063274e-174,23,TUBB4B
7.659916312862236e-175,0.3339944427776033,0.276,0.104,2.325090997606203e-170,23,DNAJA4
3.9676273981628484e-174,0.45230485555609323,0.668,0.429,1.204333620438351e-169,23,PPIB
6.29651929175141e-169,0.3852015118785711,0.436,0.213,1.911245465818223e-164,23,NEU1
6.739071227611193e-157,0.30155912871820684,0.356,0.161,2.0455776804291017e-152,23,GABPB1-AS1
1.8193987846109562e-156,0.46263866593576586,0.725,0.497,5.5226030708080965e-152,23,FUS
4.6543135423045206e-153,0.3597634455996121,0.459,0.24,1.4127703326311141e-148,23,TCP1
1.4412599106571062e-148,0.34680605003453746,0.346,0.16,4.37480033280858e-144,23,MRPL18
1.1905522993792532e-147,0.3613140775619958,0.383,0.188,3.6138024495357853e-143,23,MIDN
2.3475959137578803e-147,0.30542485538429576,0.306,0.133,7.125892636620669e-143,23,SYNE1
2.4656625464884407e-147,0.5749543219576264,0.685,0.468,7.484272093611013e-143,23,HNRNPU
6.1576780037569325e-146,0.413419384344906,0.537,0.313,1.8691015812603792e-141,23,TRA2B
2.8339568852165073e-145,0.36935619514234996,0.384,0.192,8.602192729386186e-141,23,YME1L1
4.416527525936057e-144,0.3506298065767961,0.348,0.162,1.3405927652226307e-139,23,GADD45A
4.5531240226178845e-144,0.5194338878091478,0.792,0.588,1.3820552658254327e-139,23,MCL1
9.165493367070494e-143,0.343867728730169,0.995,0.991,2.7820938566405777e-138,23,RPL37
2.120103981940761e-136,0.36402548488763825,0.288,0.127,6.435363626782987e-132,23,CKS2
1.2421363642837138e-134,0.4538554635549974,0.596,0.372,3.770380720146785e-130,23,MYADM
2.62633359861158e-134,0.43183641518788823,0.416,0.221,7.97197300522559e-130,23,INTS6
8.648644421429778e-126,0.2797554865521747,0.459,0.247,2.6252095276807948e-121,23,TPM4
1.1181180970059237e-121,0.3078637104775434,0.383,0.202,3.3939356716517806e-117,23,HSPA9
1.6755136880884625e-118,0.5479428958829979,0.842,0.738,5.085854248823719e-114,23,HSPA8
6.282435910761815e-116,0.3513702598533468,0.492,0.287,1.9069705963526412e-111,23,VMP1
3.3141486944156535e-114,0.494973213957409,0.896,0.812,1.0059766947029275e-109,23,UBB
1.210228979896823e-113,0.2930426345184718,0.458,0.255,3.6735290455788165e-109,23,CHORDC1
3.9571420634380174e-112,0.3148682509973262,0.443,0.255,1.2011509019359758e-107,23,ARF4
1.915148092825664e-108,0.3329092828082676,0.586,0.376,5.81324052096302e-104,23,SFPQ
5.004797636047101e-108,0.2902671651921939,0.436,0.25,1.519156274445737e-103,23,XBP1
2.2710172096951586e-107,0.26531970359930374,0.316,0.158,6.893445638308684e-103,23,SPAG9
1.783099124399756e-101,0.34590977071802265,0.602,0.4,5.412419082203019e-97,23,HSPA5
4.908092066837849e-98,0.27913432571854097,0.414,0.239,1.4898022659679606e-93,23,HNRNPA0
5.5420179149521465e-98,0.29836751621601365,0.563,0.37,1.6822241179045746e-93,23,ELOB
3.4326696562196623e-93,0.2949886924633529,0.286,0.145,1.0419525474489163e-88,23,EIF4E
9.532181150064181e-90,0.2561681507611143,0.474,0.293,2.8933982662904817e-85,23,RPL22L1
8.778420887838951e-89,0.3375943402296584,0.971,0.986,2.664601876294635e-84,23,RPL29
9.023245306064371e-88,0.305062411722023,0.401,0.24,2.7389158802027794e-83,23,EIF1B
9.301669093113559e-88,0.3649644410574193,0.663,0.491,2.8234286365236896e-83,23,SRSF3
9.031401947190857e-85,0.2748174441792798,0.434,0.263,2.741391747050313e-80,23,SLC38A2
9.566212880532597e-84,0.310405821771391,0.75,0.593,2.903728257756865e-79,23,ZFAS1
7.924613270169396e-81,0.2564993495018249,0.33,0.188,2.4054371120272183e-76,23,RAB7A
1.5349548890960464e-79,0.2518391297927261,0.338,0.192,4.65920207036214e-75,23,NUFIP2
4.485298232865229e-79,0.2671489598885857,0.394,0.238,1.3614674256039115e-74,23,TRA2A
1.1512395427303112e-74,0.27945480681389445,0.87,0.823,3.4944725080035865e-70,23,MYL6
3.057703577236106e-70,0.2940050127750834,0.502,0.345,9.281353438342476e-66,23,EIF1AX
3.7481261322907604e-69,0.32427871126102525,0.446,0.299,1.1377062061955374e-64,23,BRD2
2.6412865637133695e-64,0.2706318898438669,0.661,0.501,8.017361235495562e-60,23,DYNLL1
1.054189220590556e-59,0.32332705669855644,0.983,0.993,3.199885960180574e-55,23,RPS8
2.9409136002583818e-30,0.28415177711402584,0.701,0.639,8.926849142224292e-26,23,KLF6
0,1.3774440217210375,0.814,0.36,0,24,COL1A1
0,1.3643252159909633,0.637,0.171,0,24,IGFBP5
0,1.3614799561359114,0.785,0.254,0,24,CALD1
0,1.269170237737986,0.694,0.307,0,24,COL3A1
0,1.247112600207935,0.97,0.602,0,24,RPL17
0,1.1691521161151017,0.709,0.304,0,24,COL1A2
0,1.1209723323266214,0.547,0.16,0,24,TCEAL4
0,1.116570630705101,0.831,0.423,0,24,EGR1
0,1.0939754008034432,0.553,0.145,0,24,COL6A1
0,1.0584474880923416,0.622,0.238,0,24,SPARCL1
0,1.026682546921474,0.494,0.146,0,24,MEG3
0,0.9744377156549591,0.973,0.499,0,24,DCN
0,0.9628889213065775,0.543,0.214,0,24,SPARC
0,0.9316028914945975,0.583,0.147,0,24,SNHG29
0,0.9012548859629758,0.709,0.345,0,24,IFITM3
0,0.8401584369738191,0.409,0.084,0,24,PDGFRA
0,0.8221311610899862,0.964,0.761,0,24,RPL36A
0,0.8106094756187576,0.359,0.073,0,24,CCN1
0,0.8031423542867319,0.329,0.09,0,24,SERPINE1
0,0.7733643839130477,0.462,0.147,0,24,RBP1
0,0.7699753497071313,0.999,0.993,0,24,RPS8
0,0.7665856280360942,0.348,0.084,0,24,ADAMTS1
0,0.7642114623419588,0.538,0.196,0,24,EEF1G
0,0.748342108352379,0.341,0.067,0,24,NID1
0,0.7407674490421143,0.471,0.139,0,24,GAS5
0,0.7099044795187035,0.372,0.128,0,24,TPM1
0,0.6990889143420604,0.392,0.139,0,24,TIMP2
0,0.6929883859911756,0.977,0.697,0,24,LGALS1
0,0.6610145522905355,0.388,0.129,0,24,MDK
0,0.6500862479212073,0.333,0.099,0,24,COL6A3
0,0.6225421283452481,0.322,0.086,0,24,DST
0,0.6166471968324749,0.403,0.12,0,24,NME2
0,0.5859632123787257,0.254,0.058,0,24,COL4A1
0,0.5550921530023605,0.259,0.054,0,24,H19
0,0.5401649336725749,0.317,0.093,0,24,NR2F2
0,0.5249368781060162,0.255,0.042,0,24,LAMB1
0,0.5227066532249844,0.262,0.067,0,24,AKAP12
0,0.514217055401254,0.269,0.069,0,24,COL4A2
3.4511485107154145e-294,0.7120911729768307,0.984,0.878,1.0475616189425569e-289,24,RPL23
1.6145674744738483e-280,0.5123596946425055,0.276,0.082,4.900858112017919e-276,24,LTBP4
1.688101488765997e-279,0.7020604398879041,0.425,0.173,5.1240632590003073e-275,24,CFD
1.4025918171363893e-273,0.48975962092767916,0.347,0.117,4.257427201735796e-269,24,SNHG6
2.0725302216130832e-265,0.685990285320603,0.987,0.759,6.2909582346843525e-261,24,FOS
3.942363391245925e-265,0.66664081904791606,0.338,0.116,1.1966649837787881e-260,24,IGF1
9.851587813285025e-253,0.46189012350412,0.341,0.119,2.9903509648445364e-248,24,SNHG5
2.0041886939207733e-246,0.5466571489781973,0.328,0.116,6.083514361527115e-242,24,RARRES2
8.500529259801793e-244,0.5464491713978977,0.38,0.148,2.580250651520236e-239,24,SELENOP
1.4350637514864683e-237,0.5661627827613376,0.401,0.165,4.355992511262026e-233,24,COL6A2
2.278767850535809e-233,0.5587319127636841,0.354,0.136,6.916971933516396e-229,24,SERPING1
8.528331423612808e-216,0.4639200277712574,0.579,0.294,2.5886897203234317e-211,24,LUM
1.3234844016144172e-213,0.41136208532841617,0.254,0.081,4.017304552660402e-209,24,APOD
1.149724798067255e-212,0.5407805790815283,0.363,0.146,3.489874652053346e-208,24,C1R
1.048855263192123e-205,0.49708941735723444,0.334,0.13,3.1836952658933705e-201,24,C1S
2.356511626530409e-204,0.40789537064546316,0.3,0.107,7.152955391170403e-200,24,SEPTIN7
7.874488886870219e-188,0.6069043276824648,0.886,0.657,2.3902223567205864e-183,24,FOSB
3.0851401723541086e-179,0.5963674067501176,0.599,0.379,9.364634479163661e-175,24,RPS17
2.291511417393446e-167,0.45279496776558714,0.955,0.723,6.955653756356067e-163,24,JUN
9.829235791259212e-153,0.435644185673608,0.253,0.097,2.9835662320788212e-148,24,CAV1
2.1319330920877026e-145,0.5329732975812482,0.995,0.972,6.471269707723013e-141,24,RPS11
1.0773844896201466e-143,0.5552307129912843,0.264,0.11,3.270292879792993e-139,24,EMP1
7.109923616027871e-143,0.4375468003315288,1,0.989,2.1581462144091e-138,24,RPL12
6.633545342813923e-126,0.5924514261922587,0.437,0.278,2.013546353357738e-121,24,ITGB1
1.254038598755365e-123,0.5469961385425601,0.476,0.303,3.806508762662035e-119,24,MIF
7.262140003069218e-122,0.37930816636317927,0.261,0.111,2.2043499765316303e-117,24,RAMP1
3.4926172099279614e-117,0.3696810417906732,0.268,0.119,1.0601490279015335e-112,24,SOX4
3.749115429924977e-117,0.4222772047546215,0.996,0.97,1.1380064975994274e-112,24,RPL10A
1.7693851774905388e-110,0.6624334676047092,0.947,0.806,5.370791767754782e-106,24,S100A6
9.62499947687073e-108,0.5261612510541244,0.403,0.255,2.9215723412093414e-103,24,NUCKS1
9.063633496463099e-101,0.34605899516098293,0.737,0.551,2.751175311516409e-96,24,CD63
3.3182962677798036e-99,0.2820500627682987,0.905,0.712,1.0072356491218816e-94,24,RPS26
3.662100725136678e-98,0.30268779970033277,0.553,0.371,1.111594054107987e-93,24,TIMP1
4.2692053097165646e-95,0.5660765952308671,0.418,0.288,1.295874579711366e-90,24,ST13
1.4614479643289138e-94,0.370190529274943,0.997,0.984,4.436079150923985e-90,24,RPL36
3.966185461762848e-93,0.3607433986473385,0.996,0.98,1.203895935063495e-88,24,RPL24
4.8728204226763565e-93,0.5115436262176837,0.321,0.182,1.4790959110991812e-88,24,SOCS3
1.8694793526508114e-92,0.27400906686629134,0.255,0.117,5.674617627036273e-88,24,RND3
1.7281805291636357e-90,0.3621791360837021,0.287,0.153,5.2457191782232996e-86,24,GABARAP
4.1815340129580576e-88,0.35937087915981664,0.303,0.163,1.2692628342932889e-83,24,IGFBP4
3.663554976300305e-83,0.36233353119849454,0.25,0.127,1.1120354775061946e-78,24,S100A13
2.6546452874605076e-81,0.5520736912876614,0.432,0.295,8.057910305557625e-77,24,NR4A1
3.4422872461871825e-80,0.2890846967989368,0.28,0.147,1.0448718707076574e-75,24,SERPINF1
1.7181734210375039e-78,0.32188842248805827,1,0.997,5.215343602217239e-74,24,RPS18
2.1801856518302896e-75,0.33935913538840246,0.861,0.747,6.6177355275656615e-71,24,ITM2B
2.5724955549239364e-74,0.33010602544429357,1,0.989,7.808553007416117e-70,24,MT-ATP6
1.6280309193150215e-73,0.31824494574682083,0.998,0.993,4.941725052488817e-69,24,RPL26
4.0078731280505034e-71,0.31221395047118217,0.268,0.148,1.21654980928845e-66,24,RNASEK
2.2943547827028825e-69,0.37497284949118814,0.583,0.453,6.964284507416329e-65,24,ZFP36L1
3.0372086659780285e-69,0.3051456470018916,0.995,0.973,9.219143184709708e-65,24,RPL6
4.670952595273736e-68,0.2702297699666443,1,0.995,1.41782095076939e-63,24,RPS24
3.2178977761539704e-67,0.4678251233937879,0.523,0.448,9.767606909737762e-63,24,NAP1L1
4.0994642387847264e-66,0.40903716276367863,0.372,0.256,1.2443513750407158e-61,24,DSTN
8.092525768133277e-62,0.47750869374718863,0.463,0.374,2.456405271659175e-57,24,HSP90B1
2.2250489209209166e-59,0.461750222021013,0.352,0.249,6.75391349456335e-55,24,TPM4
7.581531373410428e-59,0.3684343024080605,0.407,0.295,2.301298033085001e-54,24,LAPTM4A
1.5635627179432266e-53,0.27730014229852484,0.987,0.949,4.74603827404487e-49,24,RPL38
2.694576095440548e-53,0.3021659371583858,0.963,0.902,8.17911628010024e-49,24,RPLP0
2.5914738334547326e-52,0.3183211061628075,0.26,0.158,7.866159674068495e-48,24,TPM2
8.544868637820194e-51,0.30136010704730465,0.983,0.938,2.5937094263239417e-46,24,RPL22
1.2740407095202565e-49,0.33436932510616507,0.298,0.198,3.867223169677787e-45,24,SELENOM
4.300306130718334e-49,0.3479209945654286,0.309,0.201,1.305314922918243e-44,24,ATF3
1.9819906119942843e-46,0.3774180164581207,0.404,0.314,6.01613430364745e-42,24,CD81
9.29157317656802e-46,0.260331760408531,0.316,0.21,2.8203641220154567e-41,24,CEBPD
5.150353425987403e-43,0.25021082232018665,0.368,0.267,1.5633382789242164e-38,24,PSAP
6.615300861304338e-37,0.3087779107074046,0.286,0.206,2.0080084234403187e-32,24,MORF4L2
1.2436605206969173e-36,0.30199514978892406,0.394,0.306,3.775007144523423e-32,24,EIF4A1
6.928569449262623e-35,0.2758917617988428,0.762,0.738,2.1030979706291763e-30,24,HMGB1
1.6778605395101012e-33,0.3404614402692153,0.357,0.291,5.092977881628961e-29,24,NSA2
9.203326471895436e-33,0.2581966190589866,0.995,0.983,2.793577717279141e-28,24,RPS7
6.918523529409006e-32,0.3782206896072813,0.575,0.545,2.10004863211681e-27,24,MT-ND4L
1.0568551175741897e-29,0.28963851046014877,0.371,0.3,3.2079780238846955e-25,24,LGALS3
1.3154093395349548e-29,0.3730667490814106,0.609,0.599,3.9927935092244018e-25,24,XIST
1.2596996242664617e-28,0.27245145950458294,0.285,0.217,3.823692239498418e-24,24,KRTCAP2
5.4528568812330234e-27,0.28191987806677776,0.611,0.595,1.655160177729472e-22,24,ZFAS1
7.491346978637514e-27,0.3631182144117544,0.332,0.271,2.2739234618956313e-22,24,ARID5B
7.880591274212156e-24,0.32279555948570404,0.366,0.326,2.392074675374358e-19,24,SRRM2
2.5362357993591673e-22,0.31634508900167035,0.369,0.327,7.698490145374817e-18,24,C12orf57
8.901291029269561e-18,0.2751144531600196,0.328,0.29,2.7018978790244827e-13,24,SEC62
1.4138799705423712e-16,0.2743440818788576,0.996,0.99,4.291691262584313e-12,24,RPL18
4.777862262638625e-16,0.2723477944996846,0.974,0.959,1.4502723112013281e-11,24,RPS5
1.0380607895679094e-7,0.25690233193495204,0.452,0.482,0.003150929720654432,24,CIRBP
3.049196071700999e-5,0.2944598117312982,0.296,0.291,0.9255529756041213,24,VMP1
0,1.0558566917874133,0.897,0.638,0,25,TXNIP
0,1.036945941294878,0.951,0.602,0,25,RPL17
0,0.7287005423881847,0.967,0.761,0,25,RPL36A
0,0.5419411423509413,0.257,0.048,0,25,RESF1
9.656341724935543e-299,0.348611617597935,0.678,0.305,2.9310859671869346e-294,25,COL1A2
2.882269795237424e-267,0.5764517258463172,0.319,0.107,8.748841736463677e-263,25,SEPTIN7
2.284074790222564e-255,0.7220957234781038,0.939,0.824,6.933080618241571e-251,25,ATP5F1E
1.1321101618778538e-219,0.5662546125626962,0.944,0.711,3.4364071853640374e-215,25,RPS26
2.196910846660198e-215,0.535855175099063,0.314,0.118,6.668503183952365e-211,25,SNHG6
2.5031575216132465e-213,0.6907842528987171,0.883,0.736,7.598084341104848e-209,25,HMGB1
7.183607011501346e-195,0.519068488338374,0.997,0.947,2.1805120722711184e-190,25,RPS21
8.230559715475458e-191,0.5753121569995445,0.316,0.13,2.4983040960354205e-186,25,LINC01871
3.726063759500166e-178,0.4925352300264163,0.788,0.477,1.1310093935586803e-173,25,CCL5
1.494301157176084e-172,0.43511194491866334,1,0.982,4.535801732492285e-168,25,RPS29
2.8297462583943885e-140,0.44108270637801184,0.994,0.949,8.589411792730327e-136,25,RPL38
1.8689094248248084e-127,0.4204332761526007,0.271,0.12,5.672887668113223e-123,25,SNHG5
9.522368925594653e-114,0.36280493476123743,0.354,0.183,2.8904198636750013e-109,25,CCL4L2
1.197599705118997e-105,0.4158267028887801,0.979,0.878,3.635194144918203e-101,25,RPL23
3.97444731516801e-105,0.5421071878003322,0.502,0.364,1.2064037380460976e-100,25,ETS1
1.7658801821793435e-103,0.4164992433372796,0.667,0.477,5.3601527049871794e-99,25,MT2A
9.632371648725232e-99,0.2817294709555407,1,0.997,2.923810090254057e-94,25,RPS27
7.135514482520742e-98,0.27853980497592445,1,0.995,2.1659140660243463e-93,25,TMSB4X
9.041315541770658e-92,0.3153734983452745,1,0.984,2.7444009195490657e-87,25,MT-ND3
1.1724516640484268e-91,0.31355747546552104,0.981,0.808,3.5588597810525945e-87,25,ZFP36
1.9492531093314272e-85,0.47039745709638736,0.566,0.417,5.916762888064614e-81,25,IL32
2.1826343354304585e-84,0.2718996495934758,1,0.995,6.625168261765614e-80,25,RPL39
3.373584857390737e-83,0.4379492623959458,0.697,0.59,1.0240179476123843e-78,25,PTPRC
1.5264921971423485e-82,0.3008117264883987,0.998,0.979,4.633514415205884e-78,25,TMSB10
8.907004106748175e-79,0.2726523839815158,1,0.994,2.7036320265623412e-74,25,RPS28
7.22106124213455e-77,0.42193978125758114,0.675,0.565,2.1918809294375212e-72,25,TNFAIP3
4.793762110410085e-74,0.5073788566663319,0.418,0.304,1.4550985509938772e-69,25,MIF
1.0607695966445599e-72,0.29425247731136484,0.999,0.979,3.219860033654897e-68,25,RPL27A
8.604084691965512e-68,0.5023127538471888,0.606,0.544,2.6116838673992114e-63,25,MT-ND4L
5.125133558476438e-65,0.26610714692002535,0.998,0.942,1.555683040339938e-60,25,MT-ND5
2.6477902870843015e-52,0.2747413489185626,0.914,0.746,8.037102637415688e-48,25,ITM2B
1.4096648208140895e-40,0.34106866226051236,0.457,0.382,4.278896597099087e-36,25,RPS17
2.0621645588887738e-39,0.3621378449705959,0.306,0.225,6.259494302050984e-35,25,CD3G
5.4309253355494966e-36,0.3204407751552385,0.699,0.656,1.6485030763526943e-31,25,SRP14
9.039936340341453e-35,0.29618886215937135,0.705,0.684,2.7439822767472446e-30,25,CALM1
1.6670245279721585e-26,0.28040867203199005,0.553,0.533,5.06008625220669e-22,25,S100A10
2.0998629334538676e-26,0.35364119094314983,0.348,0.293,6.37392394820587e-22,25,RNF19A
5.292535378038852e-21,0.28638565399032245,0.657,0.661,1.606496188649913e-16,25,UQCRB
2.539028443539028e-19,0.3526022499604631,0.478,0.502,7.706966937518365e-15,25,YWHAZ
5.250971476282988e-15,0.2948975793363272,0.423,0.423,1.5938798819109382e-10,25,DDX24
1.2623994187513124e-13,0.29070299522962617,0.374,0.364,3.8318871956777336e-9,25,STK17B
1.5542887868560263e-12,0.28383139099711463,0.388,0.385,4.7178881836227825e-8,25,LCP1
8.830446409699394e-8,0.29004631957930416,0.342,0.358,0.002680393703200154,25,SRRM1
8.435081965663569e-6,0.25009243449731833,0.389,0.417,0.25603847798575197,25,IFITM2
0,3.4523481576247854,0.926,0.124,0,26,SFRP4
0,2.0927399844525425,0.815,0.173,0,26,HSPA6
0,1.9632104665587604,0.941,0.303,0,26,COL3A1
0,1.8056990374192703,0.975,0.421,0,26,EGR1
0,1.7830985161896122,0.76,0.109,0,26,IGF1
0,1.776605710816003,0.754,0.169,0,26,IGFBP5
0,1.659625729200348,0.884,0.364,0,26,HSPB1
0,1.4928452294543093,0.686,0.113,0,26,SOX4
0,1.4260624397635044,0.556,0.086,0,26,SERPINE1
0,1.4150617490741462,0.945,0.358,0,26,COL1A1
0,1.3998082335041906,0.583,0.024,0,26,MMP11
0,1.3715851797491632,0.848,0.343,0,26,IFITM3
0,1.3577452002009496,0.731,0.109,0,26,RND3
0,1.353137162579285,0.707,0.124,0,26,MDK
0,1.3266956458830552,0.793,0.289,0,26,LAPTM4A
0,1.3194886349008281,0.994,0.759,0,26,FOS
0,1.2322225809464242,0.978,0.697,0,26,LGALS1
0,1.2186014957960876,0.944,0.603,0,26,RPL17
0,1.2096648555254352,0.752,0.303,0,26,TUBA1A
0,1.1886678163603628,0.737,0.144,0,26,SNHG29
0,1.186031543960492,0.617,0.069,0,26,CCN1
0,1.1853020890965242,0.975,0.656,0,26,FOSB
0,1.1847599784534957,0.988,0.685,0,26,DNAJB1
0,1.1751957332764373,0.678,0.143,0,26,MEG3
0,1.167862635622813,0.533,0.105,0,26,EMP1
0,1.1243010951152814,0.708,0.135,0,26,GAS5
0,1.112857791465121,0.518,0.176,0,26,ZFAND2A
0,1.1096178261786276,0.602,0.047,0,26,PGR
0,1.1051880446758016,0.867,0.595,0,26,XIST
0,1.0781258345265532,0.742,0.236,0,26,SPARCL1
0,1.0751188874015694,0.581,0.169,0,26,KCNQ1OT1
0,1.038588321502238,0.747,0.193,0,26,EEF1G
0,1.0175309567125352,0.842,0.463,0,26,HSPH1
0,1.011100327816675,0.635,0.105,0,26,RAMP1
0,0.9978526056444983,0.825,0.449,0,26,ZFP36L1
0,0.988224956544526,0.992,0.57,0,26,HSPA1B
0,0.9762940766968933,0.493,0.073,0,26,ERRFI1
0,0.9680652401784153,0.837,0.507,0,26,PPP1R15A
0,0.9501983068769069,0.622,0.286,0,26,VMP1
0,0.9486321314510548,0.999,0.727,0,26,HSPA1A
0,0.9430360025071542,0.327,0.085,0,26,CRYAB
0,0.9420336871535271,0.463,0.025,0,26,DIO2
0,0.9375242502377428,0.833,0.303,0,26,COL1A2
0,0.9319666478583245,0.725,0.212,0,26,SPARC
0,0.9246343217096289,0.534,0.086,0,26,OGN
0,0.9240531470740806,0.612,0.121,0,26,SERPINH1
0,0.9035025737478286,0.689,0.364,0,26,GADD45B
0,0.8914308357475617,0.43,0.095,0,26,GADD45G
0,0.8899644010238821,0.448,0.045,0,26,TCEAL7
0,0.8783505284146225,0.982,0.723,0,26,JUN
0,0.8720468532633991,0.492,0.042,0,26,CD24
0,0.8684440282158481,0.618,0.154,0,26,RHOB
0,0.8571373249274485,0.81,0.291,0,26,LUM
0,0.8346473046358241,0.581,0.128,0,26,VCAN
0,0.8322261257072623,0.464,0.064,0,26,THY1
0,0.8239085005298408,0.505,0.08,0,26,PGRMC1
0,0.8191081861309252,0.533,0.097,0,26,TCF4
0,0.8178489439212444,0.521,0.096,0,26,TCEAL9
0,0.807355679963472,0.485,0.046,0,26,TBX3
0,0.8071363425118729,0.808,0.451,0,26,IER2
0,0.8070150321912015,0.498,0.065,0,26,GJA1
0,0.8069722262339045,0.685,0.351,0,26,TXN
0,0.8059707189589442,0.629,0.144,0,26,COL6A1
0,0.8054507386040914,0.527,0.118,0,26,TSC22D1
0,0.7979326616322497,1,0.989,0,26,MT-ATP6
0,0.7901526514913282,0.5,0.121,0,26,REV3L
0,0.7807003459197452,0.586,0.117,0,26,NME2
0,0.7504527029303937,0.468,0.037,0,26,ESR1
0,0.7424363480707852,0.857,0.55,0,26,CD63
0,0.7386170843139408,0.45,0.084,0,26,LIMA1
0,0.7254040180029817,0.488,0.073,0,26,PALLD
0,0.7066653468732492,0.684,0.302,0,26,EIF4A1
0,0.7024857167627837,0.417,0.029,0,26,ECM1
0,0.6982670157531295,0.474,0.061,0,26,RORB
0,0.697712213661255,0.43,0.064,0,26,CKB
0,0.6899800471374721,0.66,0.291,0,26,NR4A1
0,0.6812566486952102,0.378,0.036,0,26,CRABP2
0,0.6734096607762783,0.536,0.197,0,26,ATF3
0,0.6651704226728075,0.468,0.062,0,26,SNHG32
0,0.6547623244313823,0.369,0.095,0,26,CAV1
0,0.651816323369596,0.552,0.144,0,26,RNASEK
0,0.6413491270989479,0.63,0.276,0,26,ANXA5
0,0.638510747318557,0.38,0.07,0,26,IL1R1
0,0.6253364468195414,0.366,0.022,0,26,HELLPAR
0,0.6181394718080911,0.384,0.086,0,26,DST
0,0.6126827495958734,0.398,0.031,0,26,AOPEP
0,0.6122926309478037,0.403,0.067,0,26,ALDH1A1
0,0.610279871802428,0.432,0.07,0,26,MICOS10
0,0.6081651525252562,0.393,0.064,0,26,SFRP1
0,0.6037167812618333,0.388,0.073,0,26,WEE1
0,0.5958200108034175,0.336,0.07,0,26,GBP1
0,0.5848263863502128,0.443,0.146,0,26,BAG3
0,0.5836573529727276,0.426,0.092,0,26,NR2F2
0,0.5626759740281319,0.309,0.027,0,26,LONRF2
0,0.5623604652922616,0.376,0.068,0,26,MRPS24
0,0.5589398326386197,0.354,0.024,0,26,NREP
0,0.5579690291375936,0.398,0.071,0,26,PRSS23
0,0.5569356374648335,0.308,0.027,0,26,TUBB3
0,0.5443720417179336,0.456,0.124,0,26,S100A13
0,0.5437553147551087,0.352,0.038,0,26,ZNF516
0,0.5435827088344826,0.469,0.164,0,26,IRF2BP2
0,0.5405255430497027,0.446,0.128,0,26,THBS1
0,0.5401749147520878,0.484,0.15,0,26,GABARAP
0,0.5361632908741787,0.394,0.067,0,26,COL4A2
0,0.5293434864752417,0.276,0.006,0,26,KCNIP4-IT1
0,0.5246270505847433,0.254,0.048,0,26,ADM
0,0.5214459520610499,0.4,0.106,0,26,KLF10
0,0.5208028915435158,0.37,0.058,0,26,COL5A1
0,0.5199639115037954,0.343,0.068,0,26,KDM5B
0,0.5174363433155159,0.39,0.098,0,26,ETS2
0,0.5170274003642444,0.317,0.017,0,26,LTBP1
0,0.5080925809539328,0.361,0.05,0,26,CDH11
0,0.5055096125128661,0.315,0.027,0,26,EDNRA
0,0.4952161304878898,0.396,0.129,0,26,MYC
0,0.49306016204218317,0.345,0.072,0,26,VCL
0,0.49060981335798876,0.376,0.071,0,26,ISLR
0,0.4894752741616704,0.394,0.097,0,26,CALU
0,0.48746554177934953,0.321,0.037,0,26,EMX2
0,0.48416133312502874,0.315,0.033,0,26,ZNF704
0,0.48269131973970303,0.355,0.097,0,26,GEM
0,0.4813117946351012,0.376,0.075,0,26,CNN3
0,0.4803018269492146,0.504,0.144,0,26,SERPINF1
0,0.4786893075512276,0.435,0.117,0,26,SNHG5
0,0.47624746384622263,0.352,0.063,0,26,MAP3K20
0,0.4721815185872352,0.331,0.085,0,26,ADAMTS1
0,0.4661039585660359,0.303,0.062,0,26,RASD1
0,0.4621002056204766,0.5,0.146,0,26,RBP1
0,0.448069589834722,0.371,0.093,0,26,BEX3
0,0.4453787246986749,0.29,0.058,0,26,TNFRSF12A
0,0.4402859251967238,0.31,0.041,0,26,MITF
0,0.43737214141726355,0.321,0.05,0,26,SDC2
0,0.43658430286992733,0.293,0.076,0,26,MIR222HG
0,0.4354192200275864,0.297,0.038,0,26,TEAD1
0,0.42970001935704805,0.269,0.027,0,26,PTCH1
0,0.42690036280249166,0.337,0.1,0,26,MBNL2
0,0.4257004477419767,0.266,0.062,0,26,PLAT
0,0.42096890345664034,0.308,0.054,0,26,COL5A2
0,0.42061638421058806,0.276,0.018,0,26,WNT2
0,0.4145787792447025,0.326,0.074,0,26,PLPP1
0,0.41374642445100374,0.254,0.018,0,26,ADAM12
0,0.4094232243856425,0.317,0.071,0,26,TCF12
0,0.4072929036970554,0.328,0.091,0,26,IGFBP3
0,0.4067731588555107,0.261,0.02,0,26,COL27A1
0,0.406375405874434,0.339,0.066,0,26,COL14A1
0,0.40327638461137133,0.3,0.069,0,26,OSR2
0,0.40260906179513184,0.283,0.033,0,26,AR
0,0.40205587134439996,0.339,0.074,0,26,SNHG16
0,0.39938843397204504,0.331,0.083,0,26,FSTL1
0,0.3971358482562913,0.337,0.096,0,26,LINC-PINT
0,0.39652648321664696,0.255,0.04,0,26,MMP19
0,0.3956954588998353,0.483,0.163,0,26,COL6A2
0,0.3904707001381109,0.307,0.052,0,26,SEPTIN2
0,0.39039985017970846,0.278,0.048,0,26,SH3PXD2A
0,0.3887205809533343,0.361,0.092,0,26,ATP6V0C
0,0.3872130669260111,0.382,0.112,0,26,PCOLCE
0,0.3835778108161592,0.382,0.106,0,26,SEPTIN7
0,0.38076273663955,0.407,0.116,0,26,SNHG6
0,0.38057238420328987,0.267,0.047,0,26,PKIG
0,0.3728895210332257,0.282,0.045,0,26,PPIC
0,0.37240102830686483,0.305,0.068,0,26,NID1
0,0.367653378237067,0.267,0.042,0,26,SOCS2
0,0.36426044407422675,0.298,0.074,0,26,PBX1
0,0.36395418822003867,0.25,0.023,0,26,GASK1B
0,0.354606244137345,0.275,0.061,0,26,PLEKHA5
0,0.35309918106761135,0.279,0.055,0,26,TAX1BP3
0,0.3311262953081997,0.262,0.052,0,26,KANK2
0,0.32281640711195947,0.276,0.063,0,26,OLFML3
0,0.3202694124221877,0.451,0.142,0,26,FBLN1
0,0.3013496429962936,0.271,0.067,0,26,CPXM1
0,0.28739037388816846,0.258,0.062,0,26,TOMM6
2.643010773117505e-307,0.44395888766952735,0.405,0.134,8.022594900720875e-303,26,SPON2
1.4240830357905014e-304,0.34713553187898005,0.287,0.076,4.322661646838488e-300,26,CAVIN1
2.174131888208209e-300,0.42500310269818947,0.394,0.132,6.599359933467197e-296,26,PMEPA1
6.889699216219736e-299,0.5987761915137491,0.715,0.377,2.0912993000913386e-294,26,RPS17
6.76196733699581e-295,0.3509576171118523,0.278,0.074,2.0525275654717084e-290,26,TRIB1
8.54715984974832e-295,0.6055910166565606,0.553,0.246,2.594404900792605e-290,26,TPM4
2.253010236484092e-289,0.46332152117434555,0.388,0.135,6.838787271823813e-285,26,ZBTB38
6.800522843873593e-289,0.3992201420056034,0.998,0.939,2.0642307040293904e-284,26,HSP90AA1
3.1180560794841795e-288,0.3668527249410367,0.29,0.082,9.464547423666279e-284,26,PDS5B
3.138867699649023e-286,0.3944159044662295,0.426,0.148,9.527719015514644e-282,26,SELENOP
2.533229129652199e-281,0.49455813032014184,0.355,0.118,7.689363700146285e-277,26,DNAJB4
2.777830410285187e-281,0.3381072177874461,0.275,0.076,8.431826427379656e-277,26,NRIP1
1.6309679013189218e-276,0.32335464357260635,0.3,0.086,4.950639967663455e-272,26,PDGFRA
3.2862423801847667e-276,0.6541855231924869,0.913,0.746,9.975060120812842e-272,26,ITM2B
4.0170349150550915e-268,0.32551358216785387,0.258,0.069,1.2193307781158225e-263,26,VEGFA
4.582279760131322e-266,0.669661069020973,0.608,0.312,1.3909051983902615e-261,26,TRA2B
5.402670428569386e-266,0.3708428207621437,0.293,0.086,1.6399265818879514e-261,26,EGR3
6.07919678059525e-263,0.5584566175374921,0.618,0.301,1.845279390781882e-258,26,MIF
9.350418280679423e-259,0.4595952224801216,0.37,0.132,2.8382259649174323e-254,26,SYNE1
3.1980973736906276e-255,0.4164588085592609,0.368,0.131,9.70750476810053e-251,26,RRBP1
8.107009631302792e-252,0.43565649779665594,0.379,0.134,2.4608017034856497e-247,26,KLF4
1.0054954912929403e-250,0.5050427372156197,0.542,0.253,3.052081014270591e-246,26,NUCKS1
3.2052543277038903e-248,0.2619478431069051,0.285,0.082,9.729228986312389e-244,26,TGM2
1.9858881516284305e-246,0.305489871702453,0.994,0.956,6.027964895452938e-242,26,FTL
4.350367985061698e-245,0.35645526829450974,0.294,0.091,1.3205106981856277e-240,26,ID1
1.2936227406914791e-244,0.34970313365295963,0.365,0.127,3.926662467094916e-240,26,MARCKS
1.5123256097885157e-244,0.31154406930058964,0.287,0.087,4.5905131559520603e-240,26,PMP22
2.3585276432708286e-238,0.3853399822702175,0.361,0.132,7.159074808384273e-234,26,LMAN1
4.284862351136337e-238,0.4426129774965722,0.473,0.203,1.3006271180639237e-233,26,MORF4L2
4.776014033463129e-237,0.6158358216485094,0.536,0.255,1.4497112997173981e-232,26,CHORDC1
8.287855226910725e-237,0.3097872392408849,0.284,0.087,2.5156955755764815e-232,26,NFIC
9.981460805262216e-237,0.3559218644614505,0.346,0.122,3.029772612829293e-232,26,SEC31A
4.2223406101390145e-235,0.30294771383780894,0.252,0.073,1.2816492688015964e-230,26,BCAP29
2.0968386492031922e-233,0.3075720296598675,0.286,0.089,6.36474403579137e-229,26,APP
3.6807564363395714e-229,0.3654418637592992,0.29,0.095,1.1172568086865135e-224,26,UGCG
2.6505673721979107e-223,0.7758133272604288,0.944,0.819,8.045532201569538e-219,26,NEAT1
4.6511907105054653e-216,0.5560518137241348,0.678,0.386,1.411822428266829e-211,26,LMNA
6.242388362735453e-215,0.3155150113279225,0.287,0.095,1.8948145636247194e-210,26,ANKRD10
1.517991501735321e-214,0.3284534488725842,0.389,0.15,4.607711404367393e-210,26,FCGRT
3.3160705799289287e-202,0.48142988641186985,0.507,0.254,1.006560063831627e-197,26,ARF4
4.872165781637717e-201,0.42978100412553216,0.433,0.192,1.4788972013583125e-196,26,SERTAD1
3.9903556629365874e-200,0.3636974106568506,0.334,0.128,1.2112325579277717e-195,26,ARMCX3
1.8723355991543184e-199,0.3857355074022538,0.348,0.136,5.683287477673018e-195,26,AFF4
4.365320635092944e-199,0.5669901103284763,0.48,0.239,1.3250494255761124e-194,26,RTN4
3.798422936186312e-193,0.3260102160478142,0.338,0.131,1.1529732980499932e-188,26,KDELR1
2.2382112201815865e-192,0.30706138398780336,0.291,0.104,6.793866337739187e-188,26,YWHAG
9.447279437054347e-190,0.4618887483263836,0.92,0.762,2.8676272003234768e-185,26,RPL36A
1.0224778872771366e-185,0.5235343274044748,0.346,0.14,3.1036293790410207e-181,26,ID3
1.681003209645479e-185,0.5152921682738949,0.969,0.869,5.102517142557887e-181,26,HSP90AB1
3.525516670405128e-180,0.4169882344161375,0.375,0.161,1.0701353301347725e-175,26,GABPB1-AS1
1.1758527621665685e-179,0.35434348302019786,0.308,0.115,3.569183474280402e-175,26,NUPR1
1.6181912509930864e-179,0.34676299994372484,0.334,0.129,4.9118577232644143e-175,26,TPM1
3.4304039839637744e-177,0.37494378674083556,0.283,0.105,1.0412648252923642e-172,26,FTX
1.588438560421131e-175,0.48128052172942504,0.542,0.296,4.821546406302301e-171,26,ARGLU1
5.772516412430514e-172,0.3337629168490828,0.325,0.13,1.752189631829158e-167,26,KLF9
2.2681331878951823e-170,0.3088449734966073,0.279,0.104,6.884691478537036e-166,26,BACH1
1.6603912324887068e-169,0.48559510551454577,0.515,0.279,5.039951547096221e-165,26,JMJD1C
4.576400219341998e-168,0.30144117064554665,0.385,0.163,1.38912052257907e-163,26,TCEAL4
9.46338344495303e-167,0.4412042538830584,0.468,0.24,2.872515410881043e-162,26,TCP1
7.098641147809162e-166,0.264642302324187,0.386,0.161,2.154721534005993e-161,26,IGFBP4
3.0787179967838376e-164,0.4588798708008223,0.492,0.265,9.34514060743766e-160,26,CSNK1A1
1.2074780589275313e-161,0.6171737320909135,0.56,0.344,3.6651789000686286e-157,26,MAP1LC3B
1.6934404575987184e-161,0.519534020493402,0.492,0.263,5.14026916499515e-157,26,SLC38A2
2.9574109366237174e-161,0.3198425839536303,0.777,0.533,8.976925157027631e-157,26,HSPE1
4.693000515834476e-161,0.32339741595742527,0.284,0.109,1.4245133765763967e-156,26,TWISTNB
7.636046855405307e-161,0.483841756288272,0.611,0.371,2.317845662489727e-156,26,HSP90B1
1.6741239194228468e-159,0.45742041945801887,0.485,0.254,5.081635745016109e-155,26,ZFAND5
5.246976656598363e-159,0.2631810336296123,0.266,0.099,1.592667294343867e-154,26,MAGED2
1.8507266130210097e-158,0.390500477270822,0.429,0.209,5.617695561163973e-154,26,CCND2
8.449758685934327e-152,0.262383818212684,0.288,0.113,2.5648397515285055e-147,26,DDAH2
3.4233657919864305e-149,0.29107722419790205,0.526,0.269,1.0391284524995612e-144,26,SOD2
4.886427472112324e-148,0.47522440141870415,0.638,0.43,1.4832261948849749e-143,26,PPIB
3.4548077529311664e-147,0.3839421031887307,0.408,0.199,1.0486723453247263e-142,26,ZBTB20
5.82685945188922e-147,0.3481749906000689,0.355,0.161,1.768684918026454e-142,26,PIM1
8.856145811759989e-147,0.44311577858395856,0.863,0.737,2.688194499701627e-142,26,HMGB1
9.787750480624563e-147,0.41778437769987675,0.555,0.324,2.9709737808887796e-142,26,C12orf57
2.8529694717132715e-145,0.3213150970389681,0.343,0.153,8.659903534438464e-141,26,IL6ST
6.5183653590562855e-136,0.42652051608319996,0.892,0.826,1.9785846210879448e-131,26,H3F3A
2.0192070921036852e-135,0.2590648253801946,0.29,0.122,6.129101207371526e-131,26,SAT2
1.7537415273502002e-133,0.2702960871026828,0.314,0.138,5.323307032118798e-129,26,HSBP1
1.0128664689009471e-131,0.3029444052560536,0.315,0.141,3.074454879701935e-127,26,ATXN1
1.2119548650687719e-130,0.608454874386637,0.665,0.469,3.67876779742975e-126,26,HNRNPU
1.1325959200539573e-129,0.38868154678825917,0.987,0.972,3.437881655731782e-125,26,RPS11
1.6099009712176315e-129,0.36868726858384415,0.43,0.231,4.886693408033999e-125,26,SLC3A2
4.025312627492511e-129,0.3569616817692827,0.366,0.177,1.2218433949490768e-124,26,SLC5A3
2.630682427338685e-127,0.28420372871369876,0.322,0.147,7.985173439943844e-123,26,NORAD
1.4818586652644732e-125,0.4189848687010482,0.449,0.246,4.498033792543782e-121,26,IFRD1
8.908811773767827e-125,0.34096088574822014,0.494,0.277,2.704180725809486e-120,26,ITGB1
1.566876275404588e-123,0.31478667337826927,0.327,0.153,4.7560962463630867e-119,26,TSC22D2
2.6134543434750125e-123,0.32415790431388697,0.414,0.219,7.932879314184052e-119,26,OSTC
1.696824373158789e-122,0.37458433376783873,0.976,0.92,5.150540702286188e-118,26,ACTG1
6.643082320222607e-121,0.4104857038671389,0.494,0.29,2.0164412074803702e-116,26,WSB1
3.8263805935163415e-119,0.2559025665574002,0.26,0.109,1.1614595653559504e-114,26,TUBA1C
1.3359882427926196e-115,0.3345129452040448,0.336,0.163,4.0552587121727175e-111,26,GADD45A
1.8446095986659454e-114,0.3439880902561749,0.366,0.188,5.599127975790611e-110,26,CTNNB1
4.1167068967256944e-114,0.29515505896820615,0.991,0.912,1.2495852114321173e-109,26,VIM
9.984476587346986e-113,0.5403555304443233,0.588,0.401,3.030688023323304e-108,26,HSPA5
4.7190370444653845e-111,0.3842538205953602,0.47,0.269,1.432416504477023e-106,26,ARID5B
7.681112589827723e-111,0.3574405232876474,0.996,0.993,2.331524915516307e-106,26,RPS8
2.612198644597733e-110,0.3663363478326571,0.94,0.878,7.929067765811959e-106,26,RPL23
8.889239917792711e-107,0.2710795011886681,0.319,0.155,2.6982398846467996e-102,26,CAMLG
2.057323563644129e-105,0.26684823989202244,0.333,0.167,6.244799945085389e-101,26,MTPN
6.98288258204636e-105,0.3500672116108016,0.448,0.264,2.1195841789543522e-100,26,STAT3
6.57054419810594e-104,0.2594686117956616,0.325,0.16,1.9944229858930772e-99,26,BTG3
5.6751303250619544e-102,0.3992919693959821,0.654,0.479,1.7226290588693057e-97,26,CIRBP
5.036300524772234e-100,0.2961493758748873,0.502,0.297,1.5287186612893637e-95,26,LGALS3
1.984757620564348e-99,0.4084532230272311,0.721,0.558,6.024533281461022e-95,26,EIF4A2
4.561882711500652e-99,0.3621010626383111,0.628,0.446,1.3847138782489078e-94,26,NAP1L1
3.92295514090182e-97,0.31648938249632286,0.583,0.373,1.1907738034693384e-92,26,MYADM
1.908953683736141e-96,0.43858104964914923,0.5,0.319,5.794438011612682e-92,26,BTG2
1.4421913978888134e-94,0.3031142431453755,0.333,0.177,4.377627769151704e-90,26,CCDC85B
2.4570670204627367e-94,0.4775824880388302,0.811,0.695,7.4581812339125905e-90,26,HNRNPA2B1
2.483982891575006e-93,0.2884035205231699,0.428,0.248,7.539881669086773e-89,26,LY6E
2.975946567424146e-90,0.29031889133503375,0.388,0.22,9.033188210759253e-86,26,ARL6IP1
1.676374204040714e-89,0.2705214294697048,0.511,0.313,5.088466258945183e-85,26,CD81
2.6707541145975776e-88,0.2917819568895732,0.462,0.279,8.106807039449487e-84,26,CACYBP
9.57885558323022e-87,0.34130938712328995,0.749,0.587,2.9075658237337005e-82,26,DNAJA1
1.125620637214732e-86,0.264501853701541,0.436,0.255,3.4167088822015975e-82,26,DSTN
1.3539043289659525e-86,0.2810959061830447,0.384,0.222,4.1096412001432525e-82,26,HNRNPH3
4.728507506748757e-86,0.41504194132237215,0.601,0.426,1.4352911685985177e-81,26,CCNL1
1.8725485029282923e-85,0.34494814673467644,0.838,0.739,5.683933725788539e-81,26,HSPA8
2.6236813627614706e-84,0.2559455846282915,0.337,0.183,7.963922408526167e-80,26,TTC3
1.7165453548892055e-80,0.2907399603505101,0.957,0.902,5.2104017702306945e-76,26,RPLP0
3.5953173382163645e-79,0.2758802074385442,0.401,0.24,1.0913226248421952e-74,26,EIF1B
1.1956035970569417e-78,0.27381694318507854,0.996,0.988,3.62913515850664e-74,26,RPL13A
1.2088165164081362e-75,0.32176456173552725,0.55,0.38,3.6692416539052565e-71,26,DDX17
1.2973492780584098e-75,0.2584250991635372,0.295,0.158,3.937973998618497e-71,26,KMT2A
4.917374333120341e-75,0.26549060633762767,0.402,0.246,1.4926198050753483e-70,26,CUTA
1.2955225939339945e-74,0.3122270376014711,0.463,0.303,3.932429281627247e-70,26,TUBB4B
3.4773954068213713e-74,0.3020700947525832,0.586,0.414,1.0555286017865591e-69,26,IFITM2
3.984839674889939e-73,0.2688687719089302,0.364,0.212,1.209558234916092e-68,26,PHLDA1
2.3467419934015665e-71,0.36159920218205666,0.642,0.501,7.123300646771114e-67,26,DYNLL1
9.777130248887743e-70,0.2730811747262802,0.342,0.203,2.9677501157473853e-65,26,HSPA9
1.5123904434614808e-67,0.2766762002552914,0.365,0.22,4.590709952082979e-63,26,PRDM1
1.3802689124464903e-66,0.3044113735635503,0.764,0.638,4.189668256840076e-62,26,KLF6
3.903289257546796e-66,0.2722945876559129,0.328,0.192,1.1848044212357544e-61,26,NUFIP2
6.743616721026391e-66,0.25274818928942694,0.423,0.272,2.0469574195003506e-61,26,SRSF11
1.089960821271707e-61,0.2745676154845669,0.468,0.315,3.308467076888139e-57,26,ANXA2
1.5209783101456574e-60,0.2561501999930931,0.871,0.812,4.616777562616128e-56,26,UBB
2.306645782407901e-60,0.36124311832417233,0.355,0.222,7.001592607920943e-56,26,INTS6
8.659112176107937e-58,0.32830177560541207,0.635,0.499,2.628386909935803e-53,26,FUS
5.314441513761539e-53,0.26908715425107266,0.907,0.851,1.6131455770871775e-48,26,DDX5
1.0356664326874731e-26,0.41652660215224724,0.429,0.349,3.143661889779556e-22,26,CLEC2B
0,2.0094585304779127,0.956,0.386,0,27,RGS1
0,1.5840288611507414,0.877,0.024,0,27,IGHG4
0,1.459332077548588,0.866,0.18,0,27,IGFBP7
0,1.2607757650867124,0.843,0.114,0,27,CXCL2
0,1.2283144048280243,0.902,0.553,0,27,CALM2
0,1.1665379005448755,0.98,0.726,0,27,BTG1
0,1.038313668921841,0.881,0.367,0,27,TIMP1
0,0.9837176108885552,0.985,0.591,0,27,CXCR4
0,0.9649994457507587,0.994,0.936,0,27,RPL7
0,0.9552955505589491,0.932,0.746,0,27,ITM2B
0,0.9074296508820039,0.974,0.625,0,27,TSC22D3
0,0.9057960515371626,0.991,0.708,0,27,SRGN
0,0.8448671498936944,0.9,0.55,0,27,PFN1
0,0.8009553753139,1,0.995,0,27,B2M
0,0.7997360843560144,0.981,0.808,0,27,ZFP36
0,0.7806088925028661,0.575,0.048,0,27,CCL2
0,0.7770871588966577,0.655,0.221,0,27,SNX3
0,0.7748861839645194,0.93,0.549,0,27,NFKBIA
0,0.7724128955051262,0.857,0.428,0,27,ID2
0,0.743872137152677,0.481,0.022,0,27,TM4SF1
0,0.7228797110394061,0.922,0.556,0,27,SAT1
0,0.7093413403457591,0.916,0.571,0,27,DUSP1
0,0.7070266250721924,0.612,0.201,0,27,MORF4L2
0,0.7061108347687941,0.827,0.042,0,27,IGHG1
0,0.6956378026294188,0.838,0.557,0,27,EIF4A2
0,0.6771228235337098,0.668,0.291,0,27,LAPTM4A
0,0.6750134197424276,0.912,0.344,0,27,CD74
0,0.6568753521812223,0.942,0.803,0,27,RPL31
0,0.6404910654419741,0.567,0.117,0,27,TSC22D1
0,0.6354706139283155,0.828,0.176,0,27,CCL4L2
0,0.6314740973016342,0.434,0.045,0,27,SERPINE2
0,0.6301901157361905,0.765,0.409,0,27,SRSF2
0,0.6273474693539263,0.532,0.065,0,27,C7
0,0.6221036942985947,0.866,0.519,0,27,SARAF
0,0.6028553389568702,0.756,0.345,0,27,IFITM3
0,0.6007527813354847,0.99,0.884,0,27,HLA-A
0,0.5976947964357455,0.467,0.044,0,27,CTGF
0,0.5858292946176671,1,0.988,0,27,RPL13A
0,0.5786429272365631,0.66,0.062,0,27,CXCL3
0,0.5748750612524709,0.627,0.227,0,27,ALOX5AP
0,0.5363799156957405,0.621,0.097,0,27,CCL3L1
0,0.5315025103549127,0.63,0.266,0,27,HMGB2
0,0.5277677920288664,0.975,0.148,0,27,IGKC
0,0.5198372652365346,0.485,0.135,0,27,CITED2
0,0.511296550812665,0.967,0.776,0,27,JUNB
0,0.5082588997603723,0.497,0.13,0,27,STMN1
0,0.5052971574874747,0.404,0.087,0,27,APP
0,0.5027748455060029,0.523,0.196,0,27,RAC1
0,0.5017675851013954,0.737,0.31,0,27,GPR183
0,0.5011665801164913,0.472,0.063,0,27,CYR61
0,0.4833957636420889,0.736,0.3,0,27,DUSP2
0,0.48144136761822254,0.621,0.178,0,27,TAGLN
0,0.47175496782620274,0.561,0.033,0,27,IGHA1
0,0.4634121114339367,1,0.995,0,27,TMSB4X
0,0.4593412433760372,0.666,0.282,0,27,ATP1B3
0,0.4571856861174559,0.611,0.214,0,27,SPARC
0,0.4556247212305736,0.718,0.28,0,27,RGCC
0,0.44826601126279064,0.422,0.089,0,27,ACTA2
0,0.44068157459085583,0.553,0.21,0,27,NPC2
0,0.44026347556701717,0.981,0.76,0,27,FOS
0,0.4284642863131818,0.666,0.026,0,27,JCHAIN
0,0.4261656317624635,0.431,0.115,0,27,RARRES2
0,0.4222017711712963,0.474,0.091,0,27,C3
0,0.42021226368299447,0.451,0.139,0,27,TIMP2
0,0.41914890174855124,0.389,0.099,0,27,TCEAL9
0,0.4152456493243266,0.46,0.129,0,27,C1S
0,0.4102711312451364,0.497,0.157,0,27,RHOB
0,0.4075828956129842,0.339,0.041,0,27,HES1
0,0.39139900764506247,0.505,0.18,0,27,SOCS3
0,0.39033770929589906,0.331,0.053,0,27,CFH
0,0.38208249392831206,0.753,0.14,0,27,CCL3
0,0.3798147337776563,0.864,0.143,0,27,CXCL8
0,0.37611281823285647,0.33,0.066,0,27,FN1
0,0.3743553562342641,0.767,0.304,0,27,COL1A2
0,0.3671123001556229,0.346,0.094,0,27,BEX3
0,0.36414872500083445,0.404,0.122,0,27,MYL9
0,0.3450242887471845,0.262,0.033,0,27,GPX3
0,0.34076979810665753,0.279,0.058,0,27,SNHG25
0,0.3367040783120407,0.299,0.063,0,27,GNG11
0,0.33203745771708126,0.33,0.043,0,27,PLA2G2A
0,0.33089316286967807,0.892,0.216,0,27,HLA-DRA
0,0.32563278899549825,0.281,0.052,0,27,EFEMP1
0,0.3250173918031344,0.302,0.058,0,27,IFI27
0,0.3146546442352677,0.261,0.039,0,27,DEPP1
0,0.3118834851238869,0.322,0.009,0,27,IGHG2
0,0.3048770364086566,0.261,0.051,0,27,FHL2
0,0.3014567248938679,0.309,0.013,0,27,SPP1
0,0.28916810755622313,0.873,0.501,0,27,DCN
0,0.26346555624013196,0.307,0.047,0,27,C15orf48
4.222129218386343e-298,0.5917581154774989,0.719,0.37,1.2815851029489907e-293,27,SDCBP
8.572625528384867e-286,0.5868932396658955,0.738,0.395,2.6021347528859426e-281,27,TAGLN2
1.0587570116271983e-284,0.613273205244138,0.768,0.449,3.213751033093198e-280,27,HNRNPDL
5.2760964656582256e-284,0.3369832640657753,0.416,0.135,1.6015063211858978e-279,27,SERPING1
5.452614038915778e-284,0.30599223573627043,0.289,0.078,1.6550864653724951e-279,27,YWHAH
1.480875308891528e-282,0.5907570176283476,0.815,0.492,4.495048912609344e-278,27,PNRC1
1.806542291887458e-281,0.4364522297160525,0.468,0.18,5.48357847279519e-277,27,SRP9
3.2563589760664996e-275,0.570045185650923,0.977,0.817,9.884352035952253e-271,27,HLA-C
4.135080079722529e-275,0.29522476170236345,0.369,0.115,1.2551622073989765e-270,27,SGK1
1.992103466277874e-274,0.41563625941187293,0.554,0.225,6.046830861539859e-270,27,ITM2A
3.186866756269232e-274,0.5770952317761502,0.992,0.883,9.673415351979627e-270,27,HLA-B
5.569837867880148e-266,0.26671439208042724,0.528,0.19,1.6906685864163401e-261,27,KLRD1
1.4315738021785116e-261,0.4002309923227793,0.522,0.209,4.345399119132654e-257,27,PHLDA1
7.074733687733177e-261,0.2573134555952556,0.281,0.076,2.1474646635745286e-256,27,CD9
3.28333498201073e-259,0.5561582826997559,0.685,0.369,9.966235004395369e-255,27,CLK1
2.725785922820585e-258,0.45184862956868216,0.497,0.206,8.273850590129604e-254,27,FKBP1A
2.2882950360682377e-256,0.33164659234121063,0.429,0.152,6.945890752481529e-252,27,LDLRAD4
3.20738752489249e-254,0.27150400995014257,0.301,0.088,9.735704093058664e-250,27,BATF
8.65221005714484e-248,0.27091668263179697,0.423,0.148,2.6262918407457447e-243,27,SELENOP
1.7709086336740732e-245,0.4398509793894984,0.566,0.253,5.375416066654282e-241,27,ZFAND5
3.342432808221351e-244,0.5483851426512036,0.747,0.442,1.014562054607509e-239,27,UBE2D3
4.8634852387584135e-239,0.5711534718191744,0.803,0.551,1.4762623093727287e-234,27,SKP1
5.027033989261658e-239,0.500884509107975,0.764,0.426,1.5259058971004835e-234,27,LDHA
9.366604176100902e-237,0.384766610736166,0.994,0.95,2.843139031613668e-232,27,ACTB
3.0777126538535114e-236,0.37028057129419634,0.86,0.445,9.342088989506948e-232,27,CREM
1.318778873770513e-235,0.35037826036190867,0.341,0.117,4.003021393443015e-231,27,AP3S1
1.5299931754043417e-231,0.4415947973930612,0.73,0.378,4.644141284622339e-227,27,RPS17
1.750017705994183e-230,0.5532248242320825,0.747,0.478,5.312003744774743e-226,27,CIRBP
1.4833933778080246e-228,0.2636417704423609,0.387,0.134,4.502692258998478e-224,27,KLF4
9.003142593175063e-227,0.33989782356960063,0.943,0.664,2.7328139027323585e-222,27,ZFP36L2
3.23619353856579e-226,0.4296665999765023,0.481,0.211,9.823141866962599e-222,27,PSMA1
7.384684229823018e-225,0.4868060017303717,0.741,0.412,2.241547051120479e-220,27,IFITM2
5.656189986175612e-224,0.2528509352416102,0.392,0.139,1.7168799084037452e-219,27,ID3
3.5576212042685225e-223,0.5043268300449072,0.584,0.301,1.0798803403436673e-218,27,TMEM59
6.620706321714936e-223,0.5302779748692691,0.658,0.372,2.0096491968933516e-218,27,MORF4L1
2.9211513254612254e-219,0.28262264847627827,0.278,0.085,8.866862733305004e-215,27,PLSCR1
4.312488223599814e-218,0.44971396261989205,0.519,0.243,1.3090126753914875e-213,27,YWHAQ
1.8154895237216898e-216,0.29779225809158805,0.313,0.104,5.510736900304818e-212,27,C12orf75
8.398257497317366e-216,0.289937600751051,0.427,0.161,2.5492070807357134e-211,27,IGFBP4
8.820255831505593e-214,0.29434777696221304,0.584,0.263,2.6773004550952076e-209,27,RGS2
2.6600577855609937e-213,0.4515983444244194,0.587,0.298,8.07433940229184e-209,27,RSL24D1
4.4016874216415805e-213,0.30220368374989637,0.58,0.264,1.3360881999650853e-208,27,PSAP
1.0616286576066464e-212,0.3420458471626012,0.445,0.181,3.2224676272992144e-208,27,SERPINB9
5.215200838858822e-211,0.43412685554693164,0.719,0.386,1.5830220626272069e-206,27,YPEL5
7.051053410855389e-210,0.47816891329966427,0.873,0.588,2.140276752331045e-205,27,MCL1
2.033837540006729e-205,0.25759160361318134,0.538,0.23,6.1735104689364244e-201,27,CEBPB
4.126931805739118e-204,0.40205391862585016,0.676,0.344,1.252688880314052e-199,27,SAMSN1
1.5358352980575225e-203,0.2646778338290863,0.705,0.361,4.661874463723804e-199,27,CD69
1.126760426821972e-201,0.26455963470591537,0.498,0.208,3.4201685995754136e-197,27,CEBPD
1.778591222291297e-201,0.37651963408861255,0.518,0.238,5.398735796143003e-197,27,CHMP1B
3.0117772171993006e-201,0.3793266793056371,0.423,0.179,9.141948565086757e-197,27,C6orf48
6.918458471598092e-198,0.30109696231452654,0.336,0.123,2.1000288844688848e-193,27,PTP4A1
1.4364657969118367e-197,0.3076498578537892,0.336,0.122,4.360248279946189e-193,27,CD59
5.224349494223534e-196,0.42822446368140754,0.702,0.378,1.5857990454766115e-191,27,LEPROTL1
1.0679343643093793e-192,0.3946159454596322,0.53,0.254,3.24160796942469e-188,27,DSTN
1.3562028444126703e-192,0.3821625697699971,0.636,0.323,4.1166181139302197e-188,27,ISG20
4.913488158486213e-192,0.4512596408953182,0.938,0.822,1.4914401956269051e-187,27,MYL6
2.3284170288911718e-191,0.32358028988227233,0.355,0.137,7.067677049496263e-187,27,HMGN3
7.17841784123397e-191,0.3515199715662908,0.398,0.166,2.1789369515281592e-186,27,RHEB
4.771114232596577e-190,0.27683298580528637,0.29,0.1,1.448224014162365e-185,27,MTHFD2
6.08483688913526e-189,0.3488663131194473,0.471,0.211,1.8469913893281168e-184,27,TUBB
9.115515664899749e-185,0.4904627517720943,0.726,0.48,2.76692362492367e-180,27,SUMO2
4.550611801679647e-183,0.28860253282814774,0.367,0.142,1.3812927062818402e-178,27,PTMS
1.2479083903314843e-180,0.4692946002120647,0.691,0.418,3.7879011280121874e-176,27,HNRNPH1
3.1296336682134346e-179,0.3454469784358822,0.395,0.169,9.499690036495059e-175,27,ARPP19
8.136093074762082e-178,0.2580477745110744,0.302,0.107,2.4696296919132826e-173,27,KLF10
9.805974704581005e-178,0.33577864036503235,0.69,0.372,2.9765055618285182e-173,27,DDIT4
1.1708253055744826e-177,0.2596064561540047,0.612,0.293,3.553923132540785e-173,27,CD7
2.811554624762795e-177,0.46008004663683133,0.773,0.508,8.534192908004989e-173,27,SUB1
1.416965580411184e-176,0.35130891337496783,0.415,0.185,4.301057322780108e-172,27,SELENOT
7.109293938965962e-176,0.3021676690244206,0.347,0.138,2.1579550822337283e-171,27,RAB1A
1.275233648292663e-175,0.33614772202193344,0.61,0.306,3.8708442160275496e-171,27,TRBC2
3.491466625280435e-173,0.40281840306501726,0.638,0.364,1.0597997794376232e-168,27,CYCS
1.4353383714444478e-172,0.4006592123955911,0.537,0.281,4.356826092682477e-168,27,VAPA
2.546239287685296e-172,0.3736747114065312,0.489,0.241,7.728854733839948e-168,27,TMEM50A
4.729815995666118e-171,0.3160268779373591,0.374,0.157,1.4356883473244933e-166,27,TGIF1
5.829279771882759e-169,0.2775712858203061,0.309,0.117,1.769419581957293e-164,27,SYPL1
1.5314153112930838e-167,0.4840176810007021,0.714,0.481,4.6484580358990264e-163,27,EIF3E
1.6840313005180756e-165,0.2956074628590821,0.329,0.131,5.111708609592567e-161,27,CMPK1
2.5956202051201715e-165,0.43743992026032097,0.896,0.784,7.878745570621769e-161,27,NPM1
7.3876790001758392e-164,0.34558204247892,0.508,0.248,2.2424560837133742e-159,27,STK17A
4.649890353767196e-163,0.4124223536169056,0.814,0.559,1.4114277179824946e-158,27,MYL12A
5.177191669155226e-162,0.398626393756104,0.577,0.318,1.5714847592553774e-157,27,HMGN1
6.694925870923732e-162,0.4626743511775493,0.866,0.718,2.0321777988601896e-157,27,HNRNPA1
2.0022976708243408e-159,0.2675889323538301,0.364,0.15,6.077774350020204e-155,27,GPR171
1.9148041915684973e-158,0.2955384672844765,0.991,0.953,5.8121966430870166e-154,27,H3F3B
6.4295336650768066e-158,0.35370454551651787,0.645,0.369,1.951620648697414e-153,27,H2AFZ
1.1235052157827564e-157,0.41545388197711,0.656,0.402,3.410287731986979e-153,27,PTGES3
2.51212437923372e-156,0.3256569282250624,0.574,0.306,7.625302340726034e-152,27,TUBA1B
3.8754153075015764e-155,0.42188591138046194,0.697,0.445,1.1763435624390285e-150,27,NAP1L1
1.2287262042954927e-152,0.30456670879537606,1,0.988,3.729675520518539e-148,27,RPL21
9.441343518234533e-151,0.3022531539023862,0.419,0.192,2.8658254115249104e-146,27,BHLHE40
6.323547737866839e-149,0.3277411660676711,0.436,0.211,1.9194496803521003e-144,27,POLR2K
1.1053420244364894e-147,0.3137684859074577,0.443,0.214,3.35515518097452e-143,27,TERF2IP
1.6872327349835023e-143,0.3993343925361901,0.602,0.359,5.121426243768923e-139,27,RAP1B
1.694025900458253e-143,0.332883251919055,0.583,0.326,5.142046218250981e-139,27,HMGN2
2.9924629165018693e-142,0.4148125765487317,0.745,0.504,9.083321936749774e-138,27,MYL12B
2.2334352179027117e-140,0.2723631656446497,0.304,0.126,6.779369260421891e-136,27,PYURF
1.4517642110371634e-139,0.2554133575226639,0.306,0.126,4.4066850861822055e-135,27,DUT
1.8406357346872176e-139,0.3261859918516122,0.448,0.226,5.587065709069581e-135,27,GABARAPL2
2.7307744415011298e-139,0.26594861542710835,0.31,0.13,8.28899273973253e-135,27,RAB11A
2.404660266590153e-138,0.331837322232832,0.487,0.254,7.29910577320775e-134,27,ARF4
2.5027915851834766e-138,0.2817763837358323,0.446,0.215,7.596973577665925e-134,27,GNG2
1.8174301554354326e-137,0.2839033123699459,0.999,0.99,5.5166274938087124e-133,27,RPS6
9.428630777672132e-135,0.29494707212781995,0.355,0.162,2.8619665862545987e-130,27,SCP2
2.8297843347060262e-133,0.2879361671397365,0.379,0.178,8.589527369566672e-129,27,PRKAR1A
5.918368893443993e-133,0.27175221743270256,0.398,0.187,1.7964616939159895e-128,27,CTNNB1
5.616800716390763e-132,0.36162037402077085,0.643,0.394,1.7049236894532523e-127,27,PPP1CB
2.807895854537493e-131,0.3733917599739186,0.576,0.346,8.523087076863107e-127,27,ATP6V1G1
8.476446402141205e-128,0.31229511080468886,0.474,0.25,2.5729405409059414e-123,27,EID1
1.2039150776001545e-127,0.2711517966656154,0.393,0.188,3.654363826547509e-123,27,PRNP
6.615400994632636e-127,0.27082517242811144,0.627,0.34,2.0080388179107903e-122,27,CD3D
3.8716174585907026e-126,0.252068257140355,0.419,0.202,1.1751907633806218e-121,27,CDKN1A
3.2802437127938494e-125,0.2794261834547608,0.435,0.219,9.95685176581445e-121,27,ARL6IP1
3.4490987349158197e-125,0.27994857726478883,0.362,0.172,1.046939429996348e-120,27,ATP6AP2
4.797700408212806e-125,0.26012517450490447,0.413,0.201,1.4562939819089153e-120,27,BST2
7.68933879005425e-124,0.2949778038386071,0.387,0.191,2.3340218963330672e-119,27,RAP1A
1.1367227952884838e-122,0.2947117543025347,0.537,0.296,3.450408372818664e-118,27,CCNH
1.5014012443137182e-122,0.28134729612885473,0.441,0.227,4.55735333698986e-118,27,WTAP
5.435591394709833e-121,0.2869518926777539,0.374,0.182,1.6499194119502227e-116,27,TMED2
1.145754183303921e-119,0.2541014872327133,0.331,0.151,3.477822248000722e-115,27,RHOC
1.1820274811294339e-119,0.3844885923564727,0.863,0.722,3.5879262162202836e-115,27,RPL4
2.228206970070788e-118,0.2608090314490419,0.379,0.184,6.76349943695287e-114,27,ARID5A
3.7311212135129586e-118,0.30067269915336803,0.583,0.339,1.1325445331497235e-113,27,HERPUD1
3.718008936170489e-114,0.32358225633804644,0.498,0.286,1.1285644324851902e-109,27,HNRNPF
3.1869719180598475e-113,0.3178412566767171,0.502,0.287,9.673734560078862e-109,27,POMP
2.0777279360871055e-111,0.26002579103369855,0.346,0.167,6.3067353771988e-107,27,PCNP
4.846596415179052e-111,0.29434053331949495,0.508,0.287,1.4711358758634495e-106,27,ST13
5.96220092243271e-111,0.28724753281229004,0.407,0.214,1.8097664679952248e-106,27,SELENOF
1.5734815252380312e-109,0.28815934569340385,0.463,0.254,4.7761458217075195e-105,27,RPS27L
2.2269040038587425e-108,0.3092248053915334,0.507,0.293,6.759544413312827e-104,27,CDC42SE2
2.4227507841914202e-107,0.2627868616461543,0.395,0.203,7.354017730334637e-103,27,PLP2
1.2488213318289408e-106,0.3294543828905424,0.586,0.369,3.790672270633567e-102,27,EIF4G2
2.0540436844880087e-103,0.30063952986373516,0.456,0.26,6.2348441998949015e-99,27,SPCS1
3.1514756432972296e-102,0.27110777143321213,0.443,0.244,9.56598916766441e-98,27,CAPZA1
1.0099674355402813e-101,0.2968106293680087,0.506,0.297,3.06565515383897e-97,27,TPI1
3.173746333325737e-101,0.2510658502236834,0.336,0.167,9.633589620176941e-97,27,CAPZA2
3.5867617367832703e-100,0.28137556428504157,0.476,0.272,1.088725657583194e-95,27,GYPC
5.433555538273692e-100,0.27645860037626796,0.411,0.223,1.6493014480875965e-95,27,VAMP2
1.3794888701107011e-99,0.33551416621519914,0.583,0.379,4.187300516334022e-95,27,RHOA
2.132118455076907e-96,0.29469170921166654,0.962,0.902,6.471832358540444e-92,27,RPLP0
2.6529120937147092e-96,0.2853357911815624,0.534,0.32,8.052649369261628e-92,27,SEPT7
3.1788108782860917e-93,0.2530128006928315,0.384,0.206,9.648962539949602e-89,27,ERH
1.8597792213131333e-92,0.2734440217144111,0.43,0.245,5.645173848373885e-88,27,CUTA
1.5443009519246926e-90,0.2855936863517381,0.445,0.259,4.687571109472212e-86,27,ATP5MC3
3.568245858510444e-90,0.31410003688588783,0.519,0.329,1.0831053478922602e-85,27,CNBP
1.1047985717393834e-89,0.2999946201765825,0.55,0.351,3.3535055846577246e-85,27,UBE2B
1.5643620846441722e-88,0.29643553002208034,0.531,0.339,4.74846467172892e-84,27,ATP6V0E1
1.985711131897108e-88,0.26268363057197974,0.592,0.381,6.027427569760482e-84,27,SOD1
2.378011664581362e-84,0.26827886568489756,0.466,0.281,7.218216606670267e-80,27,C11orf58
2.4469578795360565e-79,0.30248070285912965,0.563,0.376,7.427495947543746e-75,27,RAN
1.3193855454343139e-78,0.27479337962612016,0.686,0.491,4.004862884611316e-74,27,SRSF3
1.394328658249742e-76,0.30901446860379567,0.664,0.495,4.2323452092512665e-72,27,ATP5MC2
1.5499495367323984e-76,0.2879415375240345,0.607,0.423,4.704716823797522e-72,27,HNRNPK
1.735100525332946e-68,0.25699822787287596,0.841,0.692,5.266724134595624e-64,27,CFL1
1.5284114321977988e-66,0.25223046211081585,0.456,0.293,4.639340061293198e-62,27,PCBP1
2.8988940940696223e-62,0.2503733784553659,0.872,0.814,8.799303133138932e-58,27,EEF1D
0,4.888279936972619,0.999,0.327,0,28,HBB
0,4.543482324023037,1,0.292,0,28,HBA2
0,4.1160178538105425,0.992,0.193,0,28,HBA1
1.5704290318887899e-276,0.45621355321487067,0.373,0.116,4.7668802833952326e-272,28,SLC25A37
7.282999543560933e-151,0.9049294422701102,0.451,0.218,2.2106816814524857e-146,28,HLA-DRB1
9.728856585876218e-137,0.862077477064296,0.448,0.225,2.9530971280768675e-132,28,HLA-DPA1
1.9479071912706896e-135,0.8500370377000157,0.446,0.224,5.912677488383052e-131,28,HLA-DRA
5.646263384681227e-132,0.8812323838316765,0.459,0.239,1.7138667877861396e-127,28,HLA-DPB1
2.1580070662805223e-118,0.42920523039854497,0.26,0.1,6.550414648987898e-114,28,HLA-DQA1
2.620266305932159e-114,0.8051766310038873,0.562,0.349,7.953556345026475e-110,28,CD74
3.4827054940275236e-100,0.4510466230260215,0.291,0.128,1.0571404256571145e-95,28,HLA-DQB1
8.639528058343312e-82,0.6913746503083491,0.253,0.114,2.622442346829529e-77,28,LYZ
2.397762542839498e-40,0.34069476294978807,0.648,0.544,7.278168422535013e-36,28,MT-ND4L
1.6735152117878638e-36,0.28690329889291954,0.304,0.194,5.079788073860882e-32,28,CTSS
1.2459849297243605e-23,0.2853952692793742,0.306,0.217,3.782062655685324e-19,28,TYROBP
1.4565646688319144e-15,0.6463683193919101,0.964,0.957,4.421256395772393e-11,28,FTL
1.664056623690655e-8,0.7879667340611569,0.367,0.345,5.051077475550614e-4,28,CST3
0,8.965294995502308,0.778,0.153,0,29,IGKC
0,7.955576146654097,0.427,0.063,0,29,IGLC2
0,7.46766061851274,0.284,0.038,0,29,IGLC3
0,7.1205742465941295,0.706,0.047,0,29,IGHG1
0,6.746096149093745,0.341,0.037,0,29,IGHA1
0,5.937733712266387,0.806,0.027,0,29,JCHAIN
0,5.6509287141895275,0.474,0.019,0,29,IGHG3
0,5.338516331630658,0.473,0.032,0,29,IGHG4
0,4.755012255344507,0.294,0.011,0,29,IGHG2
0,2.644949815688045,0.752,0.02,0,29,MZB1
0,2.2388768065398548,0.866,0.465,0,29,SSR4
0,1.416587453028053,0.576,0.008,0,29,DERL3
0,1.1076074453455431,0.592,0.109,0,29,SEC11C
0,0.9219264792036779,0.593,0.165,0,29,FKBP11
0,0.9217401486019428,0.568,0.068,0,29,PRDX4
0,0.771529823083281,0.532,0.129,0,29,FKBP2
0,0.6817448807846235,0.371,0.027,0,29,CD79A
0,0.6375314939440269,0.38,0.005,0,29,FCRL5
0,0.5413904111615764,0.26,0.002,0,29,JSRP1
0,0.5081032984706826,0.41,0.101,0,29,SDF2L1
0,0.48559531075395773,0.261,0.001,0,29,TNFRSF17
4.900576870831644e-298,1.0385854699820904,0.593,0.249,1.4875211033722374e-293,29,XBP1
6.634758002322145e-231,0.901102740656334,0.66,0.339,2.013914444024864e-226,29,HERPUD1
3.409610263270203e-221,0.5004187062508275,0.385,0.125,1.0349530993130374e-216,29,ITM2C
1.2331611864771602e-185,0.375298927219465,0.256,0.07,3.743137465432772e-181,29,PIM2
7.531724722779496e-183,0.4339302231118145,0.507,0.216,2.2861797223524885e-178,29,SSR3
2.429260331147606e-148,0.6955579369555143,0.753,0.521,7.373776809165443e-144,29,CYBA
1.4121037202568107e-147,0.4074155642190458,0.432,0.186,4.286299632467523e-143,29,SPCS3
1.5064472657595916e-125,0.4044849893967632,0.554,0.295,4.572670030486664e-121,29,SPCS2
9.323545316985382e-123,0.4307485108921686,0.56,0.303,2.830068945517743e-118,29,TMEM59
1.585305263032663e-98,0.3761276710331353,0.481,0.261,4.812035595409346e-94,29,SPCS1
6.950504815389732e-91,0.49359779776019197,0.603,0.373,2.1097562316633993e-86,29,HSP90B1
1.3831825902091353e-89,0.26950071388715935,0.258,0.104,4.198512434320809e-85,29,CD27
6.1705827594222835e-87,0.253404157678353,0.326,0.148,1.8730186907950398e-82,29,NUCB2
5.885929600841724e-82,0.2710374994195715,0.326,0.154,1.786615071039497e-77,29,MANF
1.2424582847279609e-79,0.25656085144784735,0.336,0.161,3.7713578774632526e-75,29,SELENOS
3.9894767464606503e-53,0.3642891352673442,0.335,0.191,1.2109657716206657e-48,29,ANKRD28
6.805306679337957e-33,0.3510982337903899,0.319,0.207,2.0656827894462435e-28,29,CYTOR
0,4.82323274229888,0.981,0.008,0,30,TPSB2
0,4.348353526250715,0.967,0.004,0,30,TPSAB1
0,2.6950413345299222,0.882,0.001,0,30,CPA3
0,2.3756661230347356,0.67,0.03,0,30,HPGD
0,2.2880328793763294,0.531,0.003,0,30,CTSG
0,2.119544775013541,0.785,0.005,0,30,HPGDS
0,1.8046341588238861,0.739,0.001,0,30,MS4A2
0,1.6439996399308492,1,0.963,0,30,FTH1
0,1.492097736691176,0.709,0.199,0,30,GLUL
0,1.464790994736873,0.703,0.296,0,30,LGALS3
0,1.3281208484244413,0.587,0.002,0,30,RHEX
0,1.3274198792000655,0.997,0.912,0,30,VIM
0,1.3207404009519987,0.546,0.023,0,30,GATA2
0,1.2991992187320076,0.655,0.073,0,30,CD9
0,1.2956852495375306,0.929,0.55,0,30,CD63
0,1.2631919381086067,0.603,0.011,0,30,IL1RL1
0,1.2595043700531505,0.558,0.001,0,30,HDC
0,1.168214427375693,0.56,0.01,0,30,KIT
0,1.1095951319136281,0.802,0.461,0,30,CLIC1
0,1.1072365059841431,0.471,0.023,0,30,LTC4S
0,1.1062453680266118,0.646,0.136,0,30,CAPG
0,1.051529247814185,0.76,0.292,0,30,LAPTM4A
0,1.047294685697132,0.977,0.806,0,30,S100A6
0,1.0249325458797607,0.524,0.008,0,30,VWA5A
0,1.0197352124291283,0.582,0.084,0,30,CLU
0,1.0059531553494805,0.668,0.298,0,30,PRDX1
0,1.0027834440473509,0.671,0.242,0,30,CTSD
0,0.9564538267623119,0.491,0.004,0,30,SLC18A2
0,0.9465793257372633,0.695,0.169,0,30,FCER1G
0,0.8869143263379045,0.523,0.158,0,30,SERPINB1
0,0.862714197019329,0.64,0.264,0,30,PEBP1
0,0.8286600688540362,0.617,0.229,0,30,ALOX5AP
0,0.8131040667413576,0.441,0.005,0,30,RGS13
0,0.7625491687499668,0.325,0.05,0,30,PTGS2
0,0.7375652893864235,0.407,0.05,0,30,TMEM176B
0,0.7278371748479678,0.422,0.049,0,30,ACSL4
0,0.7159923828196634,0.519,0.132,0,30,ASAH1
0,0.7022840505392386,0.427,0.087,0,30,BATF
0,0.6910088806255025,0.46,0.074,0,30,ARHGAP18
0,0.6041208630777863,0.345,0.001,0,30,AL157895.1
0,0.5861281294678244,0.338,0.044,0,30,LEO1
0,0.539082031299247,0.292,0.023,0,30,CPM
0,0.5180267904186833,1,0.956,0,30,FTL
0,0.5077403954822759,0.284,0.037,0,30,DUSP14
0,0.483558201624139,0.332,0.059,0,30,CD82
0,0.46440434600732206,0.318,0.028,0,30,FCER1A
0,0.4631488867930921,0.281,0.018,0,30,BTK
0,0.4455881617860874,0.275,0.01,0,30,RAB27B
0,0.4106557410969742,0.276,0.027,0,30,MAOB
0,0.40904943067604693,0.27,0.029,0,30,BMP2K
0,0.38131974692556564,0.254,0.041,0,30,ADRB2
2.3038660223666847e-299,1.3064759217699917,0.869,0.568,6.993154924291835e-295,30,ANXA1
2.608878383718479e-299,0.35736791476045,0.267,0.054,7.918989445939071e-295,30,ANXA4
7.734787349989833e-295,0.558285015785302,0.318,0.076,2.3478173522159138e-290,30,NSMCE1
4.249549871345941e-282,0.8695937709942898,0.93,0.769,1.289908367948347e-277,30,RPL36AL
7.705137824663418e-280,1.1473205952733199,0.604,0.264,2.338817535298334e-275,30,RGS2
1.478924297280519e-261,0.4306097341228,0.616,0.214,4.489126811965287e-257,30,TYROBP
9.519574959683113e-259,1.5924944730295691,0.69,0.387,2.889571783262212e-254,30,LMNA
6.700612782344919e-256,0.6149883213220271,0.408,0.132,2.033904003952977e-251,30,CDC42EP3
2.752184191467493e-247,0.5319133866822693,0.272,0.065,8.353979894780429e-243,30,DUSP6
2.8389146309913898e-244,0.3589142769938086,0.287,0.07,8.617241470911265e-240,30,SMIM3
6.708084369938701e-241,0.825411532466408,0.557,0.236,2.036171929651193e-236,30,PLIN2
4.882296358693167e-210,0.3372052743672171,0.268,0.07,1.481972236717724e-205,30,CTNNBL1
5.471715720032459e-206,0.6004405938189479,0.476,0.192,1.660884589658653e-201,30,BHLHE40
1.9130721202552243e-193,0.4147205159868682,0.262,0.07,5.806939113822708e-189,30,VEGFA
9.357560289119113e-192,0.9940597895926875,0.941,0.812,2.8403938501592154e-187,30,UBB
6.600071275818929e-188,0.3597903591424489,0.275,0.078,2.0033856350620774e-183,30,CPEB4
6.942572890288838e-178,0.5075757101957143,0.474,0.207,2.107348575118274e-173,30,ATP6V1F
1.9265970425358933e-175,0.5656511840564935,0.996,0.987,5.84799266291345e-171,30,FAU
2.8407774563053066e-172,0.8321189017569541,0.849,0.619,8.622895890869127e-168,30,S100A4
1.3141874394801934e-167,0.6968608720509654,0.441,0.19,3.989084553798179e-163,30,ANKRD28
2.7110408776394327e-167,0.69288584447423,0.671,0.405,8.229093479986734e-163,30,EMP3
7.865318338097614e-163,0.8159955006957782,0.927,0.71,2.3874387283461495e-158,30,SRGN
9.465321512192496e-163,0.39742818684838577,0.358,0.132,2.87310369181091e-158,30,SEPT2
7.735540262213768e-158,0.5258503668225059,0.463,0.211,2.3480458911923672e-153,30,RGS10
4.4598170133139015e-151,0.37732481941263485,0.291,0.098,1.3537328562213018e-146,30,DUSP10
2.872342933287772e-150,0.29022780506536233,0.266,0.083,8.718709739701703e-146,30,RNF130
4.6915829045818584e-148,1.0066751637297284,0.767,0.553,1.4240830748567774e-143,30,NFKBIA
3.2652514139235257e-141,0.5265522702400671,0.55,0.292,9.91134414182347e-137,30,RAC2
9.606166587029026e-141,0.4602957512990624,0.998,0.995,2.9158558058267905e-136,30,RPS4X
1.3250389515498641e-139,0.81314535318654,0.986,0.984,4.0220232335344575e-135,30,MT-ND3
1.4298379606657145e-135,0.533617658498213,0.634,0.384,4.34013014580471e-131,30,GPX4
3.9934832613469225e-135,0.4646058614532109,0.465,0.221,1.2121819091492448e-130,30,CKLF
1.3026701324217765e-132,0.4570442875472005,0.999,0.995,3.9541249199530603e-128,30,RPL11
1.3457782400400857e-132,0.5993596044326148,0.319,0.122,4.084975269817676e-128,30,TSC22D1
2.531802047795701e-132,0.42576165586374576,0.305,0.114,7.685031935879071e-128,30,LMO4
1.571788999941668e-127,0.5441322655860802,0.524,0.286,4.771008330422939e-123,30,DBI
2.636976556066008e-119,0.44795070611884036,0.977,0.953,8.00427863828276e-115,30,NACA
7.453181824513777e-119,0.3350917525745142,0.276,0.102,2.2623388110129118e-114,30,AHR
1.689675743759887e-116,0.5911113119483591,0.803,0.617,5.12884175260876e-112,30,SH3BGRL3
1.250042325736218e-115,0.5304609019281125,0.614,0.373,3.7943784755397166e-111,30,SDCBP
2.0651220509587557e-114,0.980883445624402,0.521,0.308,6.268471473480207e-110,30,TUBA1A
7.67031870911143e-111,0.5714144263291449,0.648,0.443,2.328248540963683e-106,30,NDUFA4
5.952268700292488e-109,0.48753269016064626,0.989,0.964,1.8067516412867818e-104,30,RPL5
5.37084032440722e-103,0.32135586596903376,0.303,0.126,1.6302648720705675e-98,30,ITM2C
1.0883841268330445e-102,0.5123301759716914,0.678,0.477,3.3036811785890235e-98,30,ARPC3
1.105951332028104e-102,0.3133507224453338,0.321,0.139,3.357004673238107e-98,30,TALDO1
9.684928099604064e-101,0.30397428421485984,0.294,0.122,2.9397630753538175e-96,30,LAT
5.233756442498715e-99,0.3664226569842757,0.386,0.188,1.58865443055606e-94,30,ATP6V0B
2.1427309551993808e-98,0.5869511785579009,0.7,0.519,6.5040455414122e-94,30,CD44
1.1441572748030914e-97,0.49933171514329955,0.535,0.321,3.4729749919373038e-93,30,SQSTM1
4.853336462843885e-96,0.3602889760369785,0.353,0.168,1.4731817499316327e-91,30,COX17
5.805621424295428e-96,0.5296345035743311,0.703,0.508,1.7622383271306343e-91,30,S100A11
1.0484383827671816e-93,0.5927977740540267,0.981,0.978,3.182429867051503e-89,30,MT-ND2
1.0108293578622585e-90,0.4053589313158947,0.435,0.24,3.0682714328550994e-86,30,DAD1
1.3581229007726696e-90,0.28738396142447975,0.273,0.114,4.122446253005362e-86,30,DDAH2
3.2826345351899094e-89,0.4420482832735907,0.435,0.245,9.964108868115451e-85,30,PRDX6
2.5373653552936344e-88,0.4168971498176992,0.981,0.953,7.701918799458298e-84,30,H3F3B
4.2491797241848076e-88,0.3206343228045613,0.302,0.133,1.2897960134790564e-83,30,STMN1
6.477874829788128e-88,0.8288500656044148,0.379,0.189,1.9662941258338884e-83,30,AREG
2.1395607378628033e-87,0.411042386231729,0.479,0.282,6.494422663708753e-83,30,VAPA
3.3020648103382726e-86,0.4361107602540766,0.792,0.655,1.0023087525300793e-81,30,SRP14
1.0854116097984122e-83,0.3231641641274847,0.999,0.995,3.2946584003821004e-79,30,RPL34
6.4358768810759974e-83,0.47949054634673693,0.555,0.367,1.9535460684818084e-78,30,SEC61B
6.989342329977218e-83,0.4256667661247542,0.867,0.747,2.1215449708412845e-78,30,ITM2B
4.977216977124102e-82,0.25085767834468986,0.25,0.103,1.5107844412362498e-77,30,GNPTAB
1.280858409818846e-81,0.3983673809405192,0.472,0.282,3.887917617164125e-77,30,SEC11A
5.9957107822247604e-80,0.3326938806330011,0.998,0.988,1.8199380508365038e-75,30,PTMA
6.311938779522715e-80,0.5313616453680634,0.559,0.389,1.915925897136325e-75,30,AKAP13
1.098435540128038e-78,0.2914906739846969,0.287,0.132,3.3341912385046463e-74,30,FKBP2
1.1936249099762775e-75,0.3183836263208106,0.382,0.202,3.623129051741993e-71,30,BST2
1.3224699870985805e-73,0.4458534647058644,0.494,0.308,4.014225398839031e-69,30,TUBA1B
2.3108025937689715e-70,0.3392921434974969,0.349,0.187,7.014210193126336e-66,30,ATP5F1C
5.495737472331257e-70,0.3225780033656309,0.994,0.98,1.6681761523514297e-65,30,RPL14
6.953019904430464e-70,0.4844183767749666,0.991,0.988,2.1105196617908233e-65,30,MT-CO2
5.349078986709006e-67,0.42436767142863663,0.595,0.434,1.6236594356256516e-62,30,EIF3K
1.8171194169181293e-63,0.3247372091269849,0.545,0.354,5.515684278113289e-59,30,TXN
2.397380753317074e-63,0.27204180303198094,0.298,0.153,7.277009538618647e-59,30,FAM96B
3.2649580342512536e-63,0.3040086137205142,0.346,0.19,9.910453617166255e-59,30,PHF20
5.720110850578472e-63,0.3043270761190961,0.312,0.162,1.7362824475845893e-58,30,MAP3K8
3.916393724915324e-62,0.5365122983903303,0.987,0.985,1.1887821512607976e-57,30,MT-CYB
8.155510404513368e-62,0.43758311262138594,0.431,0.262,2.4755236281859878e-57,30,BIRC3
2.2749207958388747e-61,0.2824219377017422,0.362,0.204,6.905294583689321e-57,30,PFDN2
1.585509058251849e-60,0.39830069916622846,0.455,0.297,4.812654195417662e-56,30,LDHB
1.1786364457268368e-59,0.44599714521075107,0.579,0.413,3.57763306735924e-55,30,SELENOK
2.737248679672109e-59,0.2623911893785503,0.403,0.23,8.30864464227672e-55,30,ZEB2
4.067620664941061e-59,0.3544279526500552,0.502,0.34,1.2346855766362097e-54,30,ATP6V0E1
7.771109984218689e-59,0.31249893826363034,0.374,0.22,2.358842724609741e-54,30,NDUFB4
1.733362776604518e-58,0.2969768447958572,0.999,0.993,5.261449372105354e-54,30,RPL30
1.7878015984603716e-58,0.4118378797660297,0.638,0.496,5.426692971966612e-54,30,ATP5MC2
4.759095326218561e-55,0.3176527649510624,0.505,0.342,1.4445757953203821e-50,30,FXYD5
8.011105672946096e-55,0.31965815903448747,0.442,0.284,2.431691015966058e-50,30,ARL6IP5
3.140583957542554e-54,0.2849465411782033,0.977,0.938,9.532928544724668e-50,30,RPL22
7.28201802945182e-54,0.26139994479540096,1,0.999,2.2103837526598055e-49,30,RPL10
2.84568385868969e-51,0.28374941271999443,0.991,0.984,8.637788784666686e-47,30,RPL7A
1.1600236713309816e-50,0.35481479630794766,0.545,0.398,3.521135851958062e-46,30,TAGLN2
4.393805941415834e-50,0.29301401310549147,0.527,0.347,1.3336958554573623e-45,30,SAMSN1
1.9555391498067194e-48,0.28551329642920864,0.386,0.242,5.935843535323316e-44,30,WDR83OS
1.2028128088043811e-47,0.27083425177610415,0.381,0.238,3.651017999844819e-43,30,DRAP1
9.932935879805202e-47,0.3483659212876963,0.629,0.506,3.015043356956071e-42,30,MYL12B
3.0250186159156307e-46,0.3197332970304473,0.468,0.326,9.182141506750306e-42,30,RBM8A
3.245706241632711e-45,0.3385974857332944,0.546,0.41,9.85201672585193e-41,30,SLC25A3
3.7622082590952863e-44,0.2835800793701843,0.399,0.262,1.1419806949657832e-39,30,SPCS1
3.2403997488307938e-43,0.2972963870366051,0.438,0.298,9.835909397600991e-39,30,CSTB
3.772446674882178e-42,0.2983234153424139,0.575,0.424,1.1450884636937363e-37,30,LAPTM5
2.927542880844533e-41,0.2786685754970334,0.366,0.236,8.886263660515496e-37,30,VPS28
3.506216213539736e-41,0.2932928075841963,0.681,0.544,1.0642768694578515e-36,30,MT-ND4L
3.653731753301575e-39,0.2660823076294845,0.915,0.879,1.1090537363971603e-34,30,RPL23
8.335942383434612e-37,0.29423135788834887,0.595,0.482,2.530291951067742e-32,30,SUMO2
1.2696252213664745e-34,0.28526606354733364,0.468,0.348,3.8538203969357965e-30,30,ATP6V1G1
2.222565388104271e-34,0.28813371351749395,0.503,0.385,6.746374979051703e-30,30,UQCRH
2.6729451400091976e-34,0.2753572511760509,0.404,0.281,8.113457677983918e-30,30,PDIA3
1.325452129602329e-32,0.2849826340598549,0.824,0.762,4.0232773941949097e-28,30,GAPDH
2.3038129279612309e-32,0.25634579451360884,0.435,0.314,6.992993761533521e-28,30,BZW1
3.8505582309160325e-32,0.3359301202033671,0.984,0.987,1.1687984454122526e-27,30,MT-ND4
8.994957745190563e-32,0.3240004001522897,0.408,0.292,2.7303294739751435e-27,30,KDM6B
2.8159653739145836e-31,0.2865350134191481,0.43,0.318,8.547581295980326e-27,30,SEC61G
8.564640441254877e-31,0.28004611964306947,0.718,0.652,2.5997109595385057e-26,30,COX4I1
2.2920055476666482e-29,0.3059730415214226,0.957,0.943,6.957153639387344e-25,30,MT-ND5
3.1551418911022777e-28,0.2664159743609471,0.611,0.521,9.577117696251853e-24,30,OST4
1.5018132316452634e-24,0.27884276564625043,0.994,0.992,4.5586038833360324e-20,30,MT-CO1
5.8141642865249634e-24,0.26310787158974036,0.604,0.502,1.7648314275317874e-19,30,DYNLL1
1.6754162973030116e-20,0.27362134756360756,0.915,0.87,5.085558628833561e-16,30,HSP90AB1
1.9635868131449132e-16,0.3495729105979375,0.447,0.368,5.96027141262007e-12,30,GADD45B
5.717467576235241e-14,0.2981150622726596,0.891,0.848,1.735480108090445e-9,30,JUND
5.585023187522559e-13,0.2594972621352989,0.556,0.479,1.6952779383405975e-8,30,MT2A
2.5629408455084714e-11,0.25907907838314115,0.46,0.403,7.779550642456414e-7,30,HSPA5
3.9397796808435633e-10,0.2833052837390482,0.484,0.434,1.1958807243232552e-5,30,ID2
0,3.661006628477658,0.997,0.113,0,31,C11orf96
0,2.880952994395329,0.96,0.106,0,31,TIMP3
0,2.8309180884528877,0.981,0.109,0,31,APOE
0,2.7168007457209105,0.985,0.143,0,31,RBP1
0,2.5380352038086773,0.994,0.292,0,31,LUM
0,2.2458833114221997,0.956,0.11,0,31,RND3
0,2.1401248583761396,0.941,0.072,0,31,IGFBP2
0,2.015744191156909,0.926,0.127,0,31,VCAN
0,1.9263000062175148,0.999,0.698,0,31,LGALS1
0,1.8761038353581312,0.836,0.086,0,31,IGFBP3
0,1.8566659306147115,0.882,0.077,0,31,TGM2
0,1.8425941569307358,0.972,0.104,0,31,RAMP1
0,1.7743679488485413,0.721,0.021,0,31,IGFBP1
0,1.7628362783459908,0.998,0.819,0,31,NEAT1
0,1.636458597311408,0.966,0.35,0,31,TXN
0,1.5807125415611476,0.97,0.459,0,31,COX6C
0,1.5444299981684635,0.946,0.255,0,31,CALD1
0,1.4946321625875667,0.965,0.309,0,31,CD81
0,1.4746542362687167,0.926,0.157,0,31,IGFBP4
0,1.4255171034185101,0.93,0.182,0,31,IGFBP7
0,1.3954720128172213,0.661,0.045,0,31,ARC
0,1.3828470207544643,0.934,0.227,0,31,CEBPB
0,1.3711042991421687,0.725,0.179,0,31,TAGLN
0,1.3573618300747086,0.877,0.217,0,31,IER3
0,1.348074839663969,0.629,0.033,0,31,RRAD
0,1.3303109355459735,0.869,0.118,0,31,MYL9
0,1.3193260594776504,0.996,0.502,0,31,DCN
0,1.252873349424236,0.707,0.04,0,31,CCDC71L
0,1.221985630741905,0.992,0.806,0,31,S100A6
0,1.2214947669926763,0.761,0.147,0,31,CXCL8
0,1.1853159317058193,0.857,0.144,0,31,MEG3
0,1.1665194398923375,0.639,0.094,0,31,GADD45G
0,1.1555846200522097,0.76,0.159,0,31,GADD45A
0,1.153045685778391,0.838,0.103,0,31,MMP2
0,1.1196920699744217,0.931,0.428,0,31,PPIB
0,1.1186078189608128,0.804,0.125,0,31,TPM1
0,1.1124773193133592,0.991,0.822,0,31,MYL6
0,1.1032629634561824,0.909,0.452,0,31,IER2
0,1.0749827844060766,0.974,0.572,0,31,DUSP1
0,1.0489789401240865,0.441,0.009,0,31,LEFTY2
0,1.0484551122765382,0.703,0.093,0,31,CAV1
0,1.0389155962170837,0.605,0.053,0,31,CDKN1C
0,1.030159957713285,0.732,0.132,0,31,SPON2
0,1.0271516572255086,0.823,0.196,0,31,ATF3
0,1.013835653845909,0.95,0.424,0,31,EGR1
0,1.010175537680143,0.773,0.108,0,31,BASP1
0,1.0068620084050013,0.934,0.266,0,31,SOD2
0,0.9947818736431382,0.708,0.095,0,31,GEM
0,0.9932660895053811,0.807,0.153,0,31,TPM2
0,0.9912677534359399,0.746,0.063,0,31,MXRA8
0,0.9845143587650792,0.615,0.083,0,31,CRYAB
0,0.9663036614234259,0.982,0.55,0,31,NFKBIA
0,0.9649686712167027,0.802,0.267,0,31,ARID5B
0,0.9644552047061672,1,0.997,0,31,RPS18
0,0.9590476485197446,0.81,0.144,0,31,YBX3
0,0.9564749390151779,0.997,0.902,0,31,RPLP0
0,0.9543201622637802,0.968,0.55,0,31,CD63
0,0.9416387733100077,0.709,0.083,0,31,PPP1R14B
0,0.9415111101724349,0.869,0.295,0,31,LGALS3
0,0.9336220527523689,0.714,0.169,0,31,KCNQ1OT1
0,0.9230405264973232,0.515,0.047,0,31,DKK1
0,0.9198487349693473,0.652,0.014,0,31,ADRA2C
0,0.9168323603610126,0.83,0.305,0,31,TUBA1A
0,0.916477406375737,0.818,0.193,0,31,SELENOM
0,0.9082591218027309,0.711,0.078,0,31,PDLIM1
0,0.8902685459822546,0.785,0.221,0,31,NFKBIZ
0,0.8850215434503288,0.5,0.029,0,31,PAEP
0,0.8760893843114668,0.949,0.557,0,31,SAT1
0,0.8698877712747394,0.659,0.071,0,31,TRIB1
0,0.8678692854984768,0.666,0.079,0,31,TNFAIP2
0,0.8644890625635484,0.668,0.071,0,31,CRISPLD2
0,0.8451693004290981,0.602,0.097,0,31,IGFBP6
0,0.840487091608311,0.746,0.122,0,31,S100A13
0,0.8401852917457717,0.723,0.127,0,31,MDK
0,0.839423635185287,0.609,0.05,0,31,S100A16
0,0.8385843544129732,0.852,0.252,0,31,DSTN
0,0.8384873787187045,0.525,0.013,0,31,WNT4
0,0.8379695296058493,0.571,0.117,0,31,SOX4
0,0.8351627068182836,0.733,0.188,0,31,PDIA6
0,0.8296571989648961,0.629,0.063,0,31,CYR61
0,0.8258470332187926,0.999,0.942,0,31,MT-ND5
0,0.8225866994235311,0.968,0.658,0,31,FOSB
0,0.8225636824542051,0.656,0.064,0,31,CPXM1
0,0.808212901705545,0.999,0.989,0,31,RPL12
0,0.8026354648057396,0.74,0.137,0,31,TIMP2
0,0.7994735360411687,0.91,0.395,0,31,GNAS
0,0.7987642838885924,0.996,0.945,0,31,RACK1
0,0.7987112022386906,1,0.981,0,31,RPS2
0,0.7903484686811827,0.664,0.088,0,31,CUX1
0,0.7900333221480411,0.526,0.016,0,31,C1QTNF6
0,0.78704962188538,0.579,0.037,0,31,PRLR
0,0.7848964936560655,0.606,0.037,0,31,PDLIM4
0,0.7820563398392707,0.726,0.234,0,31,PLIN2
0,0.7797671030027997,0.791,0.139,0,31,FBLN1
0,0.7752932832443122,0.547,0.073,0,31,PLPP1
0,0.7742508635802396,1,0.986,0,31,RPL29
0,0.7718953945942031,0.948,0.508,0,31,PPP1R15A
0,0.7657931210502167,0.679,0.106,0,31,EMP1
0,0.7578411092626838,0.666,0.158,0,31,MYDGF
0,0.7546331329781775,0.76,0.195,0,31,RAC1
0,0.7485552131721498,0.712,0.189,0,31,P4HB
0,0.7443006129652686,0.593,0.075,0,31,C20orf27
0,0.7353404034647237,0.999,0.92,0,31,ACTG1
0,0.7333085493579408,0.673,0.123,0,31,SERPINH1
0,0.7332149203434252,0.487,0.04,0,31,APCDD1
0,0.7296315441748442,0.925,0.492,0,31,PNRC1
0,0.7283594492607939,0.551,0.06,0,31,PLAT
0,0.7249693124393835,0.999,0.993,0,31,RPS8
0,0.7208018546403592,0.58,0.126,0,31,AC016831.1
0,0.7199255726560383,0.507,0.053,0,31,ID4
0,0.7181514206029684,0.614,0.079,0,31,MFGE8
0,0.7168000361471519,0.816,0.313,0,31,ANXA2
0,0.7150437481428045,0.752,0.248,0,31,XBP1
0,0.7131868380261315,0.999,0.984,0,31,RPL8
0,0.703458074492337,0.632,0.15,0,31,MANF
0,0.7015592222356613,0.722,0.161,0,31,CTSB
0,0.7013865073559357,0.868,0.382,0,31,GPX4
0,0.699734415145982,0.832,0.38,0,31,CALR
0,0.6984538925971404,0.507,0.047,0,31,CD248
0,0.6983281570195341,0.7,0.217,0,31,OSTC
0,0.6959726749025275,0.83,0.364,0,31,SEC61B
0,0.6949100339541247,0.534,0.034,0,31,INAFM1
0,0.6916804058888573,0.76,0.246,0,31,TPM4
0,0.6912966601004651,0.556,0.07,0,31,HTRA1
0,0.6787043301310737,0.521,0.049,0,31,SLC2A1
0,0.6758590158602971,0.709,0.241,0,31,MTDH
0,0.6754559087672043,0.601,0.091,0,31,NBL1
0,0.6730672705029788,1,0.985,0,31,MT-CYB
0,0.6723408065514961,0.459,0.018,0,31,FAM213A
0,0.6689931145334593,0.579,0.083,0,31,CD151
0,0.6660316058005918,0.69,0.19,0,31,SERTAD1
0,0.6657746507998583,0.586,0.096,0,31,CALU
0,0.6650687077851092,0.804,0.37,0,31,HSP90B1
0,0.6635501011043912,0.433,0.022,0,31,TWIST1
0,0.663164754387204,0.861,0.384,0,31,YBX1
0,0.6626796822057757,0.998,0.959,0,31,RPS5
0,0.6581877196405933,0.521,0.033,0,31,TWIST2
0,0.6566348302932848,0.519,0.033,0,31,ULK4
0,0.6550880255251811,0.454,0.046,0,31,CTGF
0,0.6528376697907912,0.577,0.133,0,31,KLF4
0,0.6527772103993743,0.998,0.936,0,31,RPL7
0,0.6509122349241167,0.507,0.075,0,31,MIR222HG
0,0.6466528549709429,0.531,0.043,0,31,AXL
0,0.643672415556745,0.999,0.999,0,31,RPL10
0,0.641779715611984,0.548,0.075,0,31,CAVIN1
0,0.6366483812239455,0.827,0.387,0,31,SSR2
0,0.6299901201040533,0.469,0.071,0,31,ABL2
0,0.6275971883038853,0.603,0.129,0,31,FKBP2
0,0.6173502472355019,0.772,0.214,0,31,SPARC
0,0.6130102895657359,0.459,0.045,0,31,FERMT2
0,0.6120131304913226,0.488,0.045,0,31,EVA1B
0,0.6092673847683461,0.582,0.157,0,31,RHOB
0,0.6051528963452211,0.55,0.106,0,31,ZEB1
0,0.604786201618525,0.474,0.049,0,31,APOC1
0,0.6042685360997673,0.494,0.053,0,31,GPRC5A
0,0.60268123701794,1,0.995,0,31,RPS4X
0,0.6013400019076481,0.466,0.065,0,31,PPP1R14A
0,0.5999489740131185,0.543,0.147,0,31,RBBP6
0,0.5997951620349448,0.875,0.398,0,31,GSTP1
0,0.5973915264941375,0.488,0.041,0,31,TGFB1I1
0,0.5962692448029485,0.642,0.134,0,31,SERPING1
0,0.5942977264615906,0.746,0.277,0,31,ANXA5
0,0.5923385264530772,0.928,0.361,0,31,COL1A1
0,0.5917315975022233,0.428,0.038,0,31,ADAMTS9
0,0.5851691316464083,0.416,0.016,0,31,SLC6A8
0,0.5843818519582886,0.727,0.266,0,31,RABAC1
0,0.5843137704728787,0.594,0.141,0,31,PTMS
0,0.5770586822736139,0.654,0.202,0,31,BSG
0,0.573784235081945,0.517,0.114,0,31,FOXO1
0,0.5715889271592818,0.579,0.139,0,31,MTCH1
0,0.5665053907420783,0.477,0.05,0,31,EMILIN2
0,0.5652262430304155,0.446,0.057,0,31,TNFRSF12A
0,0.563646309509398,0.452,0.05,0,31,INSR
0,0.5597934082420603,0.563,0.161,0,31,LRPAP1
0,0.5595423078357905,0.478,0.046,0,31,MXRA7
0,0.5575687185728155,0.438,0.029,0,31,CLMP
0,0.5567914856401425,0.37,0.035,0,31,LMCD1
0,0.5553148373739871,0.471,0.072,0,31,ISLR
0,0.5499515355512871,0.44,0.033,0,31,SMTN
0,0.5493841482893238,0.488,0.059,0,31,RCN1
0,0.5493607336747359,0.473,0.071,0,31,SEPT11
0,0.5485911942913461,0.664,0.238,0,31,RTN4
0,0.5481763306296759,0.615,0.196,0,31,EIF5A
0,0.5474963048539254,0.644,0.216,0,31,PRDX5
0,0.5470408057161088,0.448,0.039,0,31,ANTXR1
0,0.5461591549154666,0.432,0.034,0,31,SPSB1
0,0.5454256810050735,0.449,0.043,0,31,VASN
0,0.5453346725638563,0.454,0.055,0,31,SRM
0,0.5432145968711772,0.624,0.215,0,31,SSR3
0,0.5425008374559234,0.452,0.053,0,31,F3
0,0.536275111045073,0.508,0.099,0,31,TMEM165
0,0.5361385033540541,0.603,0.206,0,31,FKBP1A
0,0.5118527753147578,0.398,0.027,0,31,TMEM37
0,0.5095653672081373,0.461,0.073,0,31,NFIL3
0,0.5077618077000966,0.391,0.027,0,31,PXDN
0,0.5053399840489567,0.461,0.069,0,31,RAB13
0,0.4941999051281835,0.382,0.018,0,31,EFHD1
0,0.49249783567544464,0.394,0.046,0,31,CD24
0,0.48941920631592956,0.412,0.066,0,31,CKB
0,0.48927565559365527,0.32,0.021,0,31,BMP2
0,0.48623183128675834,0.423,0.052,0,31,TRIOBP
0,0.47957445918427283,0.654,0.144,0,31,C1R
0,0.47649571470176233,0.501,0.146,0,31,KDELR2
0,0.4752357638630121,0.444,0.068,0,31,NID1
0,0.4734782169621559,0.399,0.059,0,31,DAXX
0,0.4718485418423091,0.568,0.162,0,31,TCEAL4
0,0.4668870390957893,0.35,0.011,0,31,GNG4
0,0.46335804357064386,0.392,0.058,0,31,ACTN1
0,0.46014369006067535,0.446,0.096,0,31,CLTB
0,0.4598487487817722,0.421,0.101,0,31,SDF2L1
0,0.4589036711161484,0.336,0.012,0,31,VWA1
0,0.4577264073094951,0.301,0.027,0,31,NPW
0,0.4549820134791887,0.402,0.044,0,31,NECTIN2
0,0.4509917405143331,0.345,0.03,0,31,CNN1
0,0.44914346541537653,0.429,0.093,0,31,NR2F2
0,0.44826973216282995,0.41,0.064,0,31,CLIC4
0,0.44766979213203056,0.389,0.067,0,31,THY1
0,0.44732285012890327,0.461,0.122,0,31,IRS2
0,0.44667834497862613,0.429,0.082,0,31,SEC61A1
0,0.44583096469092987,0.367,0.052,0,31,EFEMP1
0,0.44552539127176327,0.348,0.032,0,31,SPHK1
0,0.4416312717482462,0.471,0.123,0,31,HM13
0,0.44091904225378037,0.36,0.037,0,31,DUSP14
0,0.43980551580405114,0.392,0.073,0,31,VCL
0,0.43823646171142755,0.438,0.08,0,31,APOD
0,0.43761293601772727,0.416,0.069,0,31,COL4A2
0,0.43718624041439996,0.357,0.067,0,31,AKAP12
0,0.43535574288823065,0.374,0.052,0,31,ENG
0,0.43328644781567316,0.424,0.101,0,31,PDLIM2
0,0.43294529704341944,0.481,0.131,0,31,RRBP1
0,0.4329023984300926,0.474,0.114,0,31,NUPR1
0,0.43209379056482533,0.428,0.084,0,31,MAP1LC3A
0,0.4299686091364384,0.372,0.047,0,31,PKIG
0,0.4295152449592018,0.338,0.025,0,31,LMOD1
0,0.4217971489858572,0.451,0.114,0,31,ZYX
0,0.4201096837241126,0.35,0.03,0,31,PDPN
0,0.41568690188231705,0.409,0.098,0,31,ADI1
0,0.4143594675315103,0.317,0.024,0,31,ARSG
0,0.41359060757135213,0.46,0.131,0,31,HNRNPAB
0,0.41107151385813995,0.406,0.091,0,31,LRRC59
0,0.4086916022794971,0.34,0.033,0,31,ALDH1A2
0,0.40752848094499616,0.367,0.077,0,31,SPTSSA
0,0.40653045514783925,0.314,0.052,0,31,FILIP1L
0,0.4055839010155314,0.314,0.042,0,31,FAM207A
0,0.4044341387872964,0.425,0.105,0,31,CHCHD10
0,0.40410267557238067,0.354,0.069,0,31,OSR2
0,0.40409681401377034,0.289,0.027,0,31,RCAN1
0,0.402704145451964,0.422,0.1,0,31,MAP2K2
0,0.3969559689160075,0.361,0.056,0,31,MPST
0,0.39494118414178725,0.4,0.087,0,31,DST
0,0.392959595101927,0.52,0.129,0,31,C1S
0,0.39178497786483657,0.261,0.016,0,31,LY6K
0,0.39019962243691,0.466,0.13,0,31,KDELR1
0,0.38999409913290445,0.38,0.073,0,31,PRSS23
0,0.38917840474035215,0.337,0.05,0,31,TBX3
0,0.3891318830596147,0.341,0.059,0,31,HIC1
0,0.3861791405124421,0.351,0.052,0,31,KANK2
0,0.38540083519214796,0.3,0.019,0,31,TSKU
0,0.3853593360083693,0.361,0.063,0,31,RAB31
0,0.38421991149167334,0.369,0.076,0,31,PALLD
0,0.3836562807133628,0.392,0.087,0,31,PMP22
0,0.38049624817221167,0.318,0.041,0,31,LRRC8A
0,0.3800744268396629,0.294,0.017,0,31,SAMD11
0,0.37913874788168983,0.27,0.035,0,31,ADAMTS5
0,0.3760393760690107,0.331,0.044,0,31,TUBB6
0,0.37527717478512423,0.295,0.018,0,31,ZDHHC14
0,0.37466210833047575,0.306,0.034,0,31,PAWR
0,0.37456698280851436,0.321,0.043,0,31,PHLDB1
0,0.37275061934953785,0.295,0.028,0,31,IGF1R
0,0.37131319686612807,0.356,0.065,0,31,PTN
0,0.3704999830313807,0.31,0.033,0,31,MCC
0,0.36740907830739705,0.314,0.04,0,31,MMP14
0,0.36729527351369573,0.285,0.012,0,31,WDR86
0,0.3647544175993777,0.315,0.035,0,31,CREB5
0,0.36232103061926035,0.379,0.082,0,31,LTBP4
0,0.3609590801440462,0.534,0.148,0,31,SELENOP
0,0.3607050192348973,0.309,0.035,0,31,TPST1
0,0.3592045744637117,0.354,0.077,0,31,NAA20
0,0.35786363963676926,0.301,0.037,0,31,COL15A1
0,0.35693982051864603,0.357,0.084,0,31,ANKLE2
0,0.35430604426998336,0.297,0.035,0,31,SEMA5A
0,0.3533290488007822,0.324,0.056,0,31,ZMIZ1
0,0.35282866995287404,0.589,0.164,0,31,COL6A2
0,0.35009456886882334,0.308,0.043,0,31,CTTN
0,0.34925562355911455,0.284,0.026,0,31,SOD3
0,0.34874221915559056,0.314,0.069,0,31,RASGRP2
0,0.34661482220413237,0.259,0.015,0,31,ASS1
0,0.34594432797440605,0.32,0.063,0,31,YIF1A
0,0.3458516122549249,0.286,0.038,0,31,MAP1B
0,0.34171541491840024,0.304,0.043,0,31,CAVIN3
0,0.3417038177224463,0.261,0.014,0,31,AL078604.2
0,0.3416955274670269,0.292,0.059,0,31,FGFR1
0,0.34098690435786044,0.287,0.036,0,31,HAND2-AS1
0,0.34029892823383373,0.27,0.019,0,31,C9orf3
0,0.3391913115906945,0.356,0.083,0,31,RHOQ
0,0.3373617694881229,0.338,0.075,0,31,MLEC
0,0.336467399831397,0.284,0.032,0,31,SAMD4A
0,0.3356668273630846,0.324,0.059,0,31,COL4A1
0,0.33303591667336496,0.276,0.047,0,31,PLAGL1
0,0.3326473614721953,0.25,0.022,0,31,PALMD
0,0.3320010197205025,0.285,0.037,0,31,BCAT1
0,0.33151750195072216,0.262,0.016,0,31,PAPLN
0,0.33143536470876134,0.283,0.037,0,31,SPATS2
0,0.3310522124644606,0.253,0.016,0,31,HES4
0,0.3297774960032596,0.278,0.034,0,31,FADS3
0,0.3260759288722458,0.322,0.068,0,31,TCEAL3
0,0.3253837736030353,0.481,0.129,0,31,THBS1
0,0.32407902729591115,0.309,0.06,0,31,MAFG
0,0.3230491983757121,0.305,0.051,0,31,FBLN2
0,0.32082290995616164,0.257,0.024,0,31,PXDC1
0,0.31881153441718574,0.268,0.027,0,31,TNS1
0,0.3183184543471129,0.272,0.028,0,31,SLC39A14
0,0.31797326693228106,0.278,0.039,0,31,MFSD12
0,0.31734286054184585,0.307,0.057,0,31,FBLN5
0,0.31515585374855826,0.274,0.041,0,31,HOMER1
0,0.31514536260958503,0.288,0.048,0,31,AHCY
0,0.311251633856234,0.278,0.038,0,31,MCUR1
0,0.3109361882870659,0.312,0.068,0,31,UBE2M
0,0.31027422437655305,0.271,0.043,0,31,MITF
0,0.3096672086496862,0.29,0.048,0,31,DUSP8
0,0.30874590432518345,0.282,0.051,0,31,KIF1B
0,0.30466643646125274,0.259,0.033,0,31,PGM3
0,0.30444609107330356,0.296,0.055,0,31,IFNGR2
0,0.3035060247325406,0.252,0.025,0,31,FARP1
0,0.29376919599585327,0.269,0.045,0,31,UGDH
0,0.2926571749111869,0.268,0.047,0,31,KLHL21
0,0.2897514098795141,0.26,0.045,0,31,TBL1X
0,0.2855198940050362,0.266,0.05,0,31,ECE1
0,0.2838312264969945,0.276,0.049,0,31,EFEMP2
0,0.27923126859535724,0.257,0.046,0,31,KCNK6
0,0.2790314152898481,0.255,0.042,0,31,ESR1
0,0.2766410190561527,0.25,0.039,0,31,CXXC5
0,0.27632074767180775,0.269,0.051,0,31,FBN1
1.6018956436727032e-306,0.2937934970753346,0.273,0.054,4.862394036804124e-302,31,CTNNAL1
9.01370274546751e-304,0.27699372767312386,0.264,0.051,2.736019331359208e-299,31,ING1
3.232369889329342e-303,0.6001618909156519,1,0.988,9.811535562070284e-299,31,PTMA
4.256200207902941e-303,0.28998599230997696,0.272,0.054,1.2919270111068586e-298,31,RRAS
6.413946437984546e-303,0.4016163843514316,0.462,0.135,1.946889301785829e-298,31,GNB2
3.303543155800204e-302,0.4567700172046776,0.608,0.211,1.002757489511594e-297,31,TUBB
2.0675378641258602e-300,0.2824238201114504,0.276,0.056,6.275804432767637e-296,31,MIR22HG
2.5178273605687207e-299,0.43782878106953743,0.51,0.162,7.642613170270294e-295,31,KRT10
1.5034881081354856e-297,0.614428134673318,0.999,0.912,4.563687803434453e-293,31,VIM
1.99127349589192e-297,0.40876322682505706,0.406,0.111,6.044311569430334e-293,31,CDK2AP2
3.3326141302186715e-296,0.48539879367486016,0.675,0.253,1.0115816930865755e-291,31,ZFAND5
1.0917617418694069e-294,0.6184162850953383,0.538,0.181,3.3139335912703976e-290,31,SOCS3
9.244128672895253e-293,0.3274200073955521,0.336,0.08,2.805962817370625e-288,31,PSMB5
2.1317102388191782e-291,0.35371860827985746,0.346,0.085,6.470593258911734e-287,31,CSRP1
2.106625552068652e-288,0.3023485450921871,0.303,0.067,6.394451200749186e-284,31,CREB3L2
2.798986419868473e-286,0.6502033438917967,0.818,0.399,8.496043378868764e-282,31,HSPA5
1.228118882844751e-284,0.2896214594766378,0.3,0.065,3.727832056986957e-280,31,RORB
3.737474761875151e-283,0.365158605989614,0.415,0.116,1.1344730892195832e-278,31,BRI3
6.821220160486394e-283,0.3229784603235958,0.338,0.082,2.07051316751404e-278,31,MAPK6
3.9061551656777434e-282,0.5510485159777376,0.999,0.984,1.1856743389898222e-277,31,RPL7A
1.0041711719184901e-275,0.5302828005334064,1,0.993,3.048061175241385e-271,31,RPL3
3.16163089834342e-275,0.31203755774042097,0.325,0.079,9.596814428831619e-271,31,HEBP2
1.1719643636109557e-274,0.2900474110136728,0.27,0.057,3.557380629304695e-270,31,LGALS9
2.515202019206707e-272,0.5393955016399942,0.878,0.465,7.634644209100039e-268,31,SSR4
4.516966033724705e-268,0.34995323109006204,0.403,0.115,1.371079869876797e-263,31,TIMM13
5.9021755605050245e-264,0.4970003982607314,0.999,0.99,1.7915463696356952e-259,31,RPL18
2.450382991927445e-262,0.5535027910089729,1,0.987,7.437892533696567e-258,31,MT-ND4
5.094313314690974e-262,0.29237983460576333,0.336,0.084,1.5463278635412983e-257,31,FSTL1
1.5490947997371217e-261,0.3650521422814226,0.999,0.963,4.702122355122059e-257,31,FTH1
7.454034790548243e-260,0.29211665673993914,0.281,0.064,2.2625977203230136e-255,31,ST3GAL5
7.602429210745837e-260,0.5342277774597204,0.709,0.315,2.3076413626297913e-255,31,SEC61G
2.4938592668161176e-259,0.3786756567883589,0.435,0.133,7.569860418493643e-255,31,MAP2K3
7.870681492209353e-259,0.4860756994619351,0.999,0.989,2.389066660145227e-254,31,RPS9
1.116935234433029e-258,0.2667084314694475,0.251,0.052,3.390345210598016e-254,31,SDC2
5.886951096377728e-258,0.2579385460273964,0.261,0.056,1.7869251357944956e-253,31,HSPB6
1.5765960144773615e-257,0.49772320481558174,0.685,0.294,4.785599542344583e-253,31,SPCS2
1.539109180142341e-256,0.2670528599210095,0.268,0.059,4.671812005404062e-252,31,RAB34
2.852380384029374e-255,0.36877434920006846,0.381,0.109,8.658115417682763e-251,31,TUBA1C
9.534544246355777e-255,0.4016204086648757,0.491,0.166,2.8941155605388324e-250,31,RHEB
7.581538453222242e-254,0.2753161926900226,0.267,0.06,2.301300182091079e-249,31,CRELD2
6.537652630296287e-250,0.2970786416163778,0.312,0.078,1.984439079400135e-245,31,FAM50A
1.3338697426287002e-249,0.2864842638411036,0.294,0.071,4.048828216775157e-245,31,NENF
4.748482813527632e-248,0.4099089774693478,0.476,0.16,1.4413544732181774e-243,31,BTG3
9.100617910960484e-248,0.4002997275988891,0.501,0.174,2.7624015606929454e-243,31,AP2M1
1.5979016920503997e-245,0.3414275432236704,0.409,0.122,4.850270796049783e-241,31,CD59
1.719658271344158e-245,0.36234506247782405,0.423,0.132,5.219850716838057e-241,31,PRMT1
1.8871783480567645e-243,0.3114252673776317,0.348,0.096,5.728341157691503e-239,31,TAF10
9.972484813235092e-238,0.28819330504625706,0.283,0.069,3.0270480402093796e-233,31,ETHE1
7.054088652360014e-237,0.25640090237391344,0.316,0.08,2.1411980695373586e-232,31,AEBP1
1.1142852356113244e-235,0.3692334287686595,0.4,0.123,3.382301404174614e-231,31,LUZP1
1.2914848204089027e-234,0.31012434014194135,0.331,0.089,3.920173023869183e-230,31,ICAM1
1.7557003130300523e-234,0.30543518434052463,0.358,0.1,5.329252730171421e-230,31,ETS2
2.4762583157923697e-234,0.3005324907211529,0.301,0.077,7.516434491756159e-230,31,NRIP1
8.189309466112243e-233,0.4591634260013713,1,0.993,2.4857829953437103e-228,31,RPL18A
1.7156330888079773e-232,0.2953459465777786,0.358,0.1,5.207632677767734e-228,31,TCEAL9
7.684127353779808e-231,0.316342272684218,0.366,0.106,2.332440016966323e-226,31,ATP13A3
2.793055004438793e-229,0.3291998923447182,0.382,0.115,8.478039160473512e-225,31,CARHSP1
1.621665829438135e-228,0.371187799591264,0.832,0.386,4.922404458676515e-224,31,LMNA
2.592786308034887e-228,0.30225838793064486,0.335,0.093,7.870143559409096e-224,31,ILK
4.4411034746762564e-225,0.3582650446079493,0.479,0.164,1.348052548703231e-220,31,MAFF
5.772354094318997e-225,0.2953111094373021,0.317,0.086,1.7521403617895883e-220,31,DNAJC1
2.174157657808853e-224,0.45489493755655175,0.688,0.301,6.599438154512993e-220,31,TUBB4B
3.344017538527123e-223,0.3159375893674062,0.412,0.128,1.0150430836445229e-218,31,MARCKS
1.4284630804705175e-222,0.3223715465911408,0.367,0.109,4.335956834460209e-218,31,HDLBP
8.19239158809726e-221,0.43633484420778923,0.567,0.227,2.486718542651042e-216,31,WTAP
1.3003692995611423e-219,0.27293504611222913,0.385,0.113,3.9471409718878913e-215,31,PCOLCE
1.018996371662871e-216,0.45566117327102845,0.423,0.145,3.093061586545479e-212,31,EIF4E
1.4734993760769752e-213,0.33257527925534036,0.379,0.119,4.4726600061440507e-209,31,DNAJC3
1.0157993568114164e-211,0.3111023098957686,0.343,0.101,3.0833573676653733e-207,31,PTTG1IP
2.539020159695904e-211,0.36685021576294563,0.518,0.196,7.706941792740947e-207,31,ATP5F1D
6.468963174158095e-211,0.32539077403665734,0.397,0.127,1.9635890818839481e-206,31,MARCKSL1
7.866933716838295e-211,0.45827546549876086,0.997,0.97,2.3879290604090962e-206,31,RPL10A
1.55481132671406e-209,0.35454695356712007,0.459,0.162,4.719474301107858e-205,31,PIM3
1.8758384879848409e-205,0.8970959542583556,0.914,0.725,5.693920146429186e-201,31,JUN
2.2775919585190845e-204,0.45726274681191537,0.759,0.376,6.913402630888829e-200,31,MZT2B
3.522276520152178e-202,0.2667501834188989,0.313,0.088,1.0691518149269921e-197,31,NFIC
8.365407101871436e-201,0.3699040152791781,0.648,0.28,2.5392356717020557e-196,31,SEC11A
1.8401896069004176e-200,0.35999267193381895,0.444,0.16,5.585711532785528e-196,31,SELENOS
1.0753851249162283e-199,0.2772591160854935,0.309,0.087,3.2642240081707193e-195,31,EGR3
1.1773637885570907e-199,0.40600584615085866,0.999,0.995,3.573770043786193e-195,31,RPS14
2.395254942872792e-199,0.385583820607359,0.482,0.184,7.270556853596074e-195,31,PNRC2
4.414024785046313e-199,0.273432182863096,0.298,0.084,1.339833083252958e-194,31,DCTN2
4.464600012566525e-199,0.3414218542139874,0.431,0.151,1.355184687814443e-194,31,ERN1
1.6151943865394019e-196,0.28242746643776434,0.317,0.093,4.9027610409017e-192,31,SERPINB6
2.1343171803337987e-196,0.39679256482490644,0.998,0.95,6.478506369185213e-192,31,ACTB
8.637651435710716e-194,0.3603984824054173,0.477,0.182,2.621872716795631e-189,31,RNH1
1.1425420948958083e-193,0.4780219539330661,0.929,0.661,3.4680722748467365e-189,31,EEF2
2.822574156056762e-191,0.2736022714632849,0.297,0.085,8.567641593294694e-187,31,ZBTB21
5.557570869095353e-190,0.5398148762277692,0.925,0.637,1.6869450616052035e-185,31,KLF6
1.0972580344743558e-189,0.2730711690741382,0.308,0.091,3.33061703784346e-185,31,UBE2R2
9.543785300495651e-189,0.439589963879759,0.306,0.091,2.89692059011245e-184,31,ACTA2
3.366837969846039e-187,0.3983035951898093,0.259,0.07,1.0219699973670667e-182,31,IER5L
1.6733113568618719e-184,0.3789330426410698,0.585,0.254,5.079169292618526e-180,31,ARF4
2.3190801735219328e-182,0.27029232045302515,0.316,0.096,7.039335958708474e-178,31,TYMP
1.3093262054174987e-181,0.46718023667149033,0.999,0.969,3.974328763924276e-177,31,MT-ND1
2.444094299734805e-181,0.3397178457023715,1,0.999,7.418803837415027e-177,31,TPT1
1.1079090287806504e-180,0.26471194760955674,0.255,0.069,3.3629470659607865e-176,31,FBXO32
1.4238760001259045e-180,0.33588369951351443,0.449,0.17,4.322033210782171e-176,31,PLK3
2.0619216923322453e-179,0.2513001318545417,0.286,0.082,6.258757104905297e-175,31,DPYSL2
4.579783886937123e-179,0.25753652229456625,0.26,0.071,1.3901476010408943e-174,31,ALDH1A1
1.9868980348315622e-178,0.27616460319665215,0.328,0.104,6.031030294927724e-174,31,COMT
4.9076016071726284e-176,0.34938939298820104,0.591,0.258,1.4896533918411797e-171,31,YWHAE
5.928146206934857e-176,0.38955942497582896,0.997,0.846,1.7994294996530066e-171,31,JUND
1.735185296444764e-175,0.358083143708141,0.52,0.209,5.266981448828437e-171,31,CEBPD
4.8800763334266664e-173,0.2527976030927144,0.273,0.077,1.4812983702483304e-168,31,ERRFI1
1.2759068203893526e-164,0.36083140139230796,1,0.991,3.8728875626098406e-160,31,RPL13
6.644629366442056e-163,0.2763245182872945,0.313,0.102,2.0169107978898217e-158,31,ZBTB43
1.4123973589289013e-162,0.2523110942387359,0.288,0.089,4.287190943292787e-158,31,TFG
2.896439329823545e-162,0.339319042868541,0.517,0.22,8.791851941746389e-158,31,AES
1.6162087129954364e-161,0.38428504819856524,0.688,0.344,4.905839927426348e-157,31,MAP1LC3B
3.4066939671703833e-161,0.41426048060161125,0.859,0.516,1.0340678867948982e-156,31,SLC25A6
3.516826725188374e-159,0.3761305140455491,0.998,0.983,1.067497584163679e-154,31,RPS7
1.9603716703291278e-158,0.2759786714011021,0.3,0.096,5.950512168117034e-154,31,ABHD5
6.193075159488199e-157,0.38495837556696255,0.998,0.964,1.8798460339110477e-152,31,RPL5
1.7388386628119648e-156,0.31689597680135617,0.49,0.205,5.278070877099438e-152,31,MRPS6
1.387685830351619e-154,0.31923569008205915,0.446,0.182,4.2121815694493044e-150,31,TMED2
6.618554222947452e-153,0.32085773284448477,0.413,0.161,2.0089959488334696e-148,31,PIM1
3.90194127381271e-152,0.2870745585894684,0.399,0.153,1.18439525425311e-147,31,PGLS
3.2198804354755797e-150,0.3200886173211061,0.48,0.204,9.773625073842574e-146,31,ACTN4
6.597776235184229e-150,0.3281105718695762,0.55,0.251,2.0026889984278208e-145,31,SF3B5
1.535902764709128e-149,0.27839095622611865,0.381,0.143,4.662079251998087e-145,31,RYBP
1.321511697881072e-148,0.26152172665006396,0.328,0.114,4.011316607748206e-144,31,MAP4
2.880779844271698e-147,0.28442352878659843,0.406,0.158,8.744319139302311e-143,31,SPAG9
7.319326046774725e-144,0.35601618977273836,0.578,0.279,2.221708228238e-139,31,PDIA3
2.4143701711247793e-142,0.28469118051333836,0.373,0.144,7.328579217432155e-138,31,TMED9
2.0671532104710343e-141,0.3116781958527813,0.516,0.234,6.274636855063777e-137,31,SEM1
1.962818370947011e-140,0.35261708089464444,0.517,0.239,5.957938883172557e-136,31,EIF1B
5.028887032524422e-140,0.4345907458424223,0.761,0.452,1.526468369852463e-135,31,ZFP36L1
1.8170475849159415e-139,0.3517030326090201,0.36,0.138,5.515466239253849e-135,31,CITED2
5.0149320070397094e-138,0.38328853524028883,1,0.989,1.5222324614168333e-133,31,MT-ATP6
1.087662050916423e-136,0.2552316639978469,0.287,0.098,3.30148938935171e-132,31,TUT7
1.3090321421981935e-135,0.25214953936094564,0.33,0.121,3.973436164428397e-131,31,CDV3
1.9179754967446618e-135,0.36518589714183536,0.671,0.359,5.821822822818746e-131,31,RAP1B
2.2019501941286484e-131,0.29916073440049873,0.416,0.177,6.683799619258099e-127,31,CCDC85B
1.588290853304837e-130,0.2686046909900105,0.353,0.136,4.8210980561215023e-126,31,ZBTB38
8.055569915497578e-129,0.3559415047372072,0.997,0.979,2.445187692150135e-124,31,TMSB10
3.8149543237654295e-128,0.3017759780267528,0.419,0.177,1.1579912354357585e-123,31,SLC5A3
3.1057160798788935e-126,0.3638757302257316,1,0.988,9.427090588864393e-122,31,MT-CO3
5.090557110944611e-126,0.3344398578426788,0.674,0.367,1.5451877054561272e-121,31,PSMA7
9.205561967203459e-124,0.3299861060024104,0.613,0.322,2.794256279524938e-119,31,ARF1
2.3938157155181786e-118,0.3003587913552002,0.498,0.239,7.266188222883879e-114,31,DAD1
6.394487275911872e-117,0.28387226116889097,0.293,0.11,1.9409826677302895e-112,31,TWISTNB
6.447694455492907e-117,0.32556223421986863,0.733,0.424,1.957133175020317e-112,31,EDF1
2.4264813745473215e-115,0.29584437020175525,0.999,0.989,7.36534156430094e-111,31,RPL15
7.021952594583127e-115,0.2791272668398642,0.616,0.315,2.1314434905597623e-110,31,LITAF
3.882713119154058e-114,0.2634449023359063,0.462,0.212,1.1785587401880228e-109,31,ANKRD11
1.9919111546408228e-112,0.32892176810407703,0.969,0.847,6.046247118796753e-108,31,PFDN5
8.034574862809025e-111,0.2535305037074772,0.338,0.139,2.438814853857052e-106,31,VCP
3.306287709029893e-108,0.3250692584550311,0.736,0.442,1.0035905711989337e-103,31,NDUFA4
7.314775772389567e-107,0.25455965437242584,0.513,0.251,2.2203270379511292e-102,31,EID1
5.787815989334286e-105,0.31516152912283,0.929,0.722,1.7568336654025292e-100,31,RPL4
1.0794028193385934e-102,0.262129807819451,0.447,0.216,3.2764193178203665e-98,31,PSMD8
2.7969586129518688e-98,0.2523945511959467,0.481,0.237,8.489888173754103e-94,31,FLNA
5.14770168736505e-91,0.262073822576963,0.997,0.973,1.5625333701827873e-86,31,RPL6
6.108000505278901e-84,0.28063984239539996,0.938,0.756,1.8540224733723576e-79,31,BTF3
3.501653441211027e-72,0.3698816506951479,0.89,0.762,1.0628918855451951e-67,31,FOS
0,2.1135769952849364,0.93,0.425,0,32,EGR1
0,1.5107268307333146,0.691,0.174,0,32,IGFBP5
0,1.3418662576826168,0.943,0.605,0,32,RPL17
0,1.1691274240686753,0.408,0.085,0,32,ADAMTS1
0,1.0976266365474494,0.766,0.258,0,32,CALD1
0,1.0895373697342505,0.402,0.1,0,32,ADIRF
0,1.0719481968225735,0.294,0.043,0,32,HES1
0,0.9352645881105359,0.495,0.141,0,32,GAS5
4.129531361639936e-291,1.467392819527673,0.633,0.294,1.2534779495121863e-286,32,NR4A1
2.0715559361448407e-268,1.5409612590617174,0.964,0.658,6.288000888574049e-264,32,FOSB
4.864552584439649e-261,0.8141631335152272,0.629,0.241,1.476586291480811e-256,32,SPARCL1
9.046822673629198e-261,1.4739425233386005,0.965,0.761,2.7460725543534066e-256,32,FOS
1.3508423590372518e-246,0.4927668208181657,0.927,0.503,4.100346896621674e-242,32,DCN
7.037175612804276e-212,0.6802982206273017,0.373,0.118,2.13606428551061e-207,32,SNHG6
6.583603039395189e-205,0.9789563670599168,0.953,0.763,1.9983868665780157e-200,32,RPL36A
2.077742684795297e-204,1.141586514595443,0.984,0.776,6.306780145427645e-200,32,JUNB
3.8844643180291375e-193,0.6840242849202578,0.72,0.348,1.1790902990945644e-188,32,IFITM3
6.646920072918211e-187,1.0222668242172155,0.999,0.993,2.0176061189335937e-182,32,RPS8
2.4238749169218636e-186,1.0974104110246645,0.96,0.725,7.357429922824625e-182,32,JUN
8.882029691203875e-185,0.9254798613866062,0.931,0.713,2.696051292468024e-180,32,RPS26
4.604156309813959e-179,0.6285897184851914,0.356,0.12,1.397545606280929e-174,32,SNHG5
1.3281923075202239e-160,0.8084820874086791,0.339,0.12,4.031594930246888e-156,32,SOX4
6.389205203683143e-151,0.5906290551642072,0.402,0.151,1.9393793475259813e-146,32,SNHG29
1.1221977428609686e-144,0.7552372315260392,0.329,0.122,3.406319028680184e-140,32,TSC22D1
5.344184361152282e-141,0.839054327304058,0.734,0.452,1.6221737209841637e-136,32,ZFP36L1
9.33291112011228e-135,1.0601003286526252,0.721,0.454,2.8329118413988814e-130,32,IER2
5.155748167172039e-133,0.8215705873728114,0.966,0.878,1.5649757986634007e-128,32,RPL23
4.713680869868564e-130,0.45497419300147934,0.335,0.12,1.430790691239904e-125,32,C11orf96
5.255982493008653e-129,1.285180169583331,0.363,0.15,1.5954009259278467e-124,32,MEG3
3.539266041254459e-128,0.522440907954682,0.275,0.095,1.0743088141623784e-123,32,NR2F2
4.5195576967482974e-123,0.6710364798284838,0.256,0.088,1.3718665432709782e-118,32,EGR3
1.2342300170956727e-93,0.5732424312614324,0.995,0.98,3.746381793892205e-89,32,RPL24
2.3955620513949647e-91,0.6572114358428764,0.34,0.164,7.271489050804276e-87,32,TCEAL4
5.102770148519277e-91,0.9195328114932604,0.554,0.368,1.5488948508815412e-86,32,GADD45B
1.789324323565868e-76,0.6719839407443562,0.544,0.381,5.431315051751836e-72,32,RPS17
6.771864725198672e-76,0.4392820934619377,0.389,0.2,2.055531818686805e-71,32,EEF1G
2.0958611820202841e-69,0.30284226626688593,0.613,0.372,6.36177703190437e-65,32,TIMP1
3.343618045505983e-69,0.6525244938683825,0.337,0.183,1.0149218215328861e-64,32,SOCS3
5.378734518929666e-69,0.7276628142596868,0.969,0.809,1.6326610758759108e-64,32,ZFP36
2.0651263424795537e-67,0.42768488895138135,0.308,0.15,6.268484499962437e-63,32,RBP1
4.718823878462229e-64,0.3605357126522587,0.267,0.123,1.432351800068425e-59,32,NME2
7.830795585641108e-63,0.5690986550915741,0.275,0.137,2.376959692065502e-58,32,KLF4
1.0555363267710544e-61,0.5026739759888765,0.988,0.948,3.2039749662808586e-57,32,RPS21
1.8116731890197035e-60,0.6510050476261755,0.357,0.201,5.499152797950408e-56,32,ATF3
2.9485281356636508e-59,0.5466479845295251,0.997,0.982,8.949962302993445e-55,32,RPS13
6.120111081262634e-59,0.5960844849247895,0.284,0.15,1.8576985176064598e-54,32,YBX3
1.299268347141536e-54,0.640005824075341,0.675,0.478,3.943799140913418e-50,32,MT2A
1.3603603816692113e-54,0.42080594753797196,0.571,0.37,4.129237902518724e-50,32,HSPB1
1.4073512844253597e-54,0.5641629767951193,0.337,0.204,4.2718740887447366e-50,32,CDKN1A
1.7024838163347838e-53,0.49594878563327693,1,0.999,5.167719376102603e-49,32,RPL41
2.4461002235151202e-52,0.3759188702188542,0.286,0.151,7.424892618457796e-48,32,SELENOP
3.6070312737444325e-52,0.5055446947755997,0.982,0.938,1.094878272832385e-47,32,RPL22
1.7030359113495704e-51,0.47368814458801856,0.994,0.988,5.169395205310486e-47,32,RPL37A
5.404814054444031e-51,0.6027341365436654,0.43,0.307,1.640577258085941e-46,32,EIF4A1
6.004907514869353e-51,0.4662742482840132,0.994,0.984,1.8227296270634436e-46,32,RPL36
9.99766023619361e-50,0.4574959648908078,0.253,0.132,3.0346897880942085e-45,32,MYC
8.007182233006671e-48,0.37014879063186873,0.263,0.138,2.4305000950068447e-43,32,SERPING1
4.719378824275141e-47,0.43053964459672045,0.996,0.991,1.4325202483204762e-42,32,RPL37
8.836937555718077e-47,0.574746477050502,0.976,0.819,2.682364025662665e-42,32,NEAT1
4.4989905667556024e-45,0.42527169622535244,0.98,0.95,1.3656235966329957e-40,32,RPL38
1.175324730493951e-44,0.44771953966625455,0.992,0.972,3.5675806869413388e-40,32,RPS11
1.2157704252496898e-41,0.49700242174068054,0.669,0.595,3.6903495488029082e-37,32,ZFAS1
5.546440927280958e-41,0.4476595021894543,0.665,0.544,1.683566679066862e-36,32,MT-ND4L
9.28623658961976e-41,0.5269119936663514,0.371,0.257,2.818744254413182e-36,32,DSTN
3.893155326078987e-38,0.3385133198253629,0.997,0.989,1.1817283676780157e-33,32,RPL12
3.909255156866811e-37,0.43714891164878056,0.27,0.161,1.1866153103153517e-32,32,RHOB
5.121668111436956e-37,0.5855795346757857,0.41,0.321,1.5546311385455736e-32,32,BTG2
1.0529625736183144e-36,0.47991264048394733,0.705,0.598,3.1961625959610316e-32,32,XIST
5.373361049027119e-36,0.3625957464568237,0.989,0.964,1.6310300128216916e-31,32,RPL5
1.2680312557142643e-34,0.39655472654599366,0.992,0.97,3.848982073595078e-30,32,RPL10A
3.027360088280686e-34,0.486436029039955,0.35,0.256,9.189248811967194e-30,32,NUCKS1
7.94434707335009e-34,0.4041945375824123,0.997,0.993,2.411427110644686e-29,32,RPS23
1.1452447914681423e-32,0.5305651979889187,0.279,0.174,3.476276040022399e-28,32,KCNQ1OT1
1.4135025782700262e-32,0.31191066534126444,0.255,0.151,4.290545726080837e-28,32,COL6A1
1.0167742688227441e-31,0.4772555820434814,0.374,0.29,3.0863166155845573e-27,32,ST13
1.7642795863336131e-31,0.5461129764923004,0.303,0.189,5.355294256357049e-27,32,IGFBP7
3.945810725051327e-29,0.33028884338327114,0.999,0.995,1.1977113874820798e-24,32,RPS24
9.756071729809509e-29,0.5110535366611885,0.283,0.184,2.9613580128663782e-24,32,TAGLN
2.5263036998124836e-27,0.38617712840075846,0.996,0.988,7.668342250410813e-23,32,RPL35A
8.513889046227091e-27,0.3243343401259866,0.308,0.211,2.5843058810917713e-22,32,CEBPD
1.1486360626559462e-26,0.311128433990723,0.994,0.973,3.486569904585859e-22,32,RPL6
3.16591945572068e-26,0.2841668922548366,0.992,0.942,9.609831915894551e-22,32,MT-ND5
3.2511280408105227e-26,0.805174334813054,0.32,0.223,9.868474055076261e-22,32,IER3
3.814607880420204e-25,0.38249362602790327,0.949,0.9,1.1578860760227487e-20,32,RPS20
2.2132398719214435e-24,0.47393314589355817,0.358,0.291,6.71806830723035e-20,32,NSA2
2.154057011637612e-21,0.3003117711285761,0.725,0.656,6.538424653124807e-17,32,SRP14
1.4833676626740481e-19,0.2665502226049048,0.998,0.989,4.5026142032808055e-15,32,RPL9
1.888988593332369e-19,0.3920762866713714,0.48,0.449,5.733835976201073e-15,32,NAP1L1
4.510979514218481e-19,0.4185193330286253,0.327,0.266,1.3692627217458776e-14,32,SLC38A2
2.1430787968272453e-18,0.3490173833168977,0.859,0.804,6.50510137988942e-14,32,RPL31
2.8602326858533497e-18,0.331224221032441,0.995,0.989,8.681950294639257e-14,32,RPL21
1.3179009363168991e-17,0.29152281788084977,0.601,0.512,4.0003565020963156e-13,32,PPP1R15A
2.440937487778619e-16,0.3823246759345688,0.295,0.242,7.40922165040322e-12,32,EIF1B
3.088476243706505e-15,0.3066363593634325,0.706,0.66,9.374760790146726e-11,32,UQCRB
6.6362831400554365e-15,0.2662015830154736,0.534,0.482,2.0143773843324273e-10,32,CIRBP
5.531826454283452e-11,0.56775556383377,0.321,0.291,1.679130601933199e-6,32,VMP1
1.1277715739189368e-9,0.3498556601611149,0.348,0.327,3.423237835473541e-5,32,C12orf57
4.727543633066323e-9,0.33308049904459647,0.335,0.316,1.4349985943809516e-4,32,SNHG8
7.690853578115255e-9,0.2584441960368795,0.998,0.993,2.3344816951011043e-4,32,RPL26
9.202333500384517e-9,0.3961155270051978,0.265,0.227,2.7932763107067164e-4,32,NFKBIZ
1.7162316512273827e-8,0.32601466645887056,0.289,0.258,5.209449554135598e-4,32,ZFAND5
2.1436586076351532e-8,0.3584887791020776,0.26,0.224,6.506861337615744e-4,32,INTS6
2.9601835367438654e-7,0.47913960485291984,0.3,0.284,0.00898534110743233,32,IRF1
6.286449066357886e-7,0.4511263264236077,0.409,0.429,0.01908188749602273,32,CCNL1
1.2327286222984168e-6,0.35837482178685465,0.277,0.259,0.037418244601246146,32,FAM133B
1.946089049387645e-6,0.2929811378246767,0.301,0.28,0.05907158700511257,32,ITGB1
5.363550069044419e-5,0.30639258691317384,0.299,0.293,1,32,WSB1
0,1.5198294216138888,0.962,0.425,0,33,EGR1
0,1.3647742878340565,0.873,0.172,0,33,IGFBP5
0,1.2461420180541243,0.932,0.542,0,33,MT-ND4L
0,1.0778617357209246,0.95,0.238,0,33,SPARCL1
0,1.0340374637673548,0.929,0.256,0,33,CALD1
0,0.7154136793174806,0.963,0.503,0,33,DCN
0,0.5675002041357246,0.952,0.346,0,33,IFITM3
0,0.5386355313945085,0.734,0.185,0,33,IGFBP7
0,0.42634311266510283,0.815,0.214,0,33,SPARC
1.0205903585391634e-273,0.9425539941381174,0.998,0.984,3.097899974309777e-269,33,RPL36
5.664623342199684e-226,0.895441770827524,0.996,0.761,1.719439769291292e-221,33,FOS
2.2208949468063625e-224,0.46936355542777897,0.752,0.293,6.741304521536033e-220,33,LAPTM4A
4.411126276624801e-215,0.7539918655288913,0.914,0.451,1.3389532700066921e-210,33,ZFP36L1
2.4544006811469996e-213,0.787192867973783,0.984,0.604,7.450087827553602e-209,33,RPL17
8.331420332121397e-206,0.8619833350368604,0.989,0.724,2.5289193276121288e-201,33,JUN
1.3983766065609611e-202,1.2566845864291771,0.983,0.658,4.244632351555141e-198,33,FOSB
3.51074396838334e-193,0.680784691193312,0.999,0.993,1.065651224163079e-188,33,RPS8
7.588586576489019e-178,0.5515104874651986,0.915,0.453,2.303439569427477e-173,33,IER2
1.3371966053165765e-172,0.6583917302591376,0.999,0.984,4.0589265757779366e-168,33,MT-ND3
2.0822872656133807e-171,0.8468268931314828,0.992,0.763,6.3205747660428556e-167,33,RPL36A
3.4358331256936006e-159,0.7214943791728587,0.993,0.95,1.0429127869730355e-154,33,RPL38
1.2623692785302546e-157,0.6894859171235537,0.565,0.256,3.831795708050735e-153,33,DSTN
2.7107122160571398e-148,0.7232720250042375,0.994,0.948,8.228095860619842e-144,33,RPS21
1.8536466036256837e-145,0.3735487921151033,0.703,0.312,5.6265589006454e-141,33,CD81
2.6408322751461107e-126,0.5565177524921907,1,0.997,8.015982287978505e-122,33,RPS27
3.6922660188243887e-125,0.6050641573939308,0.834,0.479,1.120750427353955e-120,33,CIRBP
1.1022691273442558e-118,0.36379647119518754,0.637,0.298,3.3458277091407536e-114,33,LGALS3
1.4740905238029465e-115,0.6926012659400165,0.995,0.878,4.474454375951464e-111,33,RPL23
4.180260050618867e-101,0.33003424869653575,0.713,0.366,1.268876135764851e-96,33,GADD45B
2.399756759338803e-96,0.275288202705364,0.974,0.699,7.284221667297002e-92,33,LGALS1
2.4123116316979715e-93,0.38639527900567283,0.824,0.462,7.322330726856023e-89,33,COX6C
3.418627045201006e-89,0.532566379719122,0.98,0.777,1.0376900533003133e-84,33,JUNB
3.85635553513717e-89,0.4238496159683175,0.676,0.372,1.1705581591355365e-84,33,HSP90B1
3.316423921009618e-85,0.5185763614871184,0.999,0.98,1.0066673169832595e-80,33,RPL24
9.00756549276407e-84,0.6469749306196158,0.995,0.809,2.734156429673606e-79,33,ZFP36
6.4751732548121e-83,0.4282717351145,1,0.994,1.965474089765665e-78,33,RPS28
1.2071887732915673e-80,0.4229336540240567,0.999,0.991,3.6643008024492236e-76,33,RPL37
1.9601254054787524e-79,0.4039885306342601,1,0.999,5.949764655790205e-75,33,RPL41
1.1951770480969804e-77,0.4938355636448968,0.898,0.593,3.627840411793574e-73,33,ZFAS1
1.473188366825787e-76,0.7544972710885608,0.312,0.163,4.4717159686629935e-72,33,MT-ATP8
3.64155167970916e-73,0.41645789220425655,1,0.995,1.1053565968589186e-68,33,RPS24
8.317012172386749e-68,0.52249923927369335,0.942,0.654,2.524545874806274e-63,33,SRP14
1.0721031388842639e-67,0.38507128196248575,0.999,0.989,3.2542618677692946e-63,33,RPL12
3.7930783257370733e-62,0.45791867217092197,0.793,0.522,1.1513509949942312e-57,33,COMMD6
2.6902804936367276e-57,0.42144697389972263,0.998,0.973,8.166077410384923e-53,33,RPL6
2.2954431805833082e-55,0.2695656611991223,0.361,0.183,6.967588230342574e-51,33,TAGLN
4.223686476894872e-55,0.5035259698925706,0.489,0.295,1.2820577931966695e-50,33,NR4A1
4.383181319806072e-54,0.45296505239879514,0.662,0.447,1.3304708578139352e-49,33,NAP1L1
1.4166209488491762e-52,0.32389126338706853,0.938,0.596,4.300011228136789e-48,33,XIST
3.1536567702138914e-49,0.3950301462927759,0.996,0.964,9.572609760307246e-45,33,RPL5
3.2111049220207465e-49,0.3050337642072929,0.999,0.995,9.746987880301774e-45,33,RPL39
2.4430231220497487e-47,0.360068965763654,0.999,0.988,7.415552384669808e-43,33,RPL37A
2.3820789623161144e-46,0.3285802776493698,0.998,0.978,7.230562482214333e-42,33,MT-ND2
2.197099528417325e-43,0.31490607739447896,0.823,0.552,6.669075908557948e-39,33,SKP1
8.926815243834268e-43,0.3745873368925712,0.994,0.938,2.7096454991134537e-38,33,RPL22
1.1251989527094484e-42,0.5334896669031061,0.324,0.2,3.4154289010542596e-38,33,EEF1G
1.4678637391080843e-40,0.4736640535888034,0.255,0.143,4.455553593688679e-36,33,GAS5
2.340402103544485e-40,0.2549320770571969,0.752,0.483,7.104056545098929e-36,33,EIF3E
2.7159225259967973e-39,0.3404039732686339,0.998,0.972,8.243911235410678e-35,33,RPS11
2.4110340792729997e-37,0.434149163956551,0.27,0.153,7.318452844225263e-33,33,SNHG29
3.2838252396523215e-37,0.263790394076985,0.999,0.995,9.967723132440657e-33,33,RPL34
7.551984840662062e-37,0.3440265578544244,0.649,0.444,2.2923294785345622e-32,33,NDUFA4
1.700865630545209e-32,0.31720609457894944,0.925,0.658,5.162807534956927e-28,33,UQCRB
1.714205768194555e-29,0.31622573099285756,0.996,0.97,5.203300188777752e-25,33,RPL10A
1.8705997794058642e-29,0.30506265440717506,0.94,0.661,5.67801857040856e-25,33,EEF2
1.2638060117003302e-25,0.26911727215988046,0.998,0.942,3.836156767915182e-21,33,MT-ND5
6.134865703984978e-23,0.25373026064833226,0.996,0.953,1.8621771357876003e-18,33,H3F3B
8.910127107808285e-23,0.7484632844176682,0.331,0.29,2.704579982304127e-18,33,ST13
6.703451483552117e-20,0.314746777520829,0.949,0.723,2.0347656633174095e-15,33,TOMM7
5.118355519633271e-18,0.6969556521166914,0.339,0.316,1.553625634429483e-13,33,SNHG8
5.953561548121015e-15,0.2848632941667343,0.465,0.382,1.8071440723166528e-10,33,RPS17
0.003620526044855222,0.26313522956304314,0.237,0.328,1,33,C12orf57
0,2.6320729410300023,0.745,0.023,0,34,IGFBP1
0,2.3832200557899164,0.863,0.116,0,34,C11orf96
0,2.222588116311024,0.667,0.028,0,34,PAEP
0,2.057652952755644,0.843,0.146,0,34,RBP1
0,1.9936341291305393,0.808,0.109,0,34,TIMP3
0,1.9896396649541788,0.907,0.294,0,34,LUM
0,1.758615977921876,0.817,0.112,0,34,APOE
0,1.4150142142551696,0.99,0.699,0,34,LGALS1
0,1.296059441880177,0.856,0.462,0,34,COX6C
0,1.2675452266151472,0.635,0.077,0,34,IGFBP2
0,1.244988977462088,0.955,0.209,0,34,GNLY
0,1.2149853259667514,0.663,0.109,0,34,RAMP1
0,1.179804979928211,0.605,0.09,0,34,IGFBP3
0,1.1347525730330943,0.654,0.115,0,34,RND3
0,1.1274740060968678,0.754,0.312,0,34,CD81
0,1.1076807461358338,0.704,0.186,0,34,IGFBP7
0,1.0405336353828103,0.643,0.161,0,34,IGFBP4
0,1.0338044814250067,0.98,0.823,0,34,MYL6
0,1.0228450828268443,0.601,0.131,0,34,VCAN
0,1.0086447585349259,0.778,0.353,0,34,TXN
0,1.0072109410328443,0.552,0.081,0,34,TGM2
0,0.9385611226847517,0.572,0.122,0,34,MYL9
0,0.9158679412444708,0.96,0.503,0,34,DCN
0,0.8322432771582289,1,0.997,0,34,RPS18
0,0.7956681556311389,0.432,0.097,0,34,GADD45G
0,0.7586136713937797,0.402,0.086,0,34,CRYAB
0,0.7386154593329894,0.407,0.048,0,34,ARC
0,0.6251575512663893,0.255,0.012,0,34,LEFTY2
0,0.6079993480679275,0.389,0.075,0,34,CRISPLD2
0,0.6076038127784522,0.334,0.057,0,34,CDKN1C
0,0.598981463744447,0.393,0.082,0,34,PDLIM1
0,0.5422707629370145,0.353,0.068,0,34,MXRA8
0,0.5381292148731841,0.304,0.037,0,34,RRAD
0,0.5066985043048278,0.278,0.045,0,34,CCDC71L
0,0.5026964044511747,0.309,0.054,0,34,S100A16
7.688716489568702e-306,0.5141881264294993,0.333,0.068,2.3338330032436838e-301,34,CPXM1
1.7625883699755732e-303,0.611724807598347,0.434,0.108,5.350160738223855e-299,34,MMP2
4.574330896589124e-292,0.9342659979353574,0.984,0.807,1.3884924003506627e-287,34,S100A6
4.6409731271644375e-292,0.5781336551741831,0.659,0.22,1.4087209830194933e-287,34,IER3
5.595806158838342e-291,0.6876841180794163,0.522,0.157,1.6985510014537904e-286,34,TPM2
1.9860822758113744e-268,0.4114990628808026,0.269,0.051,6.028554139997846e-264,34,CD248
1.2263708173080074e-265,0.7074327664392235,0.999,0.986,3.7225259788567255e-261,34,RPL29
5.051158893598367e-254,0.6003067264664919,0.452,0.13,1.5332287705628483e-249,34,TPM1
6.0803644716995905e-251,0.4273257593412593,0.263,0.05,1.8456338317396938e-246,34,DKK1
4.303055187493837e-245,0.4030251407749219,0.803,0.364,1.3061493716118793e-240,34,COL1A1
1.4014977648824912e-233,0.5090703753595046,0.378,0.101,4.254106315524314e-229,34,IGFBP6
1.693519749936089e-233,0.43288005288097803,0.478,0.144,5.1405098489560045e-229,34,FBLN1
1.737174207037309e-223,0.7722146967438513,0.52,0.182,5.273018588041048e-219,34,TAGLN
2.6087339801082807e-223,0.8105732847403371,0.86,0.552,7.918551123220676e-219,34,CD63
6.631594255292955e-221,0.7371220450016676,0.63,0.259,2.0129541202516233e-216,34,CALD1
1.5138368734182768e-211,0.5237541581867415,0.415,0.127,4.5951004455738376e-207,34,S100A13
1.6953738172578419e-208,0.6722505828563616,0.578,0.232,5.146137684904453e-204,34,CEBPB
2.146646339448174e-207,0.5825023573323489,0.829,0.427,6.515930298760988e-203,34,EGR1
2.0005406659081387e-205,0.45312604491214653,0.302,0.076,6.072441137297564e-201,34,PLPP1
2.697107503521917e-200,0.4921214746426154,0.355,0.099,8.186800116190427e-196,34,GEM
1.1767193186129825e-197,0.5489648387731481,0.415,0.131,3.571813819717847e-193,34,MDK
2.6173285813243444e-195,0.6656681336505683,0.984,0.902,7.944639175751916e-191,34,RPLP0
4.7348073756907646e-192,0.4381784484169112,0.299,0.078,1.4372034308171746e-187,34,C20orf27
1.6455225565008885e-191,0.42404869754878527,0.311,0.083,4.994819168002797e-187,34,MFGE8
1.608747698144954e-189,0.4419157797728682,0.273,0.068,4.883192762949194e-185,34,LRRC75A
6.655476786787964e-187,0.4506629701295968,0.315,0.088,2.0202034238616186e-182,34,PPP1R14B
2.312066550075706e-184,0.5792107065069823,0.507,0.197,7.018046806099798e-180,34,SELENOM
3.9348182393288785e-184,0.46153215716802753,0.422,0.137,1.1943747283658877e-179,34,SERPING1
7.99213696884771e-175,0.5473472089129006,1,0.989,2.4259332555240338e-170,34,RPL12
5.0661277967808274e-173,0.40571027441348523,0.281,0.075,1.5377724314348524e-168,34,ISLR
6.459740857391609e-160,0.5811948296912575,0.991,0.945,1.9607897398526488e-155,34,RACK1
7.10166642224832e-158,0.6049757732936483,0.991,0.92,2.155639825809255e-153,34,ACTG1
1.5348262149549948e-155,0.466366271799524,0.39,0.136,4.6588114928743914e-151,34,SPON2
3.995320212470629e-155,0.5475988195810245,0.426,0.163,1.2127394972933349e-150,34,GADD45A
3.2208890806087534e-153,0.4644622498158659,0.531,0.217,9.77668671527981e-149,34,SPARC
4.070502549659029e-153,0.3526528008686368,0.255,0.068,1.2355603439235018e-148,34,PPP1R14A
7.060181625799808e-151,0.5144447330869801,0.996,0.984,2.143047530695274e-146,34,RPL8
3.3691694552264824e-144,0.38657929897526955,0.285,0.087,1.0226776964394464e-139,34,CD151
2.31386810779432e-143,0.41029383485326937,0.345,0.116,7.02351525439888e-139,34,NUPR1
2.2090307273405895e-141,0.6634884515035164,0.682,0.401,6.705291869769626e-137,34,GSTP1
2.854396406193157e-141,0.5634881300396184,0.538,0.256,8.664234851358708e-137,34,DSTN
2.0291987358383346e-138,0.36493621440157553,0.262,0.076,6.159429842763681e-134,34,TRIB1
2.865774086573957e-133,0.4830895577813974,0.407,0.15,8.698770662386588e-129,34,MEG3
6.180696062412311e-133,0.4273826278002595,1,0.995,1.8760884827846328e-128,34,RPS4X
9.867942584067447e-133,0.3257576813465904,0.404,0.147,2.995315291967833e-128,34,C1R
4.68816378969977e-131,0.5614121978550228,0.998,0.985,1.4230452367254681e-126,34,MT-CYB
2.7335438631240032e-129,0.4442127062267801,0.478,0.2,8.297399042126599e-125,34,ATF3
2.0283578632981974e-128,0.4476006326725024,0.998,0.984,6.156877458255348e-124,34,RPL7A
1.6298000261546662e-123,0.40011618645655156,0.374,0.141,4.947094999389874e-119,34,TIMP2
1.464251375225364e-122,0.5601212720509461,0.717,0.454,4.44458862435907e-118,34,IER2
2.51358103557951e-122,0.516885227165148,0.385,0.162,7.6297238753980445e-118,34,MYDGF
7.61445715201302e-122,0.36395791160624524,0.994,0.913,2.311292323922032e-117,34,VIM
1.4865700015778227e-121,0.4759030672072595,0.99,0.959,4.512334582789323e-117,34,RPS5
5.265635868825654e-118,0.33027237893275924,0.319,0.11,1.598331111623339e-113,34,EMP1
4.5719547310982406e-117,0.34469899028653855,0.345,0.127,1.38777113907756e-112,34,SERPINH1
2.990283413799544e-116,0.4515069776586902,0.994,0.97,9.076706274247137e-112,34,RPL10A
7.256766338685235e-116,0.40883339816588116,0.997,0.99,2.202718854444516e-111,34,RPL18
1.516136710054547e-113,0.40225818359841736,0.921,0.659,4.602081369699571e-109,34,FOSB
3.17195191354981e-108,0.333351209621739,0.313,0.114,9.628142838389093e-104,34,BASP1
1.3323468979322986e-105,0.5064735563376499,0.996,0.942,4.044205773983699e-101,34,MT-ND5
2.0716071246134986e-105,0.46035595724310885,0.8,0.553,6.288156266051814e-101,34,NFKBIA
1.85066146783751e-104,0.5071201119604849,0.998,0.988,5.617497819473978e-100,34,MT-CO3
2.5221965293294964e-104,0.3922309114602389,1,0.995,7.655875345126753e-100,34,RPS24
6.558623787102446e-103,0.47360787106618796,0.563,0.308,1.9908046643370765e-98,34,TUBA1A
4.9561682716247764e-102,0.3519452790347599,0.998,0.95,1.5043953171689847e-97,34,ACTB
1.2124885048180879e-101,0.3451454803217606,1,0.999,3.680387607524824e-97,34,RPL10
3.2350700522510555e-101,0.3221418357095914,0.386,0.165,9.819731636602855e-97,34,CTSB
8.765556886160839e-100,0.4773588673638026,0.545,0.299,2.660697137225261e-95,34,LGALS3
1.7099531497469994e-99,0.3762090820072176,0.349,0.144,5.190391790742042e-95,34,PTMS
2.9977204180337775e-97,0.32840989821314537,0.315,0.12,9.099280556899729e-93,34,SOX4
1.382794278621278e-95,0.3010586821694945,0.365,0.15,4.197333753327027e-91,34,SELENOP
2.7719533446864934e-95,0.4411190740115653,0.403,0.192,8.413987182461382e-91,34,PDIA6
4.082031275137641e-95,0.36562314230076254,0.997,0.995,1.2390597732552796e-90,34,RPS14
1.514433889719362e-94,0.2788433156994363,0.541,0.271,4.596912628854152e-90,34,SOD2
1.8904719978557464e-94,0.3768710030592519,0.998,0.979,5.7383387022913325e-90,34,TMSB10
2.4968077269732216e-92,0.318925987017691,0.271,0.098,7.578810174454516e-88,34,CAV1
3.135774153779507e-91,0.4046175521478279,0.98,0.936,9.518328866382316e-87,34,RPL7
2.937091327802531e-89,0.41966943069767954,0.477,0.249,8.915247016411803e-85,34,TPM4
4.974811830378664e-87,0.30620890569810555,0.256,0.095,1.51005438299314e-82,34,NBL1
5.89882444930189e-87,0.5203182077862148,0.598,0.383,1.7905291733410957e-82,34,CALR
6.703192828483791e-86,0.41328389868094884,0.392,0.193,2.03468715115797e-81,34,P4HB
7.8371902669116595e-84,0.41907003059345227,0.777,0.574,2.378900733618365e-79,34,DUSP1
1.954612017184591e-83,0.3584195411842175,0.999,0.981,5.933029316962107e-79,34,RPS2
3.340053887108723e-83,0.4234388462781001,0.421,0.219,1.0138399568929818e-78,34,PRDX5
1.9203972363224112e-81,0.3243480945418866,0.361,0.16,5.829173771133047e-77,34,RHOB
8.1537723218292e-78,0.4184151098939885,0.401,0.208,2.4749960505680354e-73,34,FKBP1A
1.4109919011651158e-77,0.33074129430598953,0.999,0.993,4.282924816796593e-73,34,RPL3
2.4338516035262234e-76,0.2977338343797473,0.283,0.114,7.387713157343498e-72,34,PCOLCE
4.002868989276558e-76,0.4133089278322529,0.413,0.22,1.2150308530050066e-71,34,OSTC
2.5584205027395133e-74,0.346474688070784,0.327,0.15,7.765829594015518e-70,34,YBX3
2.423980910024051e-73,0.26806654108629857,0.31,0.132,7.357751654287005e-69,34,C1S
1.1323866741655737e-72,0.4116947727733793,0.968,0.819,3.437246510762182e-68,34,NEAT1
1.4495807202018961e-72,0.45806727719493967,0.578,0.385,4.4000573181008355e-68,34,GPX4
5.368300801550176e-72,0.3386805620966902,0.997,0.989,1.6294940253025405e-67,34,RPS9
7.117860658512416e-72,0.39944070804182125,0.38,0.199,2.160555424284859e-67,34,EIF5A
1.725287921964072e-71,0.46799795101982344,0.574,0.39,5.236938958329744e-67,34,SSR2
2.9423581763899886e-71,0.33092375970690036,0.998,0.984,8.931234008614171e-67,34,RPS7
7.333694192476658e-70,0.35766922417006325,0.391,0.205,2.226069535184365e-65,34,BSG
9.169620619207945e-65,0.4188899012238043,0.81,0.724,2.7833466427543795e-60,34,RPL4
1.9246310014416394e-64,0.3827263812206471,0.311,0.154,5.842024941775952e-60,34,MANF
2.9080616055049062e-64,0.28426863928562496,0.344,0.165,8.827130197349592e-60,34,TCEAL4
1.9973183130320675e-63,0.2573961216758437,0.303,0.137,6.0626600073775375e-59,34,KLF4
3.55979946513846e-63,0.3835651522386043,0.998,0.987,1.080541529648128e-58,34,MT-ND4
8.735629348059408e-63,0.3143524246934003,0.283,0.133,2.6516129323099526e-58,34,FKBP2
5.151088896748386e-60,0.3144758520597728,0.368,0.194,1.5635615237190052e-55,34,SERTAD1
2.1991641801930766e-59,0.28083310456703314,0.998,0.993,6.675342952558065e-55,34,RPL18A
3.872377618536847e-58,0.4318450850294183,0.489,0.318,1.1754215023306746e-53,34,SEC61G
4.7340983651367445e-57,0.34105501206955907,0.383,0.214,1.4369882177536074e-52,34,TUBB
1.3438663028640545e-56,0.26099948792516914,0.999,0.995,4.079171775713551e-52,34,RPL11
1.1305738525548131e-55,0.43457956553533994,0.529,0.368,3.43174387204488e-51,34,SEC61B
1.4498091768539029e-55,0.27390545787494913,0.998,0.99,4.400750775422337e-51,34,RPS3
3.263090067246151e-55,0.29259366238482964,0.344,0.174,9.904783590118968e-51,34,KCNQ1OT1
2.1219413093996738e-54,0.36409797675982924,0.493,0.316,6.44094065055177e-50,34,ANXA2
5.939445690187352e-54,0.27388088389137355,1,0.988,1.8028593447994687e-49,34,RPL37A
1.3508677353785633e-53,0.32353981380403074,0.261,0.124,4.100423923968091e-49,34,CD59
1.8814972511419476e-50,0.3300638473427022,0.917,0.849,5.711096756116268e-46,34,SERF2
1.3649760927987426e-49,0.32340307520849304,0.342,0.189,4.143248432081303e-45,34,CTNNB1
3.529447902873537e-49,0.34014249038270017,0.421,0.26,1.0713286164382334e-44,34,YWHAE
9.733512299875593e-49,0.33232297757542995,0.998,0.989,2.9545103235042375e-44,34,MT-ATP6
7.883365288310802e-48,0.3468443009326827,0.604,0.468,2.392916699613861e-43,34,SSR4
1.833153822897081e-47,0.258164251033152,0.279,0.143,5.5643551140218e-43,34,MTCH1
2.8246842545278626e-46,0.32662697772680493,0.914,0.848,8.574046586193875e-42,34,PFDN5
1.4362636722232114e-44,0.3038070165574785,0.298,0.164,4.359634750666336e-40,34,LRPAP1
1.7837217595880682e-44,0.28930474025855624,0.985,0.953,5.414309029053622e-40,34,NACA
7.240338294743314e-43,0.2705307179274383,0.277,0.149,2.1977322859863856e-38,34,KDELR2
8.475231148763468e-43,0.29432848605842526,0.341,0.2,2.5725716628956634e-38,34,RAC1
9.150521032530904e-43,0.3567131906969364,0.525,0.379,2.7775491542144306e-38,34,MZT2B
2.1769417201535196e-42,0.3110746672551225,0.421,0.269,6.607888897353993e-38,34,RABAC1
2.9979366959216976e-42,0.3604170724393183,0.58,0.444,9.099937046800721e-38,34,NDUFA4
1.1913123402661346e-40,0.39625861561393383,0.555,0.432,3.616109477643825e-36,34,PPIB
1.3732536878136565e-40,0.2851028251174208,0.432,0.277,4.168374243989573e-36,34,COTL1
1.3041597145250675e-39,0.2517590350625327,0.989,0.964,3.95864639746939e-35,34,RPL5
1.8662717581419203e-39,0.2619014120005312,0.387,0.238,5.664881294663985e-35,34,PLIN2
1.2850457575230764e-38,0.2707163354733686,0.372,0.226,3.900627892385546e-34,34,NFKBIZ
2.3315024754345946e-35,0.30038684859666376,0.359,0.229,7.077042613934169e-31,34,WTAP
5.552427668648256e-35,0.2755003686237987,0.384,0.252,1.6853838945414918e-30,34,XBP1
7.165390664565931e-34,0.26273987646523067,0.651,0.508,2.174982682322343e-29,34,S100A11
9.192464947133034e-32,0.30209185600593025,0.72,0.663,2.790280810052761e-27,34,EEF2
1.5554759009533816e-31,0.2606881913626866,0.998,0.988,4.7214915497538944e-27,34,MT-CO2
1.3530257475818725e-30,0.28437838902491175,0.534,0.403,4.106974354210016e-26,34,HSPA5
2.221787048752569e-29,0.2618788021456422,0.332,0.218,6.744012407783548e-25,34,SSR3
1.1247735150030166e-24,0.2582906071869405,0.498,0.388,3.414137527440157e-20,34,YBX1
6.3831703866332736e-24,0.25555458668058684,0.391,0.283,1.9375475391586639e-19,34,SEC11A
1.0304806792025998e-23,0.2720064106562061,0.503,0.4,3.1279210536515715e-19,34,GNAS
6.0957647882217715e-22,0.2710530749924487,0.604,0.519,1.8503084438168365e-17,34,SLC25A6
0,4.1298095421552,1,0.389,0,35,MGP
0,3.3542906664912673,0.982,0.363,0,35,COL1A1
0,3.135372293243446,0.998,0.306,0,35,COL1A2
0,3.0969694344269865,0.931,0.049,0,35,SFRP2
0,3.056185335253238,1,0.503,0,35,DCN
0,2.8108868522990798,0.807,0.172,0,35,CFD
0,2.6954394960737313,0.942,0.308,0,35,COL3A1
0,2.6181245612737274,0.708,0.179,0,35,HSPA6
0,2.5767944763061306,0.562,0.044,0,35,PLA2G2A
0,2.3861824024158627,0.962,0.097,0,35,CCDC80
0,2.2452036570909595,0.953,0.143,0,35,SERPINF1
0,2.2127905944512345,0.977,0.294,0,35,LUM
0,2.187009364485025,0.788,0.143,0,35,PTGDS
0,2.183497551153558,0.658,0.221,0,35,IER3
0,2.1811261354880913,0.925,0.091,0,35,C3
0,2.0660099343499048,0.982,0.162,0,35,COL6A2
0,2.02329287831799,0.959,0.143,0,35,C1R
0,2.0174561945442067,0.85,0.068,0,35,NNMT
0,1.893424708745871,0.948,0.14,0,35,FBLN1
0,1.8929121155617818,0.72,0.064,0,35,CYR61
0,1.6954567089126504,0.68,0.098,0,35,IGFBP6
0,1.6364431422699621,0.885,0.105,0,35,MMP2
0,1.5991549959462452,0.837,0.097,0,35,COL6A3
0,1.5930591861833305,0.873,0.16,0,35,IGFBP4
0,1.591879001023668,0.911,0.128,0,35,C1S
0,1.5826529982032556,0.86,0.215,0,35,SPARC
0,1.5282807532999774,0.665,0.132,0,35,SFRP4
0,1.5243688714747505,0.864,0.239,0,35,SPARCL1
0,1.5098543395485904,0.714,0.13,0,35,GSN
0,1.4920918102299963,0.982,0.551,0,35,CD63
0,1.449543842416232,0.637,0.097,0,35,GEM
0,1.4183833878920926,0.87,0.146,0,35,COL6A1
0,1.4171312057087944,0.934,0.426,0,35,EGR1
0,1.4116934665268912,0.82,0.114,0,35,RARRES2
0,1.4026228363829316,0.816,0.065,0,35,COL14A1
0,1.3905506029771235,0.998,0.913,0,35,VIM
0,1.3798037333736235,0.507,0.091,0,35,SERPINE1
0,1.3460270009951922,0.954,0.37,0,35,TIMP1
0,1.333888202651476,0.672,0.175,0,35,IGFBP5
0,1.3042390388027951,0.694,0.027,0,35,CTHRC1
0,1.2809837066672927,0.853,0.147,0,35,SELENOP
0,1.2799963830140422,0.82,0.11,0,35,PCOLCE
0,1.2766771288114813,0.673,0.044,0,35,THBS2
0,1.2588833570897107,0.693,0.085,0,35,CLU
0,1.2470219846723345,0.453,0.086,0,35,CRYAB
0,1.2386315575350026,0.699,0.059,0,35,CTSK
0,1.238294193682386,0.724,0.115,0,35,IGF1
0,1.2295772278430612,0.755,0.057,0,35,MFAP4
0,1.2192854710853815,0.706,0.089,0,35,OGN
0,1.2171932599887125,0.599,0.066,0,35,SFRP1
0,1.2016592467096703,0.851,0.134,0,35,SERPING1
0,1.170728572151118,0.745,0.07,0,35,GPNMB
0,1.1235982865929113,0.596,0.044,0,35,FGF7
0,1.0955081572869747,0.614,0.054,0,35,GPRC5A
0,1.0724352569739108,0.742,0.081,0,35,FSTL1
0,1.064711665600209,0.456,0.036,0,35,WISP2
0,1.05581389154756,0.507,0.072,0,35,ABL2
0,1.0428413410602722,1,0.957,0,35,FTL
0,1.042018485869724,0.485,0.047,0,35,CTGF
0,1.0415507789974807,0.655,0.171,0,35,KCNQ1OT1
0,1.039876759664629,0.73,0.078,0,35,AEBP1
0,1.0349759151657487,0.95,0.341,0,35,CST3
0,1.0130383956714173,0.777,0.293,0,35,NR4A1
0,1.012399234037174,0.521,0.069,0,35,C7
0,1.0091736678621306,0.664,0.054,0,35,PLTP
0,1.0071272533808642,0.367,0.035,0,35,CXCL14
0,1.0063421262759518,0.642,0.052,0,35,MGST1
0,0.9998473651245018,0.743,0.147,0,35,MEG3
0,0.9939087289046683,0.57,0.109,0,35,EMP1
0,0.9738795869438719,0.786,0.148,0,35,FCGRT
0,0.9703950713999268,0.329,0.058,0,35,HMOX1
0,0.9454551714420698,0.715,0.083,0,35,LRP1
0,0.9416746607742563,0.634,0.028,0,35,SLIT3
0,0.9332806550680279,0.862,0.258,0,35,CALD1
0,0.9311050863981002,0.808,0.314,0,35,ANXA2
0,0.911986581399716,0.633,0.049,0,35,FBLN2
0,0.9053571119233726,0.6,0.148,0,35,BAG3
0,0.8944424691530404,0.53,0.084,0,35,MT1E
0,0.8941794795809882,0.705,0.081,0,35,LGALS3BP
0,0.8937425861114738,0.608,0.051,0,35,EFEMP1
0,0.8877064084218793,0.534,0.028,0,35,PDGFRL
0,0.8853045552778542,0.524,0.13,0,35,MYC
0,0.8839943325395175,0.881,0.347,0,35,IFITM3
0,0.8810263095819735,0.885,0.292,0,35,LAPTM4A
0,0.869356935512567,0.572,0.025,0,35,SRPX
0,0.8624289468632768,0.408,0.032,0,35,ADH1B
0,0.847544317936195,0.365,0.029,0,35,DPT
0,0.8405944820219029,0.502,0.041,0,35,GAS1
0,0.8332009086791965,0.7,0.139,0,35,TIMP2
0,0.8329946767684416,0.626,0.086,0,35,PMP22
0,0.7972193142564612,0.455,0.101,0,35,ADIRF
0,0.7951813110373893,0.486,0.121,0,35,TSC22D1
0,0.7909752056462447,0.751,0.196,0,35,SELENOM
0,0.7875130304053173,0.527,0.05,0,35,BGN
0,0.7810563897525714,0.588,0.062,0,35,OLFML3
0,0.7621212434944256,0.521,0.067,0,35,THY1
0,0.7560428599963449,0.546,0.034,0,35,PODN
0,0.7539587309265243,0.317,0.015,0,35,MFAP5
0,0.7519139268916757,0.487,0.046,0,35,TNXB
0,0.7483376209818243,0.539,0.053,0,35,CFH
0,0.7428953775573086,0.566,0.066,0,35,CPXM1
0,0.7426227040170376,0.473,0.018,0,35,SVEP1
0,0.7414673819268245,0.629,0.114,0,35,NUPR1
0,0.7401872727465635,0.653,0.125,0,35,S100A13
0,0.7382556408599299,0.562,0.069,0,35,FXYD1
0,0.7282354850619577,0.524,0.031,0,35,PRELP
0,0.7165633590830085,0.554,0.13,0,35,THBS1
0,0.7142197543281743,0.522,0.116,0,35,RND3
0,0.7111724512619643,0.567,0.086,0,35,LIMA1
0,0.7025027376252277,0.517,0.061,0,35,TSHZ2
0,0.7022323563595211,0.354,0.047,0,35,A2M
0,0.7020351759617333,0.431,0.065,0,35,TENT5A
0,0.7005788689570859,0.575,0.058,0,35,TSPAN4
0,0.700168859614363,0.422,0.047,0,35,PLAC9
0,0.6915234224490899,0.476,0.058,0,35,CXCL12
0,0.6704629688622553,0.478,0.055,0,35,COL5A2
0,0.6665967397451701,0.461,0.027,0,35,PTGIS
0,0.659661982372135,0.442,0.051,0,35,FBN1
0,0.6493444970469564,0.468,0.042,0,35,COL12A1
0,0.6491086329320199,0.47,0.049,0,35,LHFPL6
0,0.6468482491017538,0.791,0.265,0,35,PSAP
0,0.6423500442142109,0.5,0.093,0,35,NBL1
0,0.6355278049601466,0.368,0.027,0,35,LXN
0,0.634360689885536,0.425,0.024,0,35,ELN
0,0.6234834017029216,0.48,0.037,0,35,MRC2
0,0.6222913186649555,0.423,0.028,0,35,F10
0,0.6119343548108384,0.411,0.087,0,35,EGR3
0,0.6114579737298634,0.506,0.072,0,35,HTRA1
0,0.6094583935856138,0.491,0.048,0,35,EFEMP2
0,0.5999672796079187,0.698,0.212,0,35,NPC2
0,0.5926180338796396,0.445,0.036,0,35,NFIB
0,0.5894828739981492,0.459,0.059,0,35,FGFR1
0,0.589451131896322,0.493,0.067,0,35,MXRA8
0,0.5747676968799312,0.45,0.06,0,35,COL5A1
0,0.5704184107082565,0.385,0.01,0,35,C16orf89
0,0.5701363605398027,0.414,0.061,0,35,NR2F1
0,0.5654583882556051,0.415,0.033,0,35,ABI3BP
0,0.5649183057438731,0.449,0.058,0,35,PRRX1
0,0.5635454802746592,0.429,0.039,0,35,RCN3
0,0.5608484610668363,0.27,0.02,0,35,MT1M
0,0.5503379697163111,0.342,0.019,0,35,ANK2
0,0.5472340469549635,0.458,0.048,0,35,CYBRD1
0,0.5467076689532112,0.422,0.046,0,35,PDGFRB
0,0.5376040917318362,0.33,0.054,0,35,CYP1B1
0,0.5375245173012815,0.426,0.075,0,35,CRISPLD2
0,0.5354489725301853,0.309,0.026,0,35,SEMA3C
0,0.5308347186329198,0.304,0.032,0,35,RARRES1
0,0.5307455584288636,0.401,0.074,0,35,PRSS23
0,0.5244994631843674,0.371,0.05,0,35,CD248
0,0.5213496325254714,0.407,0.045,0,35,PLXDC2
0,0.5184924342569949,0.347,0.064,0,35,PLAT
0,0.5178505484799132,0.352,0.047,0,35,GAS6
0,0.5079892156696126,0.425,0.057,0,35,COL18A1
0,0.5052903012035398,0.399,0.033,0,35,SGCE
0,0.5001214231212738,0.436,0.077,0,35,CNN3
0,0.49886178110809276,0.377,0.029,0,35,FAP
0,0.4988038641460236,0.485,0.102,0,35,PDLIM2
0,0.492814751154693,0.482,0.093,0,35,CTSL
0,0.4828657486929482,0.318,0.022,0,35,CPE
0,0.4827684878543719,0.423,0.07,0,35,PRDX4
0,0.47977321100435955,0.378,0.068,0,35,FN1
0,0.47932288286773217,0.411,0.082,0,35,MFGE8
0,0.4783617970793328,0.356,0.03,0,35,PAMR1
0,0.4768369721064332,0.312,0.045,0,35,UGDH
0,0.4757120863629917,0.385,0.056,0,35,HSPB6
0,0.47504169857696477,0.399,0.075,0,35,PBX1
0,0.4707215141700404,0.424,0.067,0,35,NFIA
0,0.46989413021685855,0.322,0.039,0,35,CRABP2
0,0.46673479097130954,0.33,0.015,0,35,COLEC12
0,0.46080123211007257,0.359,0.041,0,35,SPON1
0,0.45951265542748476,0.439,0.088,0,35,NFIC
0,0.4593262497245247,0.259,0.01,0,35,C1QTNF3
0,0.4588939956427491,0.312,0.055,0,35,SEMA4A
0,0.45681147079515694,0.356,0.035,0,35,LAMB2
0,0.4535688755203574,0.344,0.022,0,35,MEIS2
0,0.4531586196605136,0.338,0.02,0,35,ANGPTL2
0,0.45102827729932116,0.307,0.038,0,35,FHL1
0,0.4492280994954667,0.328,0.019,0,35,LOX
0,0.4489540146475879,0.316,0.032,0,35,SNAI2
0,0.4434126385155296,0.366,0.037,0,35,LAMA4
0,0.44125793268563235,0.326,0.035,0,35,CTSF
0,0.43718468559812484,0.326,0.021,0,35,FMOD
0,0.43539065013130474,0.316,0.053,0,35,FILIP1L
0,0.43517136801425954,0.359,0.057,0,35,ALDH2
0,0.42983991077229305,0.315,0.009,0,35,STEAP1
0,0.41612282953724844,0.307,0.031,0,35,ABCA8
0,0.4155439003834004,0.29,0.01,0,35,DCLK1
0,0.414317171394633,0.275,0.018,0,35,SCARA5
0,0.41315714769033507,0.32,0.038,0,35,OAF
0,0.41286165005213665,0.296,0.01,0,35,CHRDL1
0,0.4080247019913862,0.328,0.039,0,35,GFPT2
0,0.4073669999518434,0.315,0.028,0,35,DPYSL3
0,0.4060470571801959,0.34,0.038,0,35,MPZL1
0,0.4056028334163811,0.306,0.044,0,35,TMEM45A
0,0.40374606910977073,0.346,0.047,0,35,PPIC
0,0.40123575996041777,0.324,0.028,0,35,GNG12
0,0.40001868544830527,0.283,0.026,0,35,MMP23B
0,0.3996291260208936,0.257,0.011,0,35,COL8A1
0,0.3937200185670282,0.338,0.056,0,35,CHID1
0,0.3904492199313736,0.343,0.058,0,35,DAB2
0,0.3903672847063534,0.3,0.022,0,35,C2
0,0.38833165221163773,0.31,0.036,0,35,CFI
0,0.3864452759362332,0.306,0.018,0,35,GLT8D2
0,0.38550613478568097,0.263,0.022,0,35,CD34
0,0.3781358568434365,0.316,0.047,0,35,TFPI
0,0.37323469811151205,0.309,0.033,0,35,FKBP10
0,0.36876433509068474,0.278,0.019,0,35,NT5E
0,0.36806617393381724,0.297,0.042,0,35,SSPN
0,0.36698173071765466,0.253,0.022,0,35,MEDAG
0,0.3624883915043939,0.311,0.04,0,35,TMEM98
0,0.35896208154794984,0.266,0.02,0,35,OLFML2B
0,0.3588917097254613,0.312,0.044,0,35,CAVIN3
0,0.3508088951913316,0.33,0.059,0,35,RAB34
0,0.3503296650844053,0.303,0.051,0,35,EPB41L2
0,0.348739981870846,0.263,0.029,0,35,SRGAP1
0,0.347208799269046,0.276,0.031,0,35,PDPN
0,0.34132288629452107,0.275,0.034,0,35,EPHX1
0,0.34100252592533026,0.292,0.045,0,35,METTL7A
0,0.34075930331734566,0.284,0.046,0,35,VASN
0,0.3404175967625551,0.252,0.015,0,35,BOC
0,0.33899889288767016,0.287,0.042,0,35,VAT1
0,0.3371108859766607,0.256,0.034,0,35,GPX3
0,0.3343612908532837,0.256,0.021,0,35,BICC1
0,0.3339412738463049,0.261,0.024,0,35,SH3D19
0,0.32780160272179504,0.251,0.014,0,35,LRRN4CL
0,0.31379796734360116,0.251,0.03,0,35,HSPG2
0,0.30291830811845644,0.253,0.031,0,35,NFIX
0,0.29986971258391676,0.254,0.03,0,35,BNC2
0,0.294040993534054,0.255,0.036,0,35,FAM114A1
1.5832594813528007e-307,1.0170873212369493,0.989,0.699,4.805825829698291e-303,35,LGALS1
5.436784874106845e-307,0.5978329661117949,0.631,0.194,1.6502816806863917e-302,35,MGST3
7.2766512145119205e-304,1.4842350976560863,0.926,0.659,2.2087547096529484e-299,35,FOSB
4.2004486964105175e-299,0.5172089395509378,0.517,0.13,1.2750041973084485e-294,35,MDK
3.572976146945221e-298,0.36734244319432735,0.333,0.062,1.0845411796437523e-293,35,SCPEP1
5.896647816491432e-292,1.6341071312854925,0.96,0.761,1.789868478217809e-287,35,FOS
1.3577619310861392e-291,0.36650107765810214,0.321,0.059,4.1213505656188667e-287,35,PLPP3
3.030613335067578e-290,0.4492683156456482,0.455,0.11,9.199123717264126e-286,35,VKORC1
7.5539910153237265e-289,1.5158190850351319,0.784,0.366,2.292938432791364e-284,35,GADD45B
9.876340854660477e-288,0.7010665681138004,0.51,0.135,2.9978645030236412e-283,35,KLF4
3.3045792653772943e-287,0.46533960038115924,0.321,0.06,1.003071990212624e-282,35,IFI27
3.6465552898641475e-285,1.1446435304898022,0.72,0.27,1.1068753926853633e-280,35,SOD2
5.811254514237123e-285,0.3581961198829124,0.252,0.039,1.7639481952515363e-280,35,MAP1B
1.3909153005194515e-284,0.3196118669055504,0.289,0.05,4.221984303196743e-280,35,ASPH
4.6097373342065887e-284,0.3798128055734676,0.352,0.071,1.399239670425068e-279,35,CPQ
1.0562219199820102e-282,1.2173063240519761,0.468,0.122,3.206056015913394e-278,35,CXCL2
8.131959271876985e-280,1.0515656752734945,0.987,0.807,2.46837491738554e-275,35,S100A6
1.584173622047581e-279,0.36591029206254777,0.338,0.067,4.8086006123632273e-275,35,C1orf21
3.1171812090173866e-277,0.40660811850627143,0.361,0.076,9.461891841851375e-273,35,PLPP1
3.785654210772322e-277,0.3829081749062515,0.374,0.08,1.1490974791378307e-272,35,PLD3
8.372770265268748e-276,0.9306239981864016,0.498,0.14,2.5414706863196757e-271,35,ID3
4.668651512066077e-275,0.37310147270996724,0.308,0.058,1.417122479972537e-270,35,FBLN5
6.410828827538535e-275,0.4477055871533553,0.453,0.113,1.9459429823110467e-270,35,DDAH2
1.1248396375059446e-272,0.6551508668813442,0.288,0.052,3.4143382356855444e-268,35,PTGS2
1.6819586765437662e-270,0.3211411704082095,0.267,0.045,5.105417366780948e-266,35,CLEC11A
4.297774390162816e-270,0.37420743423652836,0.367,0.08,1.304546438390021e-265,35,TNFRSF1A
1.0502356450590432e-269,0.45353070493767933,0.423,0.1,3.18788527701222e-265,35,TCEAL9
7.943833750175269e-269,0.36053867466011386,0.365,0.077,2.411271296528201e-264,35,CAVIN1
8.373003888253208e-269,0.47805542755147423,0.509,0.132,2.5415416002403787e-264,35,VCAN
1.341544920217386e-265,0.28982466560762576,0.263,0.044,4.072125450827854e-261,35,LAMB1
2.1161690409114922e-265,0.3001508517015859,0.263,0.044,6.423419506782743e-261,35,CTTN
1.2943650969700127e-264,0.4814271397581397,0.26,0.044,3.928915815342776e-260,35,HES1
2.816526650085411e-261,0.30387631123981756,0.263,0.045,8.549284993669257e-257,35,TUBB6
4.5506106457076745e-254,0.9015175917245731,0.559,0.182,1.3812923553981076e-249,35,SOCS3
4.502244996055109e-253,1.3028723336212544,0.943,0.729,1.3666114461025678e-248,35,HSPA1A
2.6075387894509452e-250,0.39002234368864136,0.318,0.065,7.914923241499399e-246,35,GNG11
1.1057032343087723e-249,0.8185478396987821,0.6,0.199,3.3562515974208474e-245,35,ATF3
3.3924834185133405e-249,0.36383693246781623,0.381,0.087,1.0297544168555393e-244,35,PDGFRA
1.2657769548348574e-248,0.2904633646398915,0.261,0.046,3.842139368705726e-244,35,PCYOX1
1.519762627398057e-248,0.3948124449238863,0.397,0.096,4.613087479204062e-244,35,LEPROT
5.493530869192857e-246,0.31736859792985217,0.27,0.05,1.6675063600347996e-241,35,QSOX1
6.696942553444681e-245,0.9499175990055344,0.831,0.387,2.0327899426725984e-240,35,LMNA
1.1779269069222131e-241,0.32807931899967874,0.277,0.052,3.5754793332716856e-237,35,TMEM176B
2.7467894818402474e-241,0.6544979942387533,0.747,0.297,8.337604793177887e-237,35,LGALS3
7.983388470065483e-241,0.39977114940117864,0.378,0.09,2.423277736203677e-236,35,APP
3.186584025694982e-235,1.3627547477989723,0.932,0.777,9.672557151594549e-231,35,JUNB
1.5761332313171012e-233,0.41096515572618497,0.343,0.078,4.784194810339929e-229,35,ERRFI1
1.1422981726136992e-232,0.560545126714718,0.722,0.279,3.4673318731516226e-228,35,ANXA5
3.7140723857991544e-231,0.31494415197587594,0.272,0.053,1.1273695319854754e-226,35,SPATS2L
5.020392483056083e-231,0.32180145112025194,0.27,0.052,1.5238899343068434e-226,35,SVIL
5.617743571921017e-225,0.3520685861452097,0.331,0.074,1.7052098838209055e-220,35,ISLR
3.0832346990107946e-221,0.4047717809739607,0.455,0.126,9.358850605377366e-217,35,SERPINH1
2.049038039959768e-220,0.4265256069094888,0.367,0.093,6.21965006649388e-216,35,ZNF106
1.987328374260929e-216,0.4740137597902587,0.256,0.05,6.032336547231625e-212,35,ADM
1.27504570378624e-214,0.29320810385613616,0.254,0.049,3.870273729272753e-210,35,DDR2
6.946242605307192e-212,0.3401912191573092,0.307,0.068,2.108462480414945e-207,35,AKAP12
9.218712226639617e-204,0.4378656569136395,0.274,0.06,2.7982479092741895e-199,35,TNFRSF12A
1.6865342592142009e-203,0.511253500035188,0.643,0.25,5.119306090418785e-199,35,EID1
8.749415636436307e-203,0.4590481426891251,0.456,0.136,2.6557976222838767e-198,35,SPON2
1.5075344912753349e-201,0.6508980897359355,0.815,0.368,4.5759701948171514e-197,35,HSPB1
3.4427156159889086e-201,0.33910648253222075,0.376,0.099,1.0450018980772733e-196,35,CALU
7.076706470230145e-199,0.2843040425429943,0.266,0.056,2.148063481973658e-194,35,BDH2
3.4651941773476615e-194,0.3190915925938055,0.316,0.077,1.0518250405921091e-189,35,SPART
9.416008196840861e-194,0.6015892429036236,0.837,0.43,2.858135128069075e-189,35,PPIB
3.1399468122965013e-192,0.444322161441616,0.523,0.182,9.5309945540448e-188,35,RNH1
4.960515394750299e-192,0.2787715280737873,0.274,0.06,1.5057148429225057e-187,35,GSTM3
7.834596913013894e-190,0.3231226462030835,0.281,0.064,2.3781135469762375e-185,35,HCFC1R1
1.4919252520214084e-184,0.3216345143908021,0.357,0.095,4.528589909985783e-180,35,BEX3
1.6155135515138894e-183,0.3484598865443267,0.364,0.101,4.90372983426526e-179,35,REXO2
2.7724667338252506e-181,0.3652253999382098,0.404,0.121,8.415545523853165e-177,35,NUCB1
3.3904013860400437e-180,0.26461698079380314,0.253,0.055,1.0291224367185948e-175,35,ARHGAP21
1.4548495356927502e-178,0.5004178414851614,0.611,0.248,4.416050280641774e-174,35,LY6E
7.925828012788294e-178,0.5058091101561573,0.317,0.082,2.405805835001759e-173,35,APOD
1.0689707420823276e-176,0.5456892861771551,0.783,0.382,3.244753790516697e-172,35,CD99
3.5178222819226983e-175,0.29175131672858046,0.288,0.07,1.0677997754548159e-170,35,SCARB2
7.574118962806682e-175,0.45956296994645585,0.521,0.192,2.29904806997034e-170,35,P4HB
4.8094954348941405e-174,0.8660872515238927,0.907,0.688,1.4598742443077673e-169,35,DNAJB1
7.477759873397546e-174,0.7545481378226037,0.679,0.307,2.269799231971091e-169,35,TUBA1A
6.58426563487383e-172,0.3052474199738394,0.296,0.073,1.9985879908096024e-167,35,IL1R1
4.061067292278016e-170,0.3085120861639078,0.335,0.092,1.2326963658980691e-165,35,HEXA
6.373894605397834e-170,1.2366224760959237,0.827,0.531,1.9347319685224586e-165,35,S100A10
4.060125897127704e-169,0.464295744218403,0.322,0.087,1.2324106148141433e-164,35,ADAMTS1
1.029443463084105e-166,0.30328565169461164,0.297,0.076,3.1247726878454924e-162,35,FNDC3B
1.7850663393565422e-165,0.42806035828216527,0.366,0.111,5.418390366482848e-161,35,DHRS3
7.711489697784717e-165,0.335257136864726,0.326,0.088,2.340745582865573e-160,35,DST
2.194856923880686e-164,0.5061999214985426,0.343,0.098,6.662268706747434e-160,35,CAV1
5.0531814694946024e-164,0.669332202589886,0.884,0.574,1.5338427032503917e-159,35,HSPA1B
1.5710772431581913e-162,0.5059234590527866,0.644,0.27,4.768847863882374e-158,35,ARID5B
1.724258326878294e-160,0.3566423874208139,0.422,0.14,5.233813725406374e-156,35,ATRAID
1.1441442221165544e-157,0.36546183362368434,0.36,0.108,3.472935371812589e-153,35,KLF10
4.740381476579746e-157,0.32447217150012775,0.318,0.089,1.438895393401016e-152,35,FOXO3
2.6882316481748406e-154,0.2902815102785983,0.362,0.107,8.159858344869911e-150,35,GRN
5.225898248879738e-154,0.3152697620262576,0.362,0.11,1.5862691544649557e-149,35,HDLBP
2.0487161469396766e-153,0.48017621344372685,0.575,0.24,6.218672992420694e-149,35,RTN4
2.253394857906236e-153,0.5416246534565121,0.75,0.384,6.8399547516885885e-149,35,GPX4
4.849653525153011e-153,0.3969208920533992,0.419,0.143,1.472063831024945e-148,35,STOM
1.0946386052481808e-152,0.6966670325359874,0.994,0.956,3.322666022370328e-148,35,UBC
2.7682532018291297e-151,0.3121986490612987,0.396,0.124,8.40275576883214e-147,35,MYL9
2.165575884153639e-149,0.4002852453010898,0.617,0.256,6.573389038759955e-145,35,DSTN
1.05850814496695e-148,0.366216787667359,0.456,0.157,3.21299562323268e-144,35,TPM2
8.528002289345735e-148,0.2786197151033265,0.285,0.076,2.5885898149080044e-143,35,EEA1
3.806803132683282e-147,0.2734236107606207,0.278,0.074,1.1555170228946835e-142,35,SEPT11
1.2369922564195551e-145,0.2840334634672136,0.272,0.071,3.7547662951359174e-141,35,OSR2
1.9816754747639645e-140,0.35216448029331215,0.392,0.133,6.0151777360985375e-136,35,RRBP1
1.2684407090668323e-139,0.2686568377912922,0.25,0.064,3.8502249283014626e-135,35,VEGFB
3.0287482972748554e-139,0.3150960013200469,0.391,0.132,9.193462581548096e-135,35,KDELR1
3.03965554481488e-139,0.28752070380452643,0.301,0.087,9.226570440731087e-135,35,CD151
3.0959908566560398e-139,0.2934516969157685,0.299,0.086,9.397570646293744e-135,35,CYB5A
5.3342361523842235e-139,0.2624532802673465,0.294,0.083,1.6191540416947072e-134,35,DPYSL2
2.3946586787335737e-138,0.5481091361627946,0.673,0.313,7.26874695342789e-134,35,CD81
3.304230365337384e-135,0.3786186174085632,0.311,0.096,1.0029660850945095e-130,35,UAP1
1.6243793772907056e-134,0.40478837398415296,0.598,0.265,4.930641161828208e-130,35,PEBP1
5.1213621291591996e-133,0.2894238620259035,0.333,0.105,1.5545382606849835e-128,35,LAMP2
5.646110923695652e-130,0.2939041235318971,0.317,0.099,1.7138205097785783e-125,35,OS9
7.276766240125197e-129,0.25178413313952275,0.263,0.073,2.2087896245276026e-124,35,GINM1
7.996945293099043e-128,0.4998764770361182,0.347,0.117,2.4273927742672835e-123,35,SGK1
9.79654900930294e-128,0.2752163217538624,0.259,0.071,2.9736444862838143e-123,35,ALDH1A1
3.558428679679725e-127,0.3336648376550301,0.419,0.153,1.0801254414299837e-122,35,IL6ST
4.866936389562404e-127,0.9767280994075667,0.903,0.725,1.4773098716877722e-122,35,JUN
2.350493777207752e-123,0.3763131117909941,0.553,0.245,7.13468881133641e-119,35,PRDX6
4.361925863285825e-123,0.6492365684762729,0.961,0.819,1.3240189765417793e-118,35,NEAT1
5.080222171283057e-122,0.29349480879315126,0.374,0.132,1.5420506378712591e-117,35,FKBP2
5.261554444066463e-120,0.2803894283186694,0.337,0.113,1.5970922359519341e-115,35,ADH5
3.748501616920698e-119,0.3663069600428514,0.288,0.09,1.1378201808001086e-114,35,ICAM1
4.839471619933865e-118,0.306973633607798,0.399,0.148,1.4689732155147253e-113,35,NUCB2
5.336435648566282e-117,0.2893710489276903,0.316,0.102,1.6198216767658092e-112,35,TCF4
1.1837646708347137e-113,0.3257031264451271,0.508,0.219,3.59319928185169e-109,35,PRDX5
9.301684247744823e-113,0.26345033371261584,0.305,0.1,2.8234332365604637e-108,35,MAGED2
2.4249198320589055e-111,0.33241028296026937,0.366,0.131,7.360601658231601e-107,35,TPM1
5.1016641789353235e-110,0.3348712569431216,0.36,0.129,1.5485591448740281e-105,35,MARCKS
6.095098509166426e-109,0.4144732067574208,0.342,0.12,1.850106201472377e-104,35,SOX4
3.221000956374227e-107,0.33152064554302285,0.748,0.401,9.777026302978328e-103,35,GSTP1
7.70955902623405e-106,0.4873578963398786,0.979,0.92,2.3401595468230836e-101,35,ACTG1
2.5099970386954495e-105,0.3533017085222928,0.616,0.303,7.618845011256167e-101,35,TMEM59
8.08191769411608e-105,0.3009601100819266,0.255,0.078,2.4531852968719946e-100,35,CD9
1.8983514066760132e-104,0.32142711077671265,0.391,0.154,5.76225585982437e-100,35,TACC1
6.642843300930823e-103,0.2806452641018751,0.304,0.104,2.016368655564542e-98,35,SPTBN1
1.320080979309959e-100,0.2594964594274587,0.339,0.124,4.006973804597449e-96,35,CD59
1.3301842591694878e-100,0.25035296393402584,0.997,0.963,4.037641300283063e-96,35,FTH1
3.7102920124170676e-100,0.5118769578633948,0.759,0.467,1.1262220374490767e-95,35,HSPH1
9.127794366427168e-100,0.2746775757884916,0.323,0.112,2.7706507019853024e-95,35,RAMP1
1.357893434679443e-99,0.3510937602433397,0.555,0.268,4.121749731625981e-95,35,RABAC1
5.906168364580587e-97,0.30204878780057787,0.611,0.3,1.7927583453847913e-92,35,PRDX1
4.690781602929425e-96,0.2888340922090357,0.395,0.162,1.4238398477531977e-91,35,MYDGF
6.928232291220537e-96,0.3235544468005359,0.645,0.325,2.102995629677082e-91,35,C12orf57
4.033552404649891e-95,0.5266968904710597,0.433,0.188,1.224344496907428e-90,35,IGFBP7
1.595284200685958e-94,0.3475558288403462,0.456,0.201,4.842325662762157e-90,35,ZBTB20
1.914580747407294e-93,0.3916349374203161,0.804,0.501,5.811518400680101e-89,35,DYNLL1
2.2593414604666046e-93,0.6179407296140866,0.719,0.455,6.858005069100332e-89,35,IER2
4.326547822032611e-90,0.2718923024401599,0.395,0.164,1.3132803258997788e-85,35,PHPT1
1.3858325558357152e-89,0.2615217309984784,0.33,0.128,4.20655613998373e-85,35,ESD
3.7439790023097216e-87,0.2507563714963851,0.358,0.145,1.136447386361093e-82,35,C8orf59
3.610989658764832e-85,1.133960392563088,0.69,0.479,1.0960798010214772e-80,35,MT2A
5.11072114171105e-83,0.4278764304865985,0.922,0.747,1.5513082953549722e-78,35,ITM2B
1.1600704192288715e-80,0.26380909303040245,0.352,0.148,3.5212777505273165e-76,35,KDELR2
2.7624089437105128e-80,0.2641847526203305,0.329,0.133,8.38501610773889e-76,35,H2AFJ
1.1562349625768517e-75,0.2919525534263536,0.604,0.321,3.5096356054057756e-71,35,SEPT7
5.066727819890752e-75,0.3159096805350825,0.808,0.507,1.5379545624496388e-70,35,S100A11
1.2636237817039146e-74,0.2704791185509259,0.434,0.205,3.8356036269840626e-70,35,BSG
2.8719283790329347e-69,0.517476190940345,0.387,0.183,8.71745140171657e-65,35,TAGLN
1.9968031461854053e-67,0.3869702107783868,0.725,0.453,6.061096269931179e-63,35,ZFP36L1
1.0264041425963832e-66,0.46367328821280496,0.298,0.13,3.1155471344370616e-62,35,MT1X
3.8737963161970006e-66,0.5959968747704085,0.903,0.81,1.1758521338184375e-61,35,ZFP36
8.33706553366933e-61,0.38456181349276697,0.66,0.427,2.530632872089988e-56,35,CCNL1
2.628889288858541e-54,0.26586326084181044,0.556,0.322,7.979730547401216e-50,35,SQSTM1
7.551085972585535e-53,0.2501184943228123,0.602,0.355,2.2920566361186133e-48,35,AHNAK
1.3815436909811826e-51,0.27513641439659864,0.951,0.87,4.1935377196042816e-47,35,HSP90AB1
1.086719159091508e-50,0.2973781402173883,0.369,0.194,3.2986273355063636e-46,35,SERTAD1
1.770510809489837e-46,0.34503161098266066,0.497,0.304,5.374208511125452e-42,35,TUBB4B
3.5946840417841783e-45,0.2530225702389974,0.381,0.203,1.0911303940431695e-40,35,GLUL
9.882862391936484e-42,0.2506778636409177,0.773,0.574,2.9998440504484e-37,35,DUSP1
1.27958653122963e-39,0.3450685972057783,0.406,0.238,3.884056956894419e-35,35,PLIN2
2.781293963236493e-33,0.25623134031663547,0.358,0.212,8.442339696008051e-29,35,TIPARP
3.255128695140296e-33,0.26385617979964127,0.296,0.164,9.880617641228855e-29,35,GADD45A
3.130287707897783e-29,0.30936108491743375,0.91,0.813,9.50167530855293e-25,35,UBB
0,3.0185151693286887,0.883,0.079,0,36,CCL20
0,1.5705340301443516,0.938,0.385,0,36,IL7R
0,1.2799699591034257,0.835,0.316,0,36,KLRB1
0,1.0663161985832055,0.738,0.269,0,36,RORA
2.770705515368296e-253,0.4411358435630128,0.326,0.062,8.410199521348926e-249,36,CCR6
2.5232820311115746e-206,1.2439161849516613,0.914,0.565,7.659170277236074e-202,36,TNFAIP3
8.291947978458492e-188,0.369827039141927,0.286,0.062,2.5169378893812908e-183,36,TNFRSF25
6.012090781807197e-163,0.39249222730834704,0.315,0.081,1.8249100359097566e-158,36,AQP3
2.967056468563348e-144,0.7514544859858362,0.592,0.251,9.006203204677187e-140,36,LTB
1.0485112241243936e-143,0.6277552580441368,0.495,0.191,3.1826509697071845e-139,36,ANKRD28
2.7100832328624853e-139,0.5810082280830864,1,0.999,8.226186645030788e-135,36,RPLP1
5.1330608999347634e-129,0.8746607400874389,0.924,0.729,1.558089305566198e-124,36,BTG1
1.1623527992307763e-121,0.713054358084062,0.926,0.595,3.528205686785098e-117,36,CXCR4
4.992274893045412e-121,0.7312862080467806,0.971,0.71,1.5153551210350044e-116,36,SRGN
1.1629220233480376e-120,0.4082152309653342,0.325,0.103,3.529933509670633e-116,36,AHR
4.274347993332727e-111,0.5105301632370385,0.651,0.314,1.297435589896216e-106,36,GPR183
4.633548755600443e-111,0.41829409437340337,0.353,0.121,1.4064673892749586e-106,36,ICOS
1.0466505647896043e-107,0.3988816236298596,0.4,0.151,3.1770031243623645e-103,36,PDE4D
2.870641229267085e-105,0.5195883011012139,1,0.999,8.71354438731731e-101,36,TPT1
6.5696528389651595e-105,0.42813489980668273,0.411,0.162,1.9941524227394845e-100,36,ODF2L
2.690473311066301e-103,0.5045511697731824,0.426,0.177,8.16666268841065e-99,36,TANK
4.4084078382052125e-101,0.41136705708654486,0.504,0.222,1.3381281152088103e-96,36,SPOCK2
2.177599471636099e-95,0.9734621236277978,0.655,0.364,6.609885436204215e-91,36,CD69
7.123056721130007e-94,0.7923667055242538,0.837,0.638,2.1621326371318023e-89,36,KLF6
5.0573522128242115e-92,0.6934608128039956,0.868,0.628,1.5351086906806611e-87,36,TSC22D3
1.4078375751813615e-87,0.3115662888389808,0.294,0.103,4.273350175705505e-83,36,TTC39C
9.896312247363025e-87,0.5172080963608435,0.618,0.332,3.003926619564572e-82,36,CD2
2.3411326774196143e-86,0.4888583177880947,0.485,0.234,7.106274129039497e-82,36,FAM107B
3.685361829012633e-84,0.6396059747304679,0.955,0.847,1.1186547295784946e-79,36,JUND
4.345146939135394e-84,0.4872756589323045,0.56,0.292,1.3189259019051575e-79,36,KDM6B
7.443845483008398e-84,0.4608539670017987,0.472,0.224,2.2595048579123692e-79,36,NFKB1
2.6261512320506393e-82,0.3564584183132811,0.373,0.155,7.971419449766511e-78,36,MGAT4A
1.498497476575097e-80,0.473346825697902,0.667,0.4,4.5485392403960497e-76,36,GPBP1
2.2331426630384795e-80,0.6999777882281306,0.798,0.553,6.778481239387001e-76,36,NFKBIA
6.893464616035365e-77,0.36785335772152994,0.482,0.234,2.0924422495513748e-72,36,CD96
1.0926726235001247e-74,0.4906659890053906,0.493,0.255,3.3166984813722787e-70,36,AC058791.1
1.221963453780338e-73,0.7296601270362859,0.839,0.667,3.709147867604838e-69,36,ZFP36L2
1.4771047092935647e-67,0.5006411894606053,0.993,0.985,4.4836036345896863e-63,36,MT-CYB
4.644239365923621e-66,0.42483130998051866,0.26,0.1,1.4097124171324558e-61,36,SPRY1
3.1946967461078917e-64,0.3707485082115024,0.469,0.243,9.697182503135895e-60,36,IVNS1ABP
3.4969383810405937e-62,0.4560607567517059,0.606,0.375,1.0614606761810619e-57,36,MYADM
2.746078071502159e-61,0.33107050899526713,0.331,0.147,8.335445378237654e-57,36,GPR65
8.262108262701618e-59,0.3962439439146217,0.485,0.262,2.507880342060449e-54,36,BIRC3
4.5665877953748716e-58,0.40600992877202297,0.354,0.168,1.3861420594080885e-53,36,IER5
9.833767874834949e-58,0.36897837976415765,0.447,0.239,2.9849419007274004e-53,36,G3BP2
5.006060906371373e-57,0.4173161242331597,0.411,0.213,1.5195397275199666e-52,36,PHLDA1
3.138732549683022e-56,0.36047893430403644,1,0.995,9.527308781307844e-52,36,B2M
1.2521146249814836e-55,0.4851949665698335,0.497,0.288,3.800668732668795e-51,36,ARL4C
2.647873993215984e-55,0.4103784541222122,0.742,0.519,8.037356719007798e-51,36,CD44
3.797784997352565e-55,0.4887218331570109,0.498,0.285,1.1527796580963976e-50,36,RGCC
4.655103904239406e-55,0.3690252101025013,0.411,0.216,1.4130102390928292e-50,36,AC016831.5
7.266166956113636e-55,0.31482466083574706,0.362,0.178,2.2055723178587334e-50,36,ARL4A
8.267184712174949e-55,0.40455130739327716,0.558,0.339,2.509421247533584e-50,36,ANKRD12
2.868828218588969e-54,0.4457862206483181,0.716,0.511,8.708041174704955e-50,36,DDX3X
5.376752396111295e-53,0.41908873078665465,0.648,0.416,1.6320594223156224e-48,36,REL
2.4882348682316666e-52,0.38688309546336885,0.999,0.988,7.552788119030401e-48,36,MT-CO3
3.6740904518548806e-51,0.332609495537565,0.455,0.251,1.1152334157560305e-46,36,STK17A
6.14328030784749e-51,0.34281515315593314,1,0.992,1.864731304644027e-46,36,MT-CO1
6.851480345577525e-51,0.4071908026332314,0.697,0.45,2.0796983440966017e-46,36,CREM
2.639415157933241e-50,0.3646629015644851,0.555,0.343,8.011680770390559e-46,36,KMT2E
2.7617968143476106e-50,0.28878013683175124,0.372,0.188,8.383158050270737e-46,36,STAT4
2.1822657271796744e-49,0.36341347280981506,0.596,0.371,6.624049388281184e-45,36,CYTIP
7.922381550565973e-48,0.30781559270718234,0.316,0.152,2.4047596958587956e-43,36,GPR171
8.889004765599707e-48,0.3930296322353204,0.991,0.978,2.698168506550135e-43,36,MT-ND2
9.0221840205902e-48,0.3077242302300091,0.358,0.183,2.7385937376099495e-43,36,SLC7A5
2.1148421066462694e-47,0.3668341069128711,0.459,0.257,6.4193917305140865e-43,36,TRBC1
1.7491434458577221e-46,0.2784269707895843,0.343,0.174,5.3093500155565295e-42,36,RBMS1
3.600232942384995e-46,0.2569401242693094,0.315,0.153,1.0928147073315413e-41,36,ERN1
3.1758179328701156e-44,0.2703364954136099,0.436,0.245,9.63987775343395e-40,36,EML4
3.3628146962525615e-44,0.29914973851247695,0.469,0.274,1.0207487729005025e-39,36,ADGRE5
7.408245999502273e-44,0.3754988930811194,0.589,0.398,2.24869899068892e-39,36,TAGLN2
7.716965985705287e-44,0.498789659514969,0.741,0.57,2.342407855300983e-39,36,ANXA1
7.800792032737918e-44,0.3183318981914949,0.545,0.336,2.3678524136172673e-39,36,PPP2R5C
3.760061555213298e-43,0.28935195195393015,0.502,0.299,1.1413290844694444e-38,36,CCNH
3.467204541843331e-42,0.31019219169869616,0.486,0.297,1.0524352666311248e-37,36,IDS
7.733184357618456e-42,0.2986333028474081,0.513,0.31,2.347330779911506e-37,36,FYN
1.2764639267035097e-41,0.28305851432877344,0.361,0.194,3.874578603115833e-37,36,BHLHE40
2.394539087789742e-41,0.30948006314298837,0.999,0.99,7.268383947076984e-37,36,EIF1
3.9558766220438146e-39,0.2883808365612741,0.445,0.27,1.2007667898551794e-34,36,FNBP1
1.2558553740046763e-38,0.3216073848417713,0.817,0.62,3.8120234022537946e-34,36,S100A4
1.5650539807065377e-37,0.40513519726842007,0.596,0.394,4.7505648530366246e-33,36,RGS1
2.0858352330375527e-36,0.28925930009106793,0.999,0.988,6.331344266362188e-32,36,PTMA
5.612781879917071e-36,0.32827981114557003,0.508,0.326,1.7037038118300277e-31,36,PPP1R2
7.203338059476372e-36,0.26118477523187295,0.282,0.146,2.186501234573458e-31,36,RAB11FIP1
3.628730066621971e-35,0.2976459522190086,0.352,0.197,1.101464724422433e-30,36,AC020916.1
4.300380974760739e-34,0.32617260390244973,0.694,0.523,1.3053376410788745e-29,36,SARAF
4.484728867207061e-34,0.256948066913012,0.688,0.469,1.3612946003520313e-29,36,CD52
9.384247576123495e-34,0.2969304644061509,0.454,0.29,2.848494509256526e-29,36,ARID4B
6.543173235039993e-33,0.29678394094606075,0.49,0.323,1.9861148037640393e-28,36,SMAP2
7.952895853035098e-33,0.27977907213459563,0.48,0.314,2.4140220072302735e-28,36,BZW1
7.967505474038837e-33,0.30569080123097914,0.98,0.969,2.4184566115897488e-28,36,MT-ND1
9.939189362524674e-33,0.2627613492243325,0.378,0.223,3.0169415391007393e-28,36,INTS6
3.361168017230657e-32,0.2586904831761636,0.349,0.206,1.0202489399501937e-27,36,NDUFV2
4.6806133018315125e-32,0.30644486870434173,0.748,0.591,1.4207533616379373e-27,36,MCL1
8.252574222778469e-31,0.28749387986499997,0.998,0.988,2.5049863795821766e-26,36,MT-CO2
1.2760763203492152e-30,0.2724341455199891,0.465,0.304,3.873402062788008e-26,36,PDCD4
2.0319604447303604e-30,0.27645316249432117,0.979,0.953,6.167812733934536e-26,36,H3F3B
2.672484194881251e-30,0.2893949092961192,0.53,0.367,8.11205852514255e-26,36,CYCS
3.6510573788559064e-30,0.2972496570546812,0.352,0.212,1.1082419567779217e-25,36,TIPARP
8.922055069564726e-30,0.27298505061736744,0.999,0.984,2.708200595815677e-25,36,MT-ND3
1.9624323979085575e-29,0.3626106224026484,0.467,0.322,5.956767300611635e-25,36,SQSTM1
1.7861067076614448e-27,0.29678218029387793,0.999,0.989,5.42154830043555e-23,36,MT-ATP6
6.647916039828736e-26,0.2751112499521815,0.548,0.4,2.0179084347296147e-21,36,EIF5
7.578153528255522e-24,0.4103796666068318,0.581,0.433,2.300272721966681e-19,36,ID2
1.523428990420849e-23,0.3114809862838199,0.338,0.211,4.624216357523446e-19,36,CEBPD
1.5641548412878928e-23,0.3114936185784267,0.83,0.74,4.74783560524527e-19,36,HSPA8
4.0425521406695927e-20,0.29859548065687624,0.996,0.987,1.2270762767788481e-15,36,MT-ND4
1.6480750360440886e-18,0.2614931592949421,0.475,0.349,5.0025669644082266e-14,36,CLEC2B
5.511542530550965e-18,0.2599872064143862,0.92,0.87,1.67297361972344e-13,36,HSP90AB1
1.2468759388171593e-17,0.25190926850220485,0.573,0.453,3.7847672246856055e-13,36,NCL
1.0091047790266269e-14,0.2695877203420467,0.475,0.373,3.0630366462574235e-10,36,H2AFZ
4.997652811188152e-13,0.31123867427024443,0.945,0.913,1.5169875343080517e-8,36,VIM
0,2.5325926179617055,0.928,0.175,0,37,IGFBP5
0,1.8295180681052456,0.863,0.099,0,37,ADIRF
0,1.741152573816487,0.998,0.504,0,37,DCN
0,1.6135194802661634,1,0.913,0,37,VIM
0,1.3917505274165518,0.681,0.069,0,37,C7
0,1.315749225139606,0.762,0.209,0,37,CEBPD
0,1.2291821539416175,1,0.993,0,37,RPS8
0,1.2157296676586677,0.71,0.036,0,37,WISP2
0,1.2142117637558891,0.787,0.163,0,37,TCEAL4
0,1.2034597074683901,0.852,0.201,0,37,BST2
0,1.163498110650078,0.747,0.051,0,37,FHL2
0,1.0971201426704509,0.559,0.018,0,37,STAR
0,1.0839731901497507,0.8,0.116,0,37,RARRES2
0,1.0168679068359698,0.38,0.008,0,37,DLK1
0,1.0116145728384254,0.705,0.121,0,37,TSC22D1
0,0.9869256975963964,0.725,0.162,0,37,IGFBP4
0,0.9805915950180983,0.999,0.988,0,37,RPL37A
0,0.9760194034841939,0.667,0.094,0,37,NR2F2
0,0.9484865030714713,0.588,0.136,0,37,KLF4
0,0.9263039240134217,0.737,0.13,0,37,C1S
0,0.9096435911588228,0.604,0.039,0,37,PEG3
0,0.854423784590993,0.635,0.131,0,37,GSN
0,0.848811432958273,0.535,0.046,0,37,PDK4
0,0.8432298222718462,0.707,0.146,0,37,C1R
0,0.8216894184315198,0.578,0.054,0,37,CFH
0,0.8174748040858739,0.611,0.085,0,37,CYB5A
0,0.7895271002699986,0.639,0.143,0,37,PTMS
0,0.780368438224786,0.715,0.149,0,37,SELENOP
0,0.7612766559279989,0.645,0.141,0,37,TIMP2
0,0.7403335989314987,0.469,0.086,0,37,ADAMTS1
0,0.7352939440568552,0.639,0.137,0,37,SERPING1
0,0.7329830682668972,0.658,0.131,0,37,MDK
0,0.7221274447777385,0.55,0.059,0,37,GSTM3
0,0.7101664594626091,0.636,0.154,0,37,EPB41L4A-AS1
0,0.6839972291801031,0.585,0.115,0,37,NUPR1
0,0.6812478986267813,0.532,0.073,0,37,HTRA1
0,0.6487251165897936,0.41,0.023,0,37,PEG10
0,0.6425623789645097,0.538,0.087,0,37,CLU
0,0.6399192356195388,0.506,0.083,0,37,LTBP4
0,0.6336775102207561,0.408,0.033,0,37,ADH1B
0,0.5930091774605,0.428,0.031,0,37,ABCA8
0,0.5857077875563651,0.468,0.037,0,37,NDRG2
0,0.5746926862809196,0.494,0.088,0,37,NFIC
0,0.5615749787506434,0.402,0.02,0,37,GSTM5
0,0.5435029697491973,0.418,0.043,0,37,SLC40A1
0,0.5359645227329146,0.465,0.052,0,37,TMEM176B
0,0.5236480815787676,0.407,0.034,0,37,EPHX1
0,0.5146090359197654,0.344,0.01,0,37,PROK1
0,0.5138485948760487,0.416,0.068,0,37,NFIA
0,0.49311541148106697,0.402,0.059,0,37,CXCL12
0,0.48607683218709313,0.395,0.04,0,37,SNHG19
0,0.4648166086312314,0.334,0.015,0,37,SCN7A
0,0.45155423564642944,0.342,0.033,0,37,PRELP
0,0.44253524117858073,0.375,0.041,0,37,TMEM176A
0,0.4410338065819295,0.35,0.044,0,37,RHOBTB3
0,0.43676461362782076,0.318,0.018,0,37,LRRC17
0,0.4306271343115162,0.35,0.031,0,37,NDN
0,0.42964554883545975,0.354,0.048,0,37,GAS6
0,0.4175875867916869,0.321,0.024,0,37,ANGPTL1
0,0.4163646476097831,0.333,0.04,0,37,TCEAL1
0,0.4063894704740688,0.33,0.036,0,37,PODN
0,0.4008312787015307,0.33,0.036,0,37,CTSF
0,0.394398261951847,0.316,0.036,0,37,LAMB2
0,0.39432038466803476,0.275,0.023,0,37,CPE
0,0.3899529951608438,0.304,0.027,0,37,MMP23B
0,0.3877759661978277,0.341,0.042,0,37,SSPN
0,0.38112101155929434,0.27,0.013,0,37,ACSM3
0,0.37658831478797694,0.294,0.034,0,37,ING2
0,0.3696653936300034,0.268,0.019,0,37,TCF21
0,0.3692907755564033,0.291,0.032,0,37,SMOC2
0,0.36625660455941117,0.304,0.036,0,37,EMP2
0,0.3578489228379738,0.278,0.031,0,37,RBPMS
0,0.35612870792623635,0.304,0.035,0,37,SGCE
0,0.34769997161231564,0.274,0.024,0,37,OBSL1
0,0.32750748624629394,0.264,0.026,0,37,FXYD6
0,0.3259346845414408,0.279,0.03,0,37,PDGFRL
0,0.28139926590944153,0.951,0.298,0,37,HBA2
3.528621987471422e-306,0.9696986391034459,0.999,0.99,1.0710779180770755e-301,37,RPL18
9.153940175913148e-305,0.48278982002111004,0.413,0.071,2.778587000996677e-300,37,NENF
9.078633520988486e-302,0.9760303652090321,0.999,0.984,2.7557284189608453e-297,37,RPL8
7.848417110034329e-299,0.4653872923647504,0.403,0.068,2.3823085295798202e-294,37,PPP1R14A
3.9045528504305874e-293,0.9737234278909397,0.998,0.964,1.1851879722197006e-288,37,RPL5
1.0808895830013778e-285,0.7009088496562054,0.655,0.18,3.280932240242382e-281,37,C6orf48
8.367422937250503e-284,0.9198133738184823,0.8,0.288,2.5398475583730174e-279,37,ST13
1.6274010777256514e-282,0.6018802989624591,0.513,0.112,4.939813231328442e-278,37,H1FX
7.737009264147194e-282,0.3156067287534259,0.255,0.031,2.348491792039239e-277,37,BNC2
1.4543373532461296e-279,0.9517582026587073,0.817,0.313,4.414495602043302e-275,37,SNHG8
1.2195918180615941e-278,0.8902583945392157,1,0.984,3.701949004544163e-274,37,RPL7A
4.921170881821341e-278,0.8805998783562288,0.999,0.989,1.4937722094680498e-273,37,RPL15
6.849597101688832e-278,0.4530957677977499,0.361,0.059,2.079126704246628e-273,37,PLPP3
1.6010911523615461e-273,1.0267119298856202,0.912,0.48,4.8599520838782374e-269,37,CIRBP
3.2199015192145934e-273,0.5202683238106418,0.468,0.095,9.773689071423977e-269,37,BEX3
3.857377815384534e-273,0.5207796806753777,0.452,0.09,1.1708684620818214e-268,37,APP
1.1573603226292026e-272,0.4703960967568536,0.325,0.05,3.513051523308682e-268,37,SERPINE2
2.1061826018446172e-271,0.49790945117131735,0.443,0.086,6.393106669639151e-267,37,LRP1
3.5729686481449476e-271,0.4926570693384585,0.469,0.097,1.0845389034579174e-266,37,IMPDH2
1.0354148958606889e-269,0.6633566763367718,0.531,0.119,3.142898374895535e-265,37,SOX4
5.6743857810653775e-269,0.4260469711085315,0.351,0.057,1.7224030599845846e-264,37,CDKN1C
3.4522419666438927e-268,0.5484080364155685,0.62,0.149,1.0478935265550871e-263,37,RBP1
3.8610367609497603e-267,0.3692101376539081,0.326,0.051,1.1719790984186902e-262,37,LTBP3
6.903617965419068e-265,0.33479637043410393,0.288,0.041,2.0955241972233037e-260,37,TMEM98
2.3010815480650544e-262,0.9168485167480032,0.818,0.313,6.984702930996666e-258,37,CD81
7.9402747045847405e-261,0.3856032877576936,0.268,0.036,2.410190983829652e-256,37,ADAMTS5
2.618437630181838e-257,0.8328860083212914,0.999,0.98,7.948005582653951e-253,37,RPL24
1.0006722299621005e-253,0.8258227732727814,1,0.993,3.0374404868269597e-249,37,RPL3
3.047997359148012e-250,0.7718278349770086,0.787,0.26,9.251891183957875e-246,37,CALD1
7.254439915524421e-247,0.4194481013790696,0.365,0.065,2.202012691958283e-242,37,GNG11
8.412496772745833e-246,0.3846731585710267,0.351,0.06,2.55352927039927e-241,37,MFAP4
5.856888469497219e-242,0.807385010423193,1,0.986,1.7777999260311858e-237,37,RPL29
4.136459001574877e-240,0.826000137099538,0.999,0.984,1.2555807653380381e-235,37,RPL36
2.738919342848526e-237,0.5794409093819564,0.62,0.166,8.313715773282416e-233,37,COL6A2
6.639166062085187e-237,0.8217574611246867,0.995,0.945,2.0152524664853378e-232,37,RACK1
1.0836750101726793e-236,0.4069907822816109,0.367,0.068,3.2893871258781506e-232,37,CKB
3.6573906285586045e-235,0.42133190609611926,0.375,0.071,1.1101643513926788e-230,37,OSR2
2.6493888599171626e-231,0.3011134656971034,0.265,0.039,8.041954945392556e-227,37,ZFYVE21
6.181511859771122e-227,0.7511338702048884,1,0.989,1.8763361099149265e-222,37,RPS9
6.72221544149896e-227,0.7486713031483254,1,0.993,2.0404612751125943e-222,37,RPS23
3.513496715366159e-226,0.43241488338908973,0.369,0.071,1.0664867929822439e-221,37,FXYD1
2.0171853673715662e-224,0.7642133894813825,0.999,0.989,6.122964464119652e-220,37,RPL9
2.635264691737991e-223,0.4118240063987823,0.336,0.062,7.999082445301497e-219,37,TGFBR3
3.0024693389574295e-223,0.8840157201393564,0.991,0.959,9.113695431471381e-219,37,RPS5
1.7834915451246367e-222,0.3659782761186223,0.279,0.044,5.413610236071322e-218,37,COL12A1
2.3537511418409607e-221,0.8794240471255828,0.975,0.784,7.144576215944052e-217,37,NPM1
3.276049028561321e-221,0.7749562383046613,1,0.985,9.944119221295034e-217,37,RPS16
3.1700876108706235e-220,0.9702332386440635,1,0.969,9.622483934036691e-216,37,MT-ND1
1.5188578225139036e-219,0.4222297319335655,0.362,0.069,4.610341034458703e-215,37,COL14A1
3.1695339443548317e-218,0.5468955310271836,0.569,0.149,9.620803334694656e-214,37,COL6A1
1.9914608160608485e-215,0.4303338405150566,0.397,0.084,6.0448801610711e-211,37,LGALS3BP
4.324713059037951e-214,0.7470964451748818,1,0.988,1.3127234019403797e-209,37,RPL35A
2.877174564468385e-212,0.4000167724626425,0.344,0.066,8.733375672987336e-208,37,TENT5A
1.1225350183956074e-211,0.7976776665824474,0.853,0.393,3.4073427948380265e-207,37,NOP53
9.208429541449945e-211,0.7371040882939509,0.558,0.15,2.7951267030117165e-206,37,MEG3
1.4274632008108563e-207,0.8610076917375364,1,0.988,4.332921799741273e-203,37,MT-CO3
1.638931840819666e-206,0.5305048746009557,0.278,0.046,4.974813709624015e-202,37,PLA2G2A
2.5891188137124065e-206,0.6964269338135365,1,0.991,7.859011247142638e-202,37,RPL37
2.1706124090727504e-205,0.7144322611520999,1,0.99,6.588676906499426e-201,37,RPS6
1.3837967272891607e-202,0.48335015381855845,0.421,0.099,4.2003765860135185e-198,37,H2AFX
6.567629007297509e-197,0.6223178525464568,1,0.995,1.993538108875086e-192,37,RPL11
7.88028521765698e-196,0.48583089132685686,0.483,0.12,2.3919817749675997e-191,37,C11orf96
8.4358564329950645e-196,0.7216133078993723,1,0.99,2.560619861671322e-191,37,RPS3
1.0356674852981495e-194,0.2966764782870598,0.257,0.042,3.143665084874003e-190,37,BEX2
6.184177352052592e-194,0.3637710426408097,0.347,0.071,1.8771451934420438e-189,37,ALDH1A1
1.2923073728333886e-192,0.718712825040273,0.996,0.953,3.922669799498468e-188,37,NACA
1.5588945334101623e-190,0.2801575869729118,0.264,0.045,4.7318684667132065e-186,37,CAVIN3
5.008202574140047e-190,0.5557790838007513,0.498,0.138,1.52018980935447e-185,37,CITED2
2.3836656953402063e-186,0.6433366572106967,0.998,0.995,7.235378851635663e-182,37,RPS4X
6.021530818671972e-185,0.3082288396526369,0.306,0.059,1.8277754646996902e-180,37,EPS8
6.566224341034244e-185,0.4175699195156196,0.367,0.081,1.9931117364775347e-180,37,AEBP1
8.171483626234527e-185,0.3232508917717606,0.288,0.053,2.4803721399072283e-180,37,SDC2
2.1249635717833805e-184,0.5972668106588065,0.362,0.083,6.4501144257912735e-180,37,AC007952.4
1.109251162068583e-182,0.42548422016699416,0.416,0.101,3.367020977342977e-178,37,TCEAL9
1.3566906959373255e-182,0.38213150608362567,0.357,0.078,4.118098938448158e-178,37,CAVIN1
5.204875228668351e-182,0.6758766037252792,0.996,0.972,1.5798878269099912e-177,37,RPS11
1.2538378654871901e-180,0.31862931444184733,0.296,0.058,3.805899456899817e-176,37,MPST
1.595139610629826e-177,0.2909807476264387,0.271,0.05,4.8418867741057734e-173,37,EBPL
6.083607596881837e-177,0.31962281369795775,0.32,0.066,1.846618249957513e-172,37,CCNB1IP1
1.3861524478837052e-175,0.6291597834588258,0.998,0.993,4.207527140306198e-171,37,RPS3A
5.894989891302977e-173,0.6816855649850115,0.994,0.936,1.7893652316061056e-168,37,RPL7
8.985261151273364e-173,0.6781709164083725,0.998,0.971,2.727386169857517e-168,37,RPL10A
1.2271313473886557e-171,0.6669239499047364,1,0.981,3.724834491863526e-167,37,RPS2
5.5393377504845795e-171,0.33267459802961397,0.276,0.053,1.681410580782089e-166,37,INSR
2.3526065271095295e-170,0.37750243219951635,0.389,0.096,7.141101852388265e-166,37,VPS51
7.185439177713099e-169,0.27775590128988353,0.267,0.05,2.1810682080030342e-164,37,MXRA7
3.083138314560261e-167,0.6715793567000485,0.746,0.325,9.358558040016217e-163,37,C12orf57
1.2362163802333009e-163,0.33247434466404735,0.289,0.059,3.752411200560162e-159,37,COL18A1
2.7098112340294476e-160,0.48428017605892176,0.39,0.098,8.225361019772986e-156,37,CAV1
4.648831915913331e-159,1.13118348335689,0.807,0.428,1.4111064397563326e-154,37,EGR1
8.247265243691333e-159,0.5363084653272544,0.597,0.215,2.503374892070067e-154,37,SMDT1
2.412676842640858e-158,0.29034344693498587,0.268,0.053,7.323439288152061e-154,37,SVIL
9.294788266806246e-158,0.2891069867368501,0.273,0.054,2.821340030506368e-153,37,EFEMP1
3.047074081781401e-157,0.3009548130189669,0.291,0.061,9.249088667839265e-153,37,FGFR1
2.564457603170868e-156,0.29182592190635775,0.259,0.05,7.784154608664853e-152,37,QSOX1
2.671377092621744e-156,0.298796156414584,0.288,0.06,8.108698026944042e-152,37,RAB34
8.876876736815114e-155,0.3813501349755574,0.362,0.089,2.6944871646928596e-150,37,DST
3.0949167122269937e-154,0.5921663023561967,1,0.989,9.394310188293817e-150,37,RPL13A
1.416955694813282e-153,0.2931100041900027,0.267,0.054,4.301027316036236e-149,37,SPINT2
4.298720885209201e-153,0.5792226677735985,0.562,0.188,1.3048337374964007e-148,37,IGFBP7
1.4484685918708204e-152,0.35245751700889283,0.291,0.062,4.396681563764688e-148,37,MAFB
2.219506829771893e-152,0.5965868699387449,0.998,0.982,6.737091031089605e-148,37,RPS13
2.9663029347269148e-152,0.5205722948647526,0.598,0.219,9.003915928070077e-148,37,EIF3L
9.161708597910707e-152,0.312392525762428,0.275,0.057,2.780945027809816e-147,37,HSPB6
2.466353649343991e-151,0.6579272675068639,0.441,0.132,7.486369867218751e-147,37,MYC
4.996205054175948e-150,0.2634723106931335,0.255,0.05,1.5165480821445671e-145,37,CYBRD1
2.2664145967547186e-149,1.3949067427508588,0.917,0.778,6.879474866989272e-145,37,JUNB
3.480487037128326e-149,0.5204695468311593,1,0.995,1.0564670352499321e-144,37,RPS24
4.283843596347444e-149,0.49045846872816634,0.594,0.213,1.300317885235303e-144,37,TUBB
5.491901848091434e-149,0.5862422514670156,0.998,0.988,1.667011886969674e-144,37,RPL23A
1.8871076409667004e-148,0.5613930582218818,1,0.995,5.728126533390322e-144,37,RPL34
1.911241647173344e-148,0.6209330989440227,0.995,0.95,5.801382895829969e-144,37,RPL38
9.952432230183625e-148,0.4226075436395278,0.452,0.133,3.0209612791499376e-143,37,STMN1
1.052476715428878e-146,0.600911678130557,0.99,0.938,3.194687822012816e-142,37,RPL22
3.962948937303617e-146,0.2796041524230144,0.268,0.056,1.2029135204291399e-141,37,ECHDC2
5.487009681842541e-146,0.5533414467724493,0.999,0.991,1.665526918826485e-141,37,RPL19
9.97683544102651e-145,0.35214715513988765,0.352,0.088,3.028368629769187e-140,37,PDGFRA
2.628460167827607e-144,0.5362700656322112,1,0.997,7.978427993423917e-140,37,RPS18
2.691042445894206e-143,0.3082393435636348,0.309,0.072,8.168390240267272e-139,37,CPQ
1.0566645090609698e-141,0.44568108855340055,0.499,0.158,3.207399450803668e-137,37,TPM2
3.251032291209684e-141,0.5796725315504204,0.507,0.169,9.868183416737875e-137,37,KLF2
3.400926905043687e-141,0.2644220060207966,0.25,0.051,1.0323173527569608e-136,37,SSBP3
6.382757490743479e-139,0.28427669992475896,0.278,0.061,1.9374222087402757e-134,37,TSPAN4
1.6619806174146338e-138,0.2625354907292642,0.253,0.052,5.04477596610038e-134,37,SYNPO2
2.961417984451452e-138,0.5093117232254896,1,0.999,8.989088150003938e-134,37,RPL10
4.1557296126879484e-138,0.6073825057081139,0.986,0.902,1.2614301666352998e-133,37,RPLP0
7.391987987133679e-138,0.5548400635464835,0.712,0.298,2.243764033614557e-133,37,LGALS3
1.1386244104775385e-135,0.3421768095052068,0.295,0.068,3.4561805355635207e-131,37,AKAP12
5.1216950815739897e-135,1.1476738185857864,0.914,0.726,1.5546393250609688e-130,37,JUN
1.2218895919044404e-134,0.5304868490747685,1,0.993,3.708923667266739e-130,37,RPL18A
1.2704492874732877e-134,0.29036273694866377,0.258,0.055,3.856321767196418e-130,37,ARHGAP21
1.733220896131717e-134,0.3127277628903836,0.356,0.092,5.2610187081182136e-130,37,OGN
1.08042141449692e-133,0.6331241376708112,1,0.984,3.279511161563951e-129,37,MT-ND3
9.338556805241577e-131,0.38199669690280824,0.446,0.14,2.8346255326630285e-126,37,BNIP3L
1.033419915767797e-130,0.6112677838116873,1,0.989,3.136842812321571e-126,37,MT-ATP6
1.509603916294323e-129,0.3893222412897991,0.405,0.123,4.5822517275197877e-125,37,SAT2
2.479684577560835e-129,0.6631558967036053,0.504,0.183,7.526834566728158e-125,37,SOCS3
1.8171489885983774e-128,0.475064527912056,1,0.991,5.5157740399915145e-124,37,RPL13
3.3650267452002956e-126,0.4490538178441579,1,0.999,1.0214202182380978e-121,37,EEF1A1
1.0937717250824102e-125,0.47550922508156557,1,0.996,3.320034694315148e-121,37,RPL32
1.792979439928569e-124,0.3536221871891185,0.412,0.128,5.4424097919591784e-120,37,ESD
1.2364436228867394e-121,0.3380039250721386,0.342,0.095,3.7531009729104086e-117,37,NBL1
8.779986015359249e-121,1.1941723466468281,0.934,0.762,2.665076955102146e-116,37,FOS
1.6726781233368898e-120,0.3299367489474606,0.384,0.115,5.077247175576795e-116,37,DDAH2
8.520792336951091e-120,0.39617532260478056,0.476,0.16,2.5864013059581343e-115,37,RHOB
2.11774912248222e-119,0.38463301269575634,0.45,0.152,6.428215686382531e-115,37,PHB2
1.5625493370907206e-117,0.5060607177374217,0.998,0.973,4.742962257805173e-113,37,RPL6
2.022044630049134e-117,0.4887758518071812,1,0.997,6.137714270051141e-113,37,RPS12
3.2125488897062034e-116,0.563379522001239,1,0.985,9.75137089981421e-112,37,MT-CYB
4.732980045527112e-115,0.4623672089352306,0.623,0.266,1.4366487630192996e-110,37,PEBP1
1.3857154863453362e-114,0.2517912885643034,0.25,0.058,4.2062007872526337e-110,37,PLTP
1.31073091637103e-112,0.5558465437319713,0.943,0.757,3.9785926235526244e-108,37,BTF3
3.2802383596485187e-111,0.44120717392370157,1,0.999,9.956835516877114e-107,37,RPL41
1.6752045877029544e-108,0.3465306334524681,0.413,0.139,5.084916005513548e-104,37,SNHG7
1.718991837857783e-108,0.6606927701499179,0.523,0.223,5.217827824633515e-104,37,INTS6
1.7522820820630257e-106,0.5707172765843243,0.563,0.233,5.3188770318941085e-102,37,CEBPB
4.8830836978864195e-106,0.29344122665019723,0.344,0.104,1.4822112256564437e-101,37,TRIM28
8.344206844556735e-106,0.2911217759238091,0.291,0.078,2.5328005455967513e-101,37,ERRFI1
4.493674326801882e-105,0.40897288843857316,0.386,0.129,1.3640099051574431e-100,37,MARCKSL1
5.111389049128331e-105,0.3095187322855819,0.372,0.118,1.5515110319724135e-100,37,BRI3
1.6073816005800326e-103,0.2993302189128042,0.335,0.101,4.879046110400631e-99,37,NDUFS4
3.082121910797261e-103,0.5514560733848459,0.919,0.72,9.355472848034006e-99,37,HNRNPA1
1.3014521907401405e-102,0.2668029718096431,0.264,0.069,3.9504279797726225e-98,37,ATP1B1
4.0214523081645124e-102,0.32018706652271856,0.269,0.071,1.2206716336202562e-97,37,IER5L
6.622111931650814e-102,0.46182324057809865,0.999,0.989,2.010075855733288e-97,37,RPL21
1.4373136099749183e-101,0.2753865777514868,0.294,0.083,4.362821731717867e-97,37,PLA2G16
6.098804961068149e-101,0.4981106884865647,1,0.987,1.851231257882626e-96,37,MT-ND4
1.2544601441842843e-100,0.5226077646117064,0.914,0.662,3.807788321656976e-96,37,EEF2
4.754238387503313e-100,0.2501827291715608,0.27,0.072,1.4431015201427556e-95,37,PRDX4
1.43120003298163e-99,0.5349263138142517,0.951,0.748,4.34426458011244e-95,37,ITM2B
3.581134163029854e-99,0.44773884473178516,1,0.978,1.0870174638460819e-94,37,RPS25
3.740053104011379e-99,0.4150254315803794,0.999,0.993,1.135255719191614e-94,37,RPS15
4.762913502171119e-99,0.2655355601125312,0.263,0.07,1.4457347644490215e-94,37,TCEAL3
1.0476216461527062e-98,0.31732551573727374,0.384,0.125,3.179950744731924e-94,37,MYL9
3.634378242133463e-98,0.5405190316548161,0.93,0.724,1.1031791716171914e-93,37,TOMM7
1.0033609456618579e-97,0.43085786339509324,0.998,0.993,3.0456018144620033e-93,37,RPS27A
2.200080204737128e-97,0.40680420483614066,1,0.993,6.678123453459078e-93,37,RPL26
2.3473031277754277e-97,0.7876823873235905,0.883,0.66,7.125003914049533e-93,37,FOSB
1.0873658311658028e-95,0.48713978155578985,0.943,0.714,3.300590243920678e-91,37,RPS26
5.606588017145147e-95,0.27458260116272204,0.284,0.081,1.7018237267242378e-90,37,PLD3
1.3662317596971423e-94,0.32288249751722,0.384,0.133,4.147059883384706e-90,37,KDELR1
2.1662449873713603e-94,0.3984499520879753,0.592,0.257,6.575420034667027e-90,37,DSTN
1.5523013915498295e-93,0.281532718825772,0.288,0.084,4.711855643910352e-89,37,ABLIM1
5.220134118703154e-93,0.44514118436661,0.999,0.978,1.5845195103911556e-88,37,RPL35
5.862102223861222e-93,0.42456365804468454,0.994,0.98,1.7793825090308353e-88,37,RPL14
6.605418390500217e-93,0.2927327898196561,0.32,0.1,2.005008698252436e-88,37,MAGED2
4.4756628643744524e-92,0.398324230831157,0.385,0.137,1.3585427058522213e-87,37,HEXIM1
1.9885583515754728e-91,0.5867457108610878,0.605,0.297,6.03607002037219e-87,37,LUM
5.068369120719539e-91,0.36236054755326896,0.646,0.295,1.5384527629032088e-86,37,LAPTM4A
3.4612261423510363e-90,0.31752805686015056,0.316,0.101,1.0506205832492336e-85,37,CDKN2AIP
1.594886035349967e-88,0.35847235288555657,0.489,0.199,4.84111707170129e-84,37,RAC1
9.62187171088696e-88,0.2780032759686222,0.42,0.152,2.920622939122628e-83,37,FCGRT
1.0997082906810732e-87,0.4500974638032127,0.993,0.92,3.33805454553333e-83,37,ACTG1
2.510179216370342e-87,0.35595941983903207,0.478,0.196,7.619397993370535e-83,37,MGST3
4.212769355114564e-87,0.2562332206250766,0.303,0.094,1.2787440100514748e-82,37,SERPINB6
1.880495867992109e-86,0.3545780618384534,0.489,0.198,5.708057157703248e-82,37,SELENOM
3.1027954365668587e-86,0.33391467730808605,0.408,0.15,9.418225268155042e-82,37,YBX3
1.3711575532250586e-85,0.4267213062442318,0.593,0.286,4.1620116370593427e-81,37,EIF4B
2.676329406492942e-85,0.27289373986358156,0.306,0.098,8.123730280468676e-81,37,CLTB
1.6907444808780026e-84,0.39147101635300974,1,0.993,5.1320857972570895e-80,37,RPL30
1.1733338167554896e-83,0.2536921891483088,0.281,0.086,3.561537467379613e-79,37,PGRMC1
1.4415945970907133e-83,0.359153214683858,0.314,0.102,4.375816240009151e-79,37,IGFBP6
3.065635829366583e-82,0.25860296848764025,0.304,0.099,9.305430996459327e-78,37,FAM162A
1.1646029706514758e-78,0.43942582244940187,0.985,0.924,3.5350358571154895e-74,37,RPSA
1.342578091538143e-78,0.3554844844737453,0.476,0.201,4.0752615390548795e-74,37,ZBTB20
5.880618876163148e-78,0.33226990796411826,1,0.999,1.785003053670562e-73,37,RPLP1
4.049215416976512e-77,0.45965185046676926,0.856,0.594,1.2290988476690504e-72,37,ZFAS1
8.867532825863483e-77,0.44945008507237827,0.785,0.483,2.6916509139626017e-72,37,EIF3E
1.789638266667057e-76,0.4749870393693527,0.801,0.518,5.432267994641185e-72,37,SLC25A6
1.7886537640572015e-75,0.3446042782778688,0.468,0.204,5.429279635419229e-71,37,MZT2A
5.789821629110982e-74,0.29114121625807515,0.396,0.156,1.7574424573003476e-69,37,CAMLG
7.282911865708927e-74,0.30210907287857247,0.951,0.7,2.2106550677172875e-69,37,LGALS1
1.0208026060147521e-73,0.3571018480992638,1,0.995,3.0985442302971784e-69,37,RPS14
1.6862374384939954e-73,0.5082810282405843,0.433,0.183,5.118405120804673e-69,37,TAGLN
1.0378826592811219e-72,0.4073875192202969,0.366,0.142,3.1503890239819174e-68,37,ID3
1.0232682953766971e-69,0.29332138847158934,0.342,0.132,3.1060285837864264e-65,37,IGBP1
6.936859302797649e-69,0.25998332218892395,0.57,0.267,2.1056142727711985e-64,37,PSAP
3.527490007174445e-67,0.2939226335170197,0.447,0.197,1.070734316777731e-62,37,CLTA
6.302008739730876e-67,0.372983493191129,0.634,0.343,1.91291173285791e-62,37,EIF3F
6.51481076569092e-66,0.32136924369203523,0.532,0.256,1.9775056598178216e-61,37,NUCKS1
8.999197119120386e-66,0.3173659902865862,0.446,0.201,2.731616293537802e-61,37,COX7A2L
5.157176502888455e-64,0.48019493103212463,0.58,0.309,1.5654093556867616e-59,37,TUBA1A
3.5040299816756194e-63,0.264489382616478,0.416,0.179,1.0636132606378174e-58,37,SMIM26
5.088580892801407e-62,0.39065827195722314,0.965,0.9,1.544587844200939e-57,37,RPS20
7.156250909636606e-61,0.29183022433763933,0.369,0.148,2.1722084011110955e-56,37,SERPINF1
1.0091097983729e-60,0.2909199945968226,0.468,0.219,3.0630518819811006e-56,37,PRDX5
1.8024721799465714e-60,0.33578225258684435,0.988,0.948,5.471224055009823e-56,37,RPS21
2.283477060329944e-60,0.4107230252938723,0.763,0.5,6.931266268925513e-56,37,CCNI
1.3341276925190515e-57,0.39684280981401443,0.999,0.978,4.0496111978723288e-53,37,MT-ND2
2.752708102607822e-55,0.2790271776862373,0.423,0.198,8.355570174655783e-51,37,PRDX2
1.779505989890349e-54,0.29606236395803254,0.499,0.252,5.401512481713165e-50,37,EID1
4.793870843243548e-54,0.2957199122617453,0.999,0.987,1.4551315557581466e-49,37,FAU
3.4000687058496584e-53,0.33013347540738935,0.648,0.378,1.0320568549736053e-48,37,MZT2B
3.700100971119851e-53,0.30160799325000953,0.966,0.879,1.1231286487737196e-48,37,RPL23
7.364867295396315e-52,0.2739768528685085,1,0.989,2.2355318188445977e-47,37,RPL12
8.405111824901325e-52,0.27765490969958384,0.455,0.225,2.5512876433305482e-47,37,ATP5PO
1.9670252922185012e-50,0.3491148896324291,0.776,0.523,5.970708572000038e-46,37,COMMD6
1.021284411176066e-49,0.31856167066021035,0.676,0.41,3.100006701683831e-45,37,SLC25A3
2.8461890771245426e-49,0.295995743915193,0.549,0.301,8.639322324703836e-45,37,RSL24D1
7.985574234982237e-49,0.35943085469145686,0.8,0.56,2.4239412032865085e-44,37,EIF4A2
1.2343977686608922e-47,0.27538393012746754,0.422,0.206,3.746890986993273e-43,37,MORF4L2
4.757380519634678e-47,0.2985057889760191,0.463,0.241,1.4440552829299103e-42,37,EIF1B
4.121721509293066e-46,0.2630588816915208,0.554,0.301,1.251107346930817e-41,37,PRDX1
5.42388019948335e-46,0.3162920284309705,0.925,0.77,1.646364595751176e-41,37,RPL36AL
1.8320880296701865e-45,0.31341942215199525,0.884,0.684,5.561120005260884e-41,37,COX7C
2.718260193456611e-44,0.4169463030739593,0.599,0.372,8.251006991218198e-40,37,H2AFZ
4.763148737593461e-40,0.2956646551890927,0.946,0.848,1.445806167809119e-35,37,PFDN5
6.2235811641749234e-40,0.29303424276265333,0.933,0.815,1.8891058265736562e-35,37,EEF1D
1.5021035912051594e-36,0.28733763165264237,0.885,0.724,4.559485240744141e-32,37,RPL4
6.156749933437957e-33,0.29200482624451496,0.656,0.456,1.8688198747957575e-28,37,IER2
1.1448612457253284e-32,0.3768043922496226,0.681,0.493,3.4751118252746616e-28,37,SRSF3
9.534749256311446e-32,0.2553813576266506,0.848,0.66,2.8941777892607764e-27,37,UQCRB
1.0839278486103432e-27,0.3015685767507018,0.478,0.296,3.290154591671836e-23,37,NR4A1
1.888535178537959e-27,0.3367093526246343,0.923,0.848,5.732459680934121e-23,37,JUND
0,2.8925788881018577,0.845,0.101,0,38,CCDC80
0,2.7432030539220373,0.99,0.391,0,38,MGP
0,2.5274177801913407,0.976,0.308,0,38,COL1A2
0,2.2816988960303237,0.998,0.505,0,38,DCN
0,2.017959491057814,0.947,0.31,0,38,COL3A1
0,1.9273469455223424,0.615,0.054,0,38,SFRP2
0,1.760367943232267,0.948,0.296,0,38,LUM
0,1.7417009701314616,0.564,0.095,0,38,C3
0,1.6342209489404396,0.51,0.092,0,38,OGN
0,1.5203817532150061,0.533,0.101,0,38,COL6A3
0,1.4125509253345512,0.881,0.242,0,38,SPARCL1
0,1.3708668801806803,0.478,0.069,0,38,COL14A1
0,1.2725389652182681,0.43,0.062,0,38,NR2F1
0,1.2281096592930065,0.332,0.036,0,38,CXCL14
9.67098884647469e-302,2.0673978124277808,0.961,0.365,2.935531954458927e-297,38,COL1A1
2.6973266978721365e-280,1.5890247205879136,0.602,0.145,8.187465458721083e-276,38,FBLN1
5.37874694361075e-276,1.5230633583556021,0.57,0.132,1.632664847263607e-271,38,GSN
1.8749682193147584e-246,1.104417323682768,0.704,0.176,5.691278532908018e-242,38,IGFBP5
9.442971917281592e-243,0.9944049884752921,0.847,0.26,2.8663196957716542e-238,38,CALD1
2.627229957601952e-222,1.1422948403491828,0.615,0.166,7.974693813304964e-218,38,COL6A2
2.1790424331175624e-219,1.0845295820989207,0.744,0.218,6.614265401485049e-215,38,SPARC
5.708493320168369e-207,1.3707554889797584,0.963,0.428,1.7327560624039067e-202,38,EGR1
3.267932704119683e-206,0.7363215049935321,0.271,0.038,9.919482930084887e-202,38,NFIB
1.3923084344300824e-193,0.758333129955693,0.283,0.044,4.226213021869072e-189,38,GAS1
2.499028613688008e-182,1.1963859354103195,0.525,0.15,7.58555145398858e-178,38,COL6A1
8.95035643974418e-179,1.4435645219223432,0.56,0.176,2.7167911937199483e-174,38,CFD
6.394456794864058e-169,0.8552953267782106,0.356,0.074,1.9409734155130363e-164,38,GPNMB
1.2766213451065202e-163,1.1190451338355145,0.361,0.077,3.875056430936331e-159,38,CCN1
3.690899333144066e-162,1.2571632253771663,0.38,0.088,1.1203355835825499e-157,38,CLU
6.504838801054148e-152,0.8386092304583677,0.324,0.069,1.9744787696719762e-147,38,NFIA
7.452847095066653e-142,0.7733977798294783,0.853,0.349,2.2622372072365317e-137,38,IFITM3
1.1091516670189453e-140,0.9037505452915382,0.324,0.071,3.3667189700693065e-136,38,C7
3.065363798499965e-130,0.7365705501707966,0.283,0.06,9.304605273966793e-126,38,CXCL12
1.5156279111800828e-129,1.0352213728321167,0.438,0.138,4.6005369615960234e-125,38,SERPING1
5.316227242103592e-128,0.39361687583668625,0.844,0.343,1.6136876170681244e-123,38,CST3
6.871176047409338e-124,0.9706320269832327,0.994,0.762,2.0856767774306304e-119,38,FOS
4.134222604973516e-118,0.7015953141669453,0.282,0.064,1.2549019295136611e-113,38,MIR99AHG
1.1207020113951685e-115,0.7130543589426517,0.274,0.061,3.4017788853888946e-111,38,MFAP4
1.3623654980530274e-113,0.7617325059035845,0.544,0.189,4.1353242327901594e-109,38,IGFBP7
1.6991470746029166e-106,0.773443976771883,0.319,0.087,5.157591030249693e-102,38,LRP1
1.0513568431675242e-105,0.5481896088122056,0.816,0.372,3.191288561750703e-101,38,TIMP1
2.338749157659766e-95,0.914251010800088,0.422,0.148,7.099039193160454e-91,38,C1R
3.425882800932449e-95,0.9552408357913225,0.865,0.544,1.0398924653950356e-90,38,MT-ND4L
1.8007551778217511e-94,0.9622115755745977,0.82,0.454,5.466012266760143e-90,38,ZFP36L1
5.5602080941520686e-93,0.7665307056431928,0.269,0.069,1.687745564898919e-88,38,SFRP1
1.1536267674376034e-91,0.6991611902954351,0.984,0.726,3.5017186898801014e-87,38,JUN
3.965570083365531e-90,0.8659996712479221,0.411,0.151,1.2037091431047734e-85,38,SELENOP
1.2655443854184625e-82,0.9022647289119985,0.396,0.148,3.841433427499201e-78,38,SERPINF1
2.1610791047716113e-81,0.6436990323478857,0.282,0.082,6.559739514623749e-77,38,AEBP1
4.4891673171986083e-79,0.6891737671508917,0.43,0.164,1.3626418474624657e-74,38,IGFBP4
4.7791390678901896e-77,0.5543010529213634,0.96,0.575,1.4506598726673882e-72,38,HSPA1B
1.5710297460524323e-76,0.820465482397023,0.324,0.11,4.768703691167553e-72,38,MMP2
3.1750138532345756e-76,0.8288704014987145,0.359,0.133,9.637437050108232e-72,38,C1S
3.276369868059656e-76,0.6223433809583581,0.264,0.077,9.945093097508279e-72,38,PBX1
2.666968531232385e-72,0.6211729826450203,0.282,0.088,8.09531627970278e-68,38,PDGFRA
7.213283732529383e-72,0.8445846839881008,0.364,0.142,2.189520144171969e-67,38,TIMP2
5.6182297257953684e-70,0.8965174232820294,0.955,0.66,1.705357450967926e-65,38,FOSB
6.175937504474923e-69,0.6261613975812026,0.272,0.086,1.874644070108318e-64,38,FSTL1
7.711217410205055e-68,0.5886285254456219,0.605,0.296,2.3406629326936424e-63,38,LAPTM4A
9.470477510697931e-63,0.6801597402745712,0.994,0.807,2.87466874359725e-58,38,S100A6
5.4028281536809725e-58,0.6906052952545646,0.507,0.257,1.6399744577683224e-53,38,DSTN
1.7549438548660022e-55,0.7239852423294402,0.28,0.102,5.326956577060263e-51,38,IGFBP6
4.861482046339391e-55,0.3684068272595806,0.718,0.37,1.4756542603458588e-50,38,HSPB1
7.655844768030059e-55,0.5764196884135222,0.594,0.315,2.323855120887844e-50,38,CD81
1.764918559324457e-52,0.4956573311781365,0.908,0.553,5.3572337949734564e-48,38,CD63
1.0345942594543466e-49,0.6349630245683837,0.301,0.119,3.1404074151477237e-45,38,IGF1
1.0357813271882187e-46,0.8017646421912928,0.337,0.147,3.144010640547119e-42,38,PTGDS
2.4576810524276167e-46,0.5735503340506245,0.32,0.136,7.460045066538788e-42,38,SFRP4
1.745920502684577e-43,0.7830293870300927,0.519,0.296,5.299567093848765e-39,38,NR4A1
3.3248758514633867e-43,0.6572833313266968,0.259,0.103,1.0092328159531964e-38,38,ADIRF
4.851564397553562e-41,0.37084774755625993,0.791,0.479,1.4726438572334081e-36,38,MT2A
2.2197761820182942e-39,0.6574806015804044,0.327,0.164,6.73790862289833e-35,38,MT-ATP8
2.040497755513566e-38,0.25394904922944717,0.982,0.7,6.193726887085878e-34,38,LGALS1
2.838901660936352e-37,0.5037213062600587,0.266,0.115,8.617202101606202e-33,38,PCOLCE
7.990023538383778e-37,0.36249165880933676,0.89,0.574,2.425291744841012e-32,38,DUSP1
6.293017753754937e-36,0.532678916378071,0.836,0.598,1.9101826089747735e-31,38,XIST
1.3974880977579205e-34,0.5313830420651124,0.264,0.119,4.2419353719343915e-30,38,RARRES2
1.1363146647781721e-32,0.37163710498801017,0.324,0.151,3.4491695334676637e-28,38,MEG3
4.346134672769213e-32,0.5381433008868215,0.272,0.13,1.319225718572367e-27,38,MARCKS
9.791056569313081e-29,0.49329303820202186,0.272,0.133,2.9719773110492924e-24,38,THBS1
1.345006957574187e-26,0.3721391899772768,0.981,0.82,4.082634119020687e-22,38,NEAT1
1.652261440214131e-26,0.38438912845409556,0.501,0.3,5.015274375625973e-22,38,LGALS3
4.234801798793554e-21,0.3315651778182602,0.932,0.714,1.2854317380057953e-16,38,RPS26
9.220730854422656e-18,0.2678208283815018,0.324,0.184,2.798860643551453e-13,38,TAGLN
5.270822895688706e-17,0.5096171088430778,0.374,0.269,1.5999055817573498e-12,38,PSAP
8.640049615749014e-17,0.31932102057074085,0.667,0.481,2.6226006603644557e-12,38,CIRBP
6.042518356720782e-14,0.3007140197060525,0.976,0.81,1.834146021999026e-9,38,ZFP36
6.525131010709423e-14,0.2968574593938451,0.944,0.748,1.9806382669907383e-9,38,ITM2B
2.53840915612284e-13,0.25832967427115405,0.519,0.374,7.705087152495269e-9,38,HSP90B1
1.5521687870366774e-10,0.48633673594801874,0.399,0.356,4.71145313617113e-6,38,AHNAK
3.3297197350187986e-9,0.25337282843996767,0.686,0.532,1.0107031283676061e-4,38,S100A10
3.4304378799362844e-5,0.42349650118935367,0.293,0.266,1,38,SLC38A2
9.985339482859173e-5,0.4430573643360804,0.28,0.257,1,38,NUCKS1
6.723130527224258e-4,0.36203167292222216,0.296,0.28,1,38,ITGB1
0,4.360751397563476,0.996,0.478,0,39,MT2A
0,3.735130491572924,0.957,0.129,0,39,MT1X
0,3.2048448174762028,0.834,0.085,0,39,MT1E
0,0.7921905936688933,0.404,0.035,0,39,MT1F
1.0141506732215228e-92,0.8183828570335295,0.734,0.341,3.07835295349661e-88,39,FAM177A1
8.33741252557893e-92,0.9385729535877154,0.832,0.45,2.5307381980142285e-87,39,CREM
9.964859057242306e-83,0.7089594064905881,0.696,0.326,3.0247333182353294e-78,39,ISG20
8.509623007108427e-79,1.1477723255216274,0.73,0.388,2.583010967577692e-74,39,IL7R
2.026511453789316e-77,0.6100657250062386,0.684,0.314,6.15127286683209e-73,39,RUNX3
2.5961476868849882e-73,0.6053381651275664,0.677,0.323,7.880346688770693e-69,39,SMAP2
1.6430910245626936e-72,0.5369872964861823,0.544,0.222,4.9874384959576e-68,39,SPOCK2
9.633634406520729e-71,0.6877456124403991,0.929,0.684,2.924193387755302e-66,39,CALM1
2.927491724576297e-70,0.6755308875037909,0.586,0.258,8.886108380778891e-66,39,TUBA4A
3.738298245757308e-70,0.5164228697707841,0.671,0.31,1.1347230495171734e-65,39,FYN
8.369019755228544e-70,0.5773931740273878,0.576,0.247,2.540332256502072e-65,39,SYTL3
3.3141889771470784e-69,0.4734572800784438,0.483,0.183,1.0059889221232242e-64,39,SLC7A5
1.4271142902255992e-68,0.7714123606245162,0.929,0.596,4.331862716550784e-64,39,CXCR4
5.994800081430396e-64,0.49319761134188767,0.998,0.99,1.8196616167173824e-59,39,EIF1
8.209124513095573e-62,0.6416518955473349,0.734,0.387,2.49179765470503e-57,39,EZR
2.08666472889853e-61,0.4267809017068418,0.355,0.121,6.333862118098598e-57,39,S1PR4
4.7548671747321934e-61,0.6611826699324448,0.815,0.523,1.44329238221821e-56,39,SARAF
2.1813920781969142e-60,0.5378319536341168,0.531,0.238,6.621397514158913e-56,39,TGFB1
1.0372121668573378e-54,0.5687786739843409,0.698,0.382,3.148353811278763e-50,39,LEPROTL1
1.4916981417767131e-53,0.36661752808358494,0.355,0.128,4.527900539549035e-49,39,FAM129A
7.479999239337313e-53,0.5306161733905581,0.71,0.39,2.2704789691084477e-48,39,YPEL5
3.888742506186519e-52,0.6085725825614672,0.83,0.481,1.1803889003278558e-47,39,CCL5
9.520092559844493e-51,0.6794570369493038,0.959,0.729,2.8897288956151976e-46,39,BTG1
7.330221697050913e-50,0.4413160689437293,0.679,0.344,2.2250154939228342e-45,39,CD3D
1.0597197979308498e-49,0.4548158758535885,0.548,0.264,3.2166734746393016e-45,39,GABARAPL1
3.3862853043488853e-48,0.46001373727387085,0.649,0.333,1.0278730412820607e-43,39,CNOT6L
3.7499686825262456e-48,0.3864945914520522,0.464,0.202,1.1382654938940166e-43,39,CRYBG1
6.868084456141671e-48,0.3367763884085023,0.369,0.143,2.0847383558172427e-43,39,ISCA1
1.0873295079264673e-47,0.5459388915889594,0.813,0.522,3.3004799883599987e-43,39,SRSF7
1.6341879857274893e-47,0.4980154277445398,0.55,0.272,4.960414211877221e-43,39,RORA
6.007134964052448e-47,0.5654267008422003,0.716,0.431,1.8234057469884802e-42,39,LDHA
1.6202610135249045e-46,0.5417176029295021,0.899,0.629,4.918140280453495e-42,39,TSC22D3
3.7520345965649475e-46,0.48120481660013015,0.966,0.711,1.1388925814413242e-41,39,SRGN
1.149751877814554e-45,0.3391671303858725,0.335,0.128,3.4899568499182973e-41,39,RBM38
1.1527965856319587e-45,0.40700414237485444,0.408,0.175,3.4991987560272473e-41,39,RNF125
1.2937723190123835e-44,0.47708099952644956,0.59,0.306,3.927116497130189e-40,39,ZNF331
3.033873325878383e-44,0.39331815871919573,0.68,0.365,9.209019093371244e-40,39,ETS1
3.7544090176873984e-44,0.4415920712384366,0.651,0.348,1.139613313228833e-39,39,SAMSN1
4.531216265821266e-44,0.3886130486455597,0.643,0.337,1.3754053853273872e-39,39,PPP2R5C
6.643858846981073e-44,0.46721349412942315,0.718,0.422,2.0166769144126347e-39,39,DDX24
9.92902906056092e-44,0.49449480955916125,0.568,0.299,3.0138574810426616e-39,39,CCNH
1.0076899772745737e-43,0.47755047566033415,0.568,0.289,3.058742157019241e-39,39,ARL4C
5.337173622420781e-42,0.4515177971915465,0.704,0.414,1.6200456813496038e-37,39,SELENOK
6.138829171509838e-42,0.4116058224948679,0.576,0.305,1.8633802067200962e-37,39,PDCD4
1.0572806665028819e-41,0.42881540895852543,0.903,0.59,3.2092697351028477e-37,39,PTPRC
2.489676963739963e-41,0.39550259906893265,0.503,0.247,7.557165455736284e-37,39,PIK3IP1
3.347097498664601e-41,0.34119398303457615,0.424,0.189,1.015977974744653e-36,39,STAT4
4.868132636380021e-41,0.456582404396525,0.74,0.453,1.4776729804467917e-36,39,NCL
1.8795424998946286e-40,0.4570286589754673,0.884,0.771,5.7051633041801555e-36,39,RPL36AL
1.9526154831943537e-40,0.4139206885608961,0.377,0.159,5.926969037688141e-36,39,CD8A
1.135585941450038e-39,0.3418071555188585,0.491,0.239,3.4469575666774453e-35,39,G3BP2
1.1466651683109738e-39,0.4942471420498731,0.84,0.591,3.4805874518911296e-35,39,MCL1
8.040005629024088e-39,0.3584174880882917,0.428,0.199,2.4404633086339714e-34,39,JMJD6
3.103120335963136e-38,0.35600527318215386,0.456,0.218,9.419211467782503e-34,39,GNG2
5.452527461511895e-37,0.6091440833446087,0.872,0.667,1.6550601856673206e-32,39,ZFP36L2
1.2668910149533443e-36,0.4149444061808003,0.556,0.302,3.8455209867893814e-32,39,SKIL
1.890274128035457e-36,0.6222313677266942,0.811,0.571,5.737738088238826e-32,39,ANXA1
5.284268184609641e-36,0.405211818557332,0.57,0.305,1.6039867647564104e-31,39,DUSP2
9.490382182459124e-36,0.2575177762210725,0.29,0.113,2.8807106076636426e-31,39,SH2D2A
1.1923264187954525e-35,0.31297036416856416,0.761,0.418,3.6191876116117167e-31,39,IL32
1.5219050389962487e-35,0.39352352656360523,0.645,0.372,4.6195905553692135e-31,39,CYTIP
3.214681922438105e-35,0.36035544895722293,0.615,0.353,9.757845507368624e-31,39,UBE2B
8.072002442146692e-35,0.43198853916823543,0.964,0.886,2.450175621289207e-30,39,HLA-A
1.8581289286222516e-34,0.3814292362208838,0.446,0.225,5.640164549939983e-30,39,UBE2S
1.9387258773985763e-34,0.2758420784591908,0.4,0.185,5.884808528255639e-30,39,CCSER2
2.055699375852428e-34,0.4673069066698191,0.661,0.414,6.23986988546246e-30,39,SRSF2
4.9670571847810596e-34,0.41380106365446634,0.748,0.511,1.5077005378684427e-29,39,SUB1
6.983075244385817e-34,0.2991381427534802,0.473,0.235,2.119642659680871e-29,39,CD96
1.4255684788630707e-33,0.32582702286157467,0.509,0.27,4.327170560740965e-29,39,FNBP1
5.0465498840189195e-33,0.4658488106560328,0.957,0.848,1.5318297517951028e-28,39,JUND
6.549722118040587e-33,0.37292521890479646,0.598,0.333,1.98810265171004e-28,39,CD2
7.1687431249775e-33,0.3111594365391203,0.42,0.21,2.1760002881556704e-28,39,H2AFV
2.515424791687117e-32,0.4057221690141253,0.992,0.969,7.635320412687076e-28,39,MT-ND1
4.280283664881651e-32,0.2911507897746638,0.588,0.319,1.2992373036381762e-27,39,CD3E
1.8593674916651472e-31,0.37404159105896617,0.704,0.442,5.6439240842003875e-27,39,STK4
2.2696072735037003e-31,0.357846689707369,0.473,0.251,6.889165917993132e-27,39,STK17A
2.4882145390492378e-31,0.376525425531431,0.604,0.345,7.552726411830057e-27,39,CST7
2.550952799708034e-31,0.3701980541386354,0.562,0.321,7.743162128233766e-27,39,LRRFIP1
4.446979218766187e-31,0.3001682734420056,0.515,0.276,1.3498360720642884e-26,39,SLA
7.703600127417331e-31,0.3056237289321407,0.471,0.247,2.3383507826762565e-26,39,SLC38A1
1.8099593116455524e-30,0.2587508662301647,0.4,0.193,5.49395049456891e-26,39,ELL2
1.882543659086413e-30,0.3102487635190396,1,0.995,5.714273022790898e-26,39,B2M
1.6903135460890588e-29,0.32538354853571333,0.436,0.231,5.130777737798729e-25,39,NASP
1.7673931638063752e-29,0.2952816814213374,0.458,0.238,5.364745209417872e-25,39,KIAA1551
2.1963268375649295e-29,0.3692678090633962,0.519,0.291,6.666730482744587e-25,39,CEMIP2
2.222416526227976e-29,0.33348879851649826,1,0.985,6.745923123712398e-25,39,MT-CYB
2.9984164345166643e-29,0.27237411638747844,0.471,0.245,9.101393245331882e-25,39,EML4
3.902162777618277e-29,0.2607980479372802,0.389,0.191,1.1844624895182518e-24,39,JOSD1
9.819849867001221e-29,0.2867008880958652,0.408,0.207,2.9807172286295504e-24,39,PARP8
2.5618305709528525e-28,0.48596908450413645,0.529,0.323,7.776180515070288e-24,39,SQSTM1
1.6659365334721475e-27,0.42127827951395136,0.844,0.566,5.056783753701357e-23,39,TNFAIP3
2.2366296416046813e-27,0.3670506009457267,0.631,0.401,6.78906561412685e-23,39,GPBP1
4.022675754096214e-27,0.2752007227281981,0.41,0.213,1.221042998398365e-22,39,IDI1
4.822239759618631e-27,0.3215462234557749,0.487,0.272,1.4637426566346394e-22,39,SYAP1
6.533956947716254e-27,0.2585691722654011,0.343,0.165,1.9833172919097917e-22,39,ZBTB1
9.32003384854573e-27,0.4153640527921306,0.499,0.293,2.829003074387571e-22,39,KDM6B
1.278693231978615e-26,0.2752635795959215,0.755,0.47,3.881345436347888e-22,39,CD52
2.4234036715612508e-26,0.38734054644335525,0.651,0.417,7.35599950465702e-22,39,REL
3.386316252204085e-26,0.28111909605466195,0.483,0.271,1.027882435194028e-21,39,MYH9
4.854515446991109e-26,0.29352387162607957,0.294,0.136,1.4735396187796813e-21,39,PMEPA1
6.150678382441233e-26,0.2825699783113376,0.426,0.225,1.866976916206212e-21,39,NFKB1
6.51326241604081e-26,0.4210851156001002,0.485,0.271,1.9770356737650273e-21,39,GZMK
7.23339585586369e-26,0.3358970996606201,0.718,0.476,2.1956249780888644e-21,39,ARHGDIB
1.0723965687199693e-25,0.2932895335420652,0.542,0.31,3.2551525446925947e-21,39,TRBC2
7.336863344416544e-25,0.2513086788278923,0.294,0.138,2.2270314995641978e-20,39,USP36
2.229491972974021e-24,0.30061518907853513,0.501,0.293,6.767399934765344e-20,39,RNF19A
2.6667957082783225e-24,0.35978996162878774,0.282,0.131,8.09479169290802e-20,39,GZMH
4.412490819356854e-24,0.3294192329067287,0.562,0.349,1.3393674633075795e-19,39,CLEC2B
4.763681115180456e-24,0.3429019659026742,0.976,0.885,1.4459677657018756e-19,39,HLA-B
5.4067351965489966e-24,0.3364529082887341,0.452,0.257,1.6411604015604824e-19,39,TSPYL2
7.915671367939503e-24,0.2758360809265046,0.422,0.231,2.402722887024357e-19,39,AKNA
1.2328815558351441e-23,0.3187568323825827,0.643,0.422,3.7422886745819966e-19,39,DNAJB6
1.556611019672307e-23,0.30051450914803857,0.998,0.988,4.72493708911332e-19,39,PTMA
2.9407567032698886e-22,0.29245153518810707,0.546,0.34,8.92637289710542e-18,39,ANKRD12
4.373990150476971e-22,0.28495194657157463,0.527,0.331,1.3276809702757796e-17,39,CNBP
6.073782407510056e-22,0.27732879927745724,0.604,0.383,1.8436359119756023e-17,39,ELF1
6.342046269073691e-22,0.34106573412738106,0.594,0.4,1.925064724514628e-17,39,EIF5
8.908449530184714e-22,0.2675155418431674,0.495,0.295,2.704070770392268e-17,39,CDC42SE2
9.493758159804529e-22,0.257983193561502,0.519,0.314,2.881735351827067e-17,39,BZW1
1.4030458636257278e-21,0.4458292427894761,0.519,0.319,4.258805414449534e-17,39,KLRB1
3.633928028475714e-21,0.2882249340922539,0.44,0.256,1.1030425137635183e-16,39,AC058791.1
3.675885913468581e-21,0.2640904577620932,0.418,0.235,1.1157784101742532e-16,39,PDE4B
4.516602356350346e-21,0.30953640591835874,0.72,0.52,1.370969479246584e-16,39,CD44
4.59981220428143e-21,0.26191947142026084,1,0.99,1.3962269964875852e-16,39,RPS3
1.0626607876041766e-20,0.2723084464113811,0.489,0.297,3.2256005546937174e-16,39,IDS
1.6203691497964586e-20,0.25865395558645576,0.505,0.31,4.918468517292171e-16,39,SNU13
2.1073811458984987e-20,0.4429471723906865,0.471,0.286,6.396744730260303e-16,39,RGCC
2.7069181220914618e-20,0.26851412686557885,0.517,0.323,8.216579267796423e-16,39,SEPT7
1.8538033081603666e-19,0.3400972459682694,0.536,0.354,5.627034561589977e-15,39,PIK3R1
3.273115235850806e-19,0.2523565648896652,0.345,0.192,9.935213986901537e-15,39,JPT1
4.2234288097825095e-19,0.30277544176361637,0.631,0.446,1.2819795809213829e-14,39,NDUFS5
4.512014274783326e-19,0.2776274396849242,0.552,0.362,1.3695768129677306e-14,39,RAP1B
1.0520375335263347e-18,0.2560293945621615,0.339,0.184,3.193354729265836e-14,39,METRNL
5.387231263692977e-18,0.2793551486490926,0.704,0.501,1.6352401777813663e-13,39,YWHAZ
5.5133402547652974e-18,0.3074692874086029,0.866,0.74,1.6735193009314585e-13,39,HSPA8
3.9047155570382816e-17,0.29703367453944474,0.43,0.258,1.1852373601834e-12,39,TRBC1
4.279731984683851e-17,0.332889155488433,0.917,0.819,1.2990698466309361e-12,39,HLA-C
4.724003385544635e-17,0.27733362885836277,0.925,0.852,1.4339239876482185e-12,39,DDX5
8.703351685507516e-17,0.29390115613170786,0.343,0.194,2.6418153706189513e-12,39,DUSP4
1.0617772932364222e-16,0.41794213798712687,0.552,0.39,3.222918795889836e-12,39,LMNA
3.460309032735594e-16,0.28314345320610523,0.858,0.725,1.0503422037965621e-11,39,OAZ1
1.8274618027510136e-15,0.2764628347988465,0.988,0.963,5.5470775560704267e-11,39,FTH1
3.0458386252650636e-15,0.27771972057530725,0.611,0.442,9.245338563129574e-11,39,SRSF5
1.009622401334756e-14,0.2592273463871829,0.57,0.405,3.0646078370115183e-10,39,PTGES3
2.2072005131045167e-13,0.4405326020335445,0.915,0.87,6.69973643747745e-9,39,HSP90AB1
4.576725196475286e-13,0.2607256212306013,0.6,0.444,1.3892191661381082e-8,39,HSPD1
2.9047307423667456e-11,0.25531971002542697,0.661,0.512,8.81701969538002e-7,39,DDX3X
3.7353290648513963e-10,0.3344610799334218,0.708,0.589,1.1338217843449928e-5,39,DNAJA1
0,1.9806614997106187,0.839,0.11,0,40,EMP1
0,1.9539854518405821,0.919,0.242,0,40,SPARCL1
0,1.8982137795443563,0.794,0.091,0,40,SERPINE1
0,1.8476736356341632,0.938,0.311,0,40,COL3A1
0,1.6582791818807496,0.673,0.098,0,40,CAV1
0,1.6373395676782243,0.827,0.134,0,40,SFRP4
0,1.4602382494850603,0.827,0.151,0,40,SNHG29
0,1.3930555506437987,0.591,0.068,0,40,AKAP12
0,1.3255998626586216,0.738,0.099,0,40,GEM
0,1.2306346621889377,0.696,0.108,0,40,KLF10
0,1.2158285328642884,0.768,0.117,0,40,RND3
0,1.1946868396615369,0.69,0.131,0,40,THBS1
0,1.1871824732878922,0.675,0.078,0,40,ERRFI1
0,1.1843614805324332,0.597,0.066,0,40,PTN
0,1.0928606083766748,0.702,0.131,0,40,MDK
0,1.0870733085903976,0.635,0.059,0,40,COL4A1
0,1.0534888327262542,0.591,0.031,0,40,MMP11
0,1.0174371316526745,0.573,0.088,0,40,LIMA1
0,0.9927960464843693,0.655,0.07,0,40,COL4A2
0,0.980153679615828,0.7,0.122,0,40,NME2
0,0.9327441087378936,0.617,0.087,0,40,EGR3
0,0.9322982069223208,0.562,0.073,0,40,IL1R1
0,0.8808051381802143,0.542,0.069,0,40,THY1
0,0.8392465998847298,0.52,0.072,0,40,MRPS24
0,0.835589389508333,0.583,0.084,0,40,TGM2
0,0.8200008652453469,0.532,0.066,0,40,RORB
0,0.7878693557253076,0.526,0.074,0,40,MICOS10
0,0.7836413429556341,0.536,0.07,0,40,GJA1
0,0.7682158437135156,0.526,0.075,0,40,VCL
0,0.7435595165034873,0.435,0.05,0,40,MEG8
0,0.7432284728611133,0.532,0.07,0,40,NID1
0,0.7267067402256665,0.448,0.057,0,40,COL5A2
0,0.7219455627315712,0.538,0.077,0,40,SNHG16
0,0.6965902001115779,0.442,0.051,0,40,TBX3
0,0.6698715940470211,0.435,0.043,0,40,ESR1
0,0.6351520882878147,0.446,0.054,0,40,PGR
0,0.6278107285702537,0.387,0.029,0,40,WNT5A
0,0.5915861311594316,0.347,0.031,0,40,DIO2
0,0.5634347329308179,0.361,0.034,0,40,ECM1
0,0.5311210957831447,0.391,0.041,0,40,TEAD1
0,0.5040469173635751,0.349,0.025,0,40,FOSL1
0,0.5024480268813805,0.357,0.033,0,40,SAMD4A
0,0.44467234789603294,0.313,0.017,0,40,MOXD1
0,0.37550759637935605,0.258,0.018,0,40,GUCY1A2
0,0.37376716728375625,0.266,0.017,0,40,MIR100HG
8.827826991369197e-308,1.3945521580776723,0.849,0.218,2.679598604960206e-303,40,SPARC
1.4393615832365742e-304,0.6666772174492105,0.462,0.061,4.3690381497562975e-300,40,COL5A1
9.661739856628935e-293,0.3515129060450128,0.25,0.02,2.9327245160811467e-288,40,S1PR3
1.8321659502250618e-291,0.4582661904876492,0.323,0.032,5.561356525313152e-287,40,PDPN
2.0173622244807225e-288,0.5704427928004226,0.399,0.049,6.123501296188785e-284,40,PKIG
1.5867318067110725e-284,0.4555048895797218,0.292,0.027,4.81636572609079e-280,40,HELLPAR
6.557889104259432e-284,1.0588043812900654,0.71,0.15,1.990581658706908e-279,40,COL6A1
3.7489426741212055e-282,1.3209779658211749,0.621,0.118,1.1379540593027508e-277,40,IGF1
1.920563082298137e-280,0.7586253813008232,0.474,0.068,5.829677180007765e-276,40,SFRP1
2.4539237910165553e-280,0.7819345955367003,0.629,0.112,7.448640275251652e-276,40,RAMP1
2.363217880282258e-279,0.7118220344660026,0.504,0.078,7.173311553808767e-275,40,PALLD
2.6207570000032417e-275,1.1368075594096876,0.726,0.15,7.95504579780984e-271,40,MEG3
1.042967619118026e-273,1.0470903638012254,0.825,0.199,3.165823911070856e-269,40,EEF1G
6.453648979331447e-271,0.35314334533178293,0.262,0.023,1.9589406111862674e-266,40,COL27A1
8.249334968405279e-271,0.5901241816962919,0.435,0.06,2.504003136309738e-266,40,TNFRSF12A
3.4821769049743535e-270,0.6850145374194748,0.498,0.078,1.0569799777359153e-265,40,CAVIN1
1.959850272541381e-269,0.4444842233060852,0.266,0.024,5.948929517272108e-265,40,MGLL
5.86488614021875e-264,0.5635296456569748,0.655,0.12,1.780227539001999e-259,40,C11orf96
4.687397622305415e-263,0.7675800280593823,0.571,0.101,1.4228126742745858e-258,40,COL6A3
2.126035520353064e-259,0.349799176467476,0.27,0.025,6.453368218479691e-255,40,MYOF
1.0257122283929494e-257,1.4246845923645537,0.952,0.365,3.1134468980639584e-253,40,COL1A1
3.2545374649610053e-257,0.3308922020918496,0.25,0.022,9.878823021142636e-253,40,PRICKLE2
2.2684601106376298e-256,0.6536757864817959,0.514,0.085,6.885683819829461e-252,40,FSTL1
7.1912511594490965e-255,0.5179025251521735,0.405,0.055,2.1828323769391786e-250,40,SEPTIN2
4.567329556205553e-253,0.4430678888394053,0.304,0.032,1.3863672134906335e-248,40,SMOC2
4.374334809360589e-251,0.5387124800815681,0.371,0.047,1.327785588033313e-246,40,SEPTIN11
9.863855153580841e-251,0.3846872935429002,0.28,0.028,2.9940745933179285e-246,40,NREP
5.321148175378265e-250,0.6596530983237651,0.47,0.075,1.6151813171543186e-245,40,PRSS23
1.1177642900325196e-246,0.4043459200958947,0.29,0.03,3.39286172596471e-242,40,LONRF2
4.2753706243923017e-246,0.7201536390856524,0.454,0.069,1.2977459993280392e-241,40,COL14A1
5.053479103261538e-246,0.7947008718129327,0.45,0.072,1.533933047004007e-241,40,MIR4435-2HG
7.735967285881818e-245,1.2124740926285775,0.861,0.26,2.348175509956567e-240,40,CALD1
8.961168818196882e-244,0.4515826423185327,0.313,0.036,2.7200731830754815e-239,40,ALDH1A2
2.2257852933706942e-242,0.9579601450681183,0.643,0.133,6.756148679497405e-238,40,VCAN
8.859887315492973e-240,0.6291430215558625,0.381,0.053,2.689330195744737e-235,40,SLC2A1
6.0000463890333275e-238,0.7073455071507917,0.534,0.1,1.8212540809271762e-233,40,CALU
1.5072265308543805e-235,0.8973053571793883,0.617,0.132,4.5750354117553864e-231,40,MYC
4.69649441369828e-234,0.716395987565653,0.306,0.036,1.4255739143339759e-229,40,KRT19
3.5954526918365275e-233,0.47187249422549027,0.339,0.043,1.0913637100800595e-228,40,SPON1
8.015600395764867e-231,0.5053970480819504,0.359,0.048,2.4330553441304678e-226,40,FERMT2
3.357115091255497e-229,0.4501121478071831,0.327,0.04,1.0190187147996936e-224,40,EMX2
1.9252048998760762e-227,0.6172361526299075,0.464,0.078,5.843766953083841e-223,40,CNN3
5.661643493571758e-227,0.38381329290337374,0.262,0.027,1.7185352660387712e-222,40,DLC1
1.5447596187830248e-226,0.9479932917632672,0.603,0.131,4.6889633468539936e-222,40,TPM1
1.7006517705047892e-223,0.35570546850560575,0.284,0.032,5.162158384190237e-219,40,LHFPL2
7.795816563712646e-223,0.44662042749309555,0.315,0.039,2.3663421597493367e-218,40,OAF
1.5505264850245843e-221,0.784564662753353,0.653,0.143,4.706468092643623e-217,40,GAS5
3.6171761707802e-221,0.376870387426929,0.31,0.037,1.0979576548786219e-216,40,SPSB1
5.416281150957909e-219,0.6049835276778391,0.47,0.084,1.6440579805617636e-214,40,MAPK6
1.7666086578269627e-214,0.47631100473241283,0.341,0.046,5.362363919967963e-210,40,VASN
6.177994927833567e-214,0.697370411123494,0.669,0.15,1.875268580394601e-209,40,RBP1
9.473174533165512e-209,1.3355405936302358,0.877,0.355,2.8754873977970595e-204,40,TXN
2.3340411928075597e-206,0.6404214134445365,0.353,0.052,7.084748636648067e-202,40,SYNPO2
2.552829930557127e-205,0.6032461785308645,0.401,0.065,7.748859971213103e-201,40,PLAT
3.951277955616849e-203,0.5283494876574586,0.385,0.061,1.1993709106479382e-198,40,ACTN1
1.2375726944116887e-202,0.49930112695138484,0.31,0.04,3.75652815661724e-198,40,CRABP2
6.900250901152936e-202,0.41767235314980833,0.313,0.041,2.0945021585359622e-197,40,ADAMTS9
3.417662178607341e-198,1.1772709032670736,0.851,0.297,1.0373971776944723e-193,40,LUM
3.9599658392642965e-198,0.6505773136492428,0.536,0.109,1.2020080308502846e-193,40,MMP2
4.885355896312483e-195,0.34731095880334945,0.258,0.03,1.482900928766691e-190,40,SOCS5
6.314779445691123e-195,0.3709435595953935,0.268,0.032,1.9167881529450834e-190,40,PAMR1
1.0378917554160036e-194,0.41617620402400785,0.313,0.043,3.150416634389737e-190,40,MMP19
4.628976709224151e-193,0.6505309321130591,0.448,0.086,1.4050795903178987e-188,40,ZBTB21
1.0432831483743303e-188,0.670409047835803,0.474,0.096,3.1667816685754424e-184,40,UGCG
3.3443809103849423e-188,0.35298458982410696,0.284,0.036,1.0151533815382455e-183,40,MYLK
1.093924557250661e-186,0.7682417500239471,0.647,0.163,3.320498601078657e-182,40,IGFBP4
2.4598324941170084e-186,0.6123840788269499,0.567,0.127,7.466575552642768e-182,40,SERPINH1
2.2448836520561546e-185,0.4214046769296905,0.349,0.053,6.814119837451251e-181,40,FHL2
3.268104631197127e-185,1.4005927244135663,0.982,0.701,9.92000479753576e-181,40,LGALS1
1.9021079798583964e-183,1.0958004544367796,0.871,0.35,5.773658562062176e-179,40,IFITM3
6.755475388689952e-182,1.0631727811114788,0.774,0.279,2.050556999482948e-177,40,ITGB1
6.751435525509001e-181,0.4063766950815775,0.304,0.043,2.0493307394130023e-176,40,ANTXR1
2.6427551163563632e-179,0.4558483871342475,0.393,0.068,8.021818880188105e-175,40,SNHG32
3.7978180307829233e-177,0.9229358249257353,0.827,0.309,1.1527896850638485e-172,40,COL1A2
1.447948895538501e-173,0.4908075183489924,0.329,0.05,4.395104077517566e-169,40,ARC
3.679249882504618e-171,1.3687744486572233,0.954,0.607,1.1167995093354518e-166,40,RPL17
4.230637004686211e-171,0.35945879490600746,0.254,0.032,1.2841675564024525e-166,40,CLMP
4.386945463264842e-171,1.1045806973499033,0.643,0.183,1.3316134259194102e-166,40,TAGLN
1.0430221572306633e-170,1.4400377817715893,0.571,0.146,3.1659894560579555e-166,40,PTGDS
4.342118373273687e-170,0.6197786743411654,0.474,0.099,1.3180066110234951e-165,40,GADD45G
4.377840125682922e-170,1.0731001668722913,0.764,0.28,1.328849591749794e-165,40,ANXA5
3.7772943847525597e-168,0.6163773519668667,0.514,0.115,1.146559937547792e-163,40,PCOLCE
9.502750076137693e-168,0.5142052123474666,0.403,0.075,2.884464758110835e-163,40,ISLR
1.4919307703135357e-165,0.6886268071712597,0.476,0.107,4.5286066602097065e-161,40,ATP13A3
6.229733089953663e-164,0.46952803573354784,0.312,0.048,1.890973182124535e-159,40,THBS2
1.141322572508385e-163,0.4665986318043759,0.381,0.069,3.4643705365919517e-159,40,CPXM1
3.066977582651857e-163,0.6178243342121346,0.52,0.119,9.309503754381448e-159,40,SNHG6
3.7559122416536857e-162,0.4488081566511349,0.325,0.053,1.1400696018315598e-157,40,FBN1
2.398433637278098e-161,0.9207325104472863,0.738,0.257,7.280205462593938e-157,40,DSTN
2.81994129121168e-161,0.38390117761425363,0.308,0.048,8.559649795343934e-157,40,ERF
5.802878766616651e-161,0.8920350146399567,0.728,0.25,1.7614058208188183e-156,40,TPM4
1.9323310446732188e-159,0.5587799220146321,0.464,0.098,5.8653976530010885e-155,40,LINC-PINT
3.556117620365785e-156,0.5036758907052156,0.353,0.063,1.0794239424858303e-151,40,NR2F1
1.3291583264807814e-155,0.5120987629140132,0.347,0.061,4.034527184199764e-151,40,IFI27
9.143030983679806e-154,0.5371682379079945,0.444,0.095,2.7752756247861683e-149,40,ATP6V0C
2.3668115839190087e-153,0.5416230692752488,0.518,0.121,7.184219881827759e-149,40,SNHG5
4.7623383156980336e-153,0.7122854415990003,0.506,0.12,1.445560172346981e-148,40,SOX4
2.2673050816666077e-152,0.3366806045710657,0.262,0.037,6.882177844890821e-148,40,SEMA5A
5.254377337966938e-152,0.6074149965806972,0.571,0.149,1.5949136971664846e-147,40,RNASEK
5.416840133822499e-151,0.4258347539371309,0.343,0.061,1.6442276542204813e-146,40,FGFR1
6.143951620695861e-151,0.423673817317594,0.339,0.06,1.8649350749460217e-146,40,PRRX1
2.5246364353700754e-149,1.4311469212906713,0.992,0.82,7.663281435922326e-145,40,NEAT1
1.5878906760725645e-148,0.49978669997768477,0.333,0.06,4.8198833581506624e-144,40,DAB2
3.801273699673161e-148,0.45058405437133414,0.355,0.067,1.1538386187987912e-143,40,CLIC4
1.8711790150481093e-146,0.3641665802728105,0.254,0.037,5.679776782277031e-142,40,ZNF704
2.002105323706961e-146,0.4951263062461323,0.385,0.077,6.077190499580109e-142,40,CRISPLD2
8.183053014687783e-144,0.6278079856471513,0.44,0.103,2.4838839120783294e-139,40,MBNL2
3.6507636541257925e-142,0.48654791669888187,0.379,0.077,1.108152799573343e-137,40,PLPP1
3.238483918977489e-141,0.5145679570833589,0.379,0.078,9.83009408766427e-137,40,NRIP1
6.675475408825087e-139,0.37471598574664705,0.321,0.056,2.0262738055947668e-134,40,H19
3.526604277517872e-138,0.47487243321630423,0.417,0.093,1.0704654623977748e-133,40,CUX1
1.092707344699756e-137,0.3655213118091099,0.26,0.04,3.3168038741016392e-133,40,MAP1B
1.9649261687470734e-137,0.3569570480703229,0.268,0.042,5.964336892614867e-133,40,ZNF516
3.0235668206271436e-137,0.4231319104387625,0.331,0.062,9.177734727331632e-133,40,TGFBI
4.46879845069754e-137,0.5527644864275745,0.407,0.089,1.3564590817247312e-132,40,DST
5.515172867148895e-137,1.0168299251824686,0.742,0.272,1.6740755720943756e-132,40,SOD2
1.2281656905821143e-136,0.35349456397401324,0.262,0.04,3.7279741371929493e-132,40,MME
1.3621818706339168e-136,0.37529776037175405,0.304,0.053,4.1347668501221913e-132,40,CORO1C
1.823162503181926e-136,0.5543869083470663,0.593,0.167,5.534027462158418e-132,40,COL6A2
2.8836063018373547e-135,0.4587583391703389,0.373,0.077,8.752898568597106e-131,40,PBX1
8.586953029538124e-134,0.452525937561767,0.385,0.08,2.606483722586002e-129,40,IGFBP2
3.3770290796161838e-133,0.6106851456000637,0.468,0.114,1.0250634068266964e-128,40,TIMP3
7.776850010237909e-131,0.5236206179389679,0.359,0.074,2.360585052107615e-126,40,ABL2
8.653258966699813e-131,0.5793934906000568,0.528,0.142,2.6266102267520613e-126,40,TIMP2
1.3823942873155266e-130,0.31370620146399514,0.262,0.042,4.19611961971755e-126,40,PDLIM4
1.0774609912415445e-129,0.34627232020230325,0.331,0.063,3.270525092814584e-125,40,CTSK
2.7151332496293387e-129,1.194200560910334,0.958,0.66,8.241515465924895e-125,40,FOSB
7.723904608220194e-129,0.8107052342922091,0.583,0.174,2.3445140047791577e-124,40,KCNQ1OT1
1.0346788514100017e-128,0.3922758332741805,0.31,0.057,3.1406641855699194e-124,40,GPRC5A
2.187676844377414e-128,0.3335138112914048,0.25,0.039,6.640474293423203e-124,40,COL15A1
9.478003260866162e-128,0.3950311566557621,0.313,0.059,2.8769531098033146e-123,40,COL18A1
2.9936499445140756e-127,0.4311718663480778,0.361,0.075,9.086925041578025e-123,40,GPNMB
1.9380034786866888e-126,0.36251145470835366,0.278,0.048,5.882615759205575e-122,40,PDGFRB
2.15885440044464e-126,0.9756320609203548,0.958,0.764,6.552986647109661e-122,40,RPL36A
1.876826946346199e-125,0.3533859765204451,0.298,0.054,5.696920512939252e-121,40,CDH11
4.384687591302559e-124,0.8090340960672091,0.605,0.207,1.3309280714639787e-119,40,CYTOR
1.2459614803534008e-123,0.3270436585471104,0.266,0.045,3.781991477464713e-119,40,SOCS2
1.3441111488821743e-123,0.4951496054358868,0.331,0.068,4.0799149813169517e-119,40,USP53
4.7352024222872305e-123,1.4813467075129485,0.558,0.177,1.437323343261066e-118,40,IGFBP5
8.754443176680575e-123,0.3881414531307586,0.296,0.055,2.6573236818496217e-118,40,CTNNAL1
4.295908435293981e-121,0.42382518485610127,0.532,0.145,1.303980046449135e-116,40,FBLN1
9.421093443227108e-121,0.8739192369405551,0.992,0.993,2.859678703757156e-116,40,RPS8
6.071436024078629e-118,0.4173930695550453,0.355,0.077,1.842923690748827e-113,40,WEE1
1.0429424201279916e-117,0.3313576192098401,0.272,0.049,3.1657474220565056e-113,40,CHSY1
1.8454501734974276e-117,0.522829418900831,0.476,0.128,5.601679456634092e-113,40,S100A13
3.3364795647485334e-116,0.7542183572095695,0.752,0.306,1.0127550070837698e-111,40,EIF4A1
3.4490635876910164e-116,0.35904590898458544,0.292,0.055,1.046928761407731e-111,40,S100A16
8.380154829038823e-116,0.3146278455989643,0.27,0.048,2.5437121968064443e-111,40,PPIC
2.0165035197237607e-115,0.6263796794263294,0.526,0.163,6.120894783769503e-111,40,PIM1
1.237393026682115e-114,0.4807466751116657,0.411,0.102,3.755982793190892e-110,40,TCEAL9
1.0775546192405022e-111,0.556111328394757,0.476,0.139,3.2708092912426204e-107,40,AFF4
1.5630316342270853e-111,0.781497540733629,0.736,0.304,4.744426222532895e-107,40,MIF
1.949783772584813e-111,0.4287500481321702,0.347,0.079,5.918373663303941e-107,40,DAAM1
9.823450254318172e-111,0.8604261240311148,0.778,0.374,2.981810090195738e-106,40,HSP90B1
1.1850173466442257e-110,0.5839514755054954,0.482,0.144,3.5970016540038823e-106,40,RYBP
1.6887214600311755e-110,0.4319034339005931,0.409,0.102,5.12594511977863e-106,40,IGFBP6
2.2129575323902775e-110,0.5130916264505517,0.466,0.132,6.717211293817448e-106,40,KLF9
2.751480630447484e-109,0.8836890017554224,0.968,0.879,8.351844305660294e-105,40,RPL23
5.379893848244291e-109,0.6215072268866664,0.379,0.092,1.6330129786960722e-104,40,OGN
4.6030532914257e-108,0.909137296999306,0.802,0.448,1.397210796079357e-103,40,NAP1L1
1.4857694740818946e-107,0.3502329304043463,0.268,0.051,4.509904661628182e-103,40,SH3PXD2A
6.207172046205007e-107,0.9849859721937373,0.623,0.223,1.884125002905068e-102,40,IER3
6.567530399974396e-107,0.3305468060859661,0.264,0.05,1.993508177608228e-102,40,DDR2
1.793924427224795e-105,0.39673323002229294,0.347,0.081,5.4452782063981425e-101,40,AHCYL1
3.1484386202844292e-105,0.7017575847522193,0.655,0.256,9.556770588011357e-101,40,NUCKS1
1.0306544363065812e-104,0.9599402911118293,0.841,0.429,3.1284484759649966e-100,40,EGR1
3.0183917655803226e-104,0.41212742125326857,0.367,0.09,9.162026365242512e-100,40,NFIC
2.6737841103485592e-102,0.5249984192006341,0.456,0.134,8.116004288552016e-98,40,RRBP1
5.0230431192171926e-101,0.6012222132645397,0.522,0.165,1.5246945084071865e-96,40,TCEAL4
9.117398000201362e-101,0.7070854174047176,0.825,0.389,2.7674949889811215e-96,40,LMNA
1.1581655181894826e-99,0.3853991215903497,0.349,0.085,3.515495613912356e-95,40,CRTAP
7.61164568881445e-99,0.3479203343726635,0.282,0.059,2.3104389323827384e-94,40,MLF1
2.0507775850230914e-98,0.5647086852917436,0.504,0.159,6.224930281579092e-94,40,TPM2
2.535090949234865e-98,0.7848904136470523,0.79,0.381,7.695015067307509e-94,40,RPS17
6.230794234131263e-98,0.4354621570053222,0.391,0.103,1.8912952818282036e-93,40,TCF4
2.7554315761358884e-97,0.6362470040672272,0.645,0.267,8.363837006202876e-93,40,CSNK1A1
3.9455152845345315e-97,0.4313072518357949,0.325,0.077,1.1976217094676117e-92,40,TRIB1
2.369028353627285e-96,0.32311048390804076,0.266,0.054,7.19094866460026e-92,40,KANK2
5.321580521311162e-96,0.8261837238643603,0.938,0.714,1.61531255143879e-91,40,RPS26
1.0474435174240373e-94,0.46517810449800506,0.46,0.137,3.179410052788923e-90,40,SPON2
7.646757697582176e-94,0.4413648761744415,0.454,0.132,2.321096831524094e-89,40,C1S
1.1981952188874492e-93,0.35611089676670127,0.302,0.069,3.637001767410963e-89,40,SULF2
5.510965213256424e-93,0.3389885788239219,0.323,0.077,1.672798380831855e-88,40,UBE2V1
1.4382736170278023e-92,0.5056584245710386,0.48,0.154,4.3657357371261914e-88,40,GABARAP
2.2828882124498198e-90,0.3637923325296669,0.353,0.091,6.929478880070183e-86,40,APP
5.779171636394983e-89,0.49642978708722646,0.438,0.138,1.754209758511333e-84,40,ZBTB38
6.2299612156537696e-89,0.33695890495072034,0.272,0.06,1.8910424273995452e-84,40,EPS8
1.7377473105817857e-88,0.39720787059368456,0.482,0.148,5.274758186539952e-84,40,C1R
5.026842906907284e-88,0.3442582533934303,0.286,0.065,1.525847895962637e-83,40,OLFML3
5.590181996553251e-88,0.3352495997316865,0.272,0.06,1.6968438432337738e-83,40,SMAD5
2.659356700691365e-87,0.3593645840694131,0.333,0.084,8.072211329278568e-83,40,PDLIM1
1.9968238691272755e-86,0.31223865141397417,0.294,0.069,6.061159172348932e-82,40,CREB3L2
1.0433317424449427e-85,0.5175203498022757,0.327,0.086,3.1669291710173793e-81,40,PGRMC1
1.0810370910417709e-85,0.39754299827749784,0.313,0.078,3.2813799861481912e-81,40,MIR222HG
5.757874497467102e-85,0.37904765289658465,0.339,0.088,1.7477452249611643e-80,40,PDGFRA
1.1577008674226313e-84,0.3775857555604985,0.298,0.072,3.514085212974655e-80,40,KDM5B
3.679247363019661e-84,0.3596281606684789,0.393,0.109,1.1167987445709879e-79,40,SEPTIN7
5.029177139024089e-84,0.3650267484299685,0.308,0.077,1.5265564287793718e-79,40,FNDC3B
8.410142423189574e-84,0.5720457499005254,0.516,0.19,2.5528146311349632e-79,40,MIDN
3.6147190330322474e-83,0.2726958676085658,0.252,0.054,1.0972118152866085e-78,40,TCF7L2
2.082709121565507e-82,0.5567902069068206,0.679,0.296,6.321855267599939e-78,40,LAPTM4A
1.743304647516084e-81,0.6172198238261108,0.996,0.989,5.291626927070321e-77,40,RPL12
3.173548272930642e-81,0.4479662768653934,0.46,0.15,9.63298842765367e-77,40,YBX3
5.0820636599130614e-80,0.39591218996935057,0.363,0.106,1.5426096033300106e-75,40,YWHAG
1.1564513479079545e-79,0.3591808198498203,0.294,0.073,3.510292421439805e-75,40,GBP1
1.4097917253077073e-79,0.32672749181335986,0.321,0.084,4.279281802999015e-75,40,MFGE8
7.60985343246808e-79,0.3083515582139785,0.27,0.064,2.3098949108913612e-74,40,PLEKHA5
1.695576036546185e-78,0.6356714806077781,0.429,0.142,5.14675150133229e-74,40,ID3
1.004580650107733e-77,0.3139495906618886,0.284,0.07,3.049304105337013e-73,40,TCEAL3
1.0245763386396841e-77,0.5941061785366427,0.679,0.315,3.109999018306897e-73,40,CD81
1.2839146752059057e-77,0.30932072154949924,0.25,0.056,3.897194605120006e-73,40,KCTD12
3.0481577684250777e-77,0.2650744223073368,0.252,0.057,9.252378090277481e-73,40,MIR22HG
5.057584437152839e-77,0.3135949547054282,0.272,0.066,1.5351791800533727e-72,40,PEA15
6.362788402043118e-77,0.3848399773580433,0.371,0.111,1.931360791556168e-72,40,HDLBP
2.387587517355707e-76,0.5861087549106718,0.534,0.218,7.247283150181513e-72,40,SSR3
6.83164507582502e-76,0.728964063789999,0.806,0.454,2.073677546315927e-71,40,ZFP36L1
1.168873724137252e-75,0.5905161660159987,0.599,0.257,3.547999302246215e-71,40,ZFAND5
5.39215284424026e-75,0.4272200218395282,0.415,0.135,1.6367340743406885e-70,40,PMEPA1
5.470199777208237e-74,0.675419883649042,0.611,0.271,1.660424440373788e-69,40,ARID5B
9.607631537377009e-74,0.3006111004573606,0.266,0.065,2.9163004768554173e-69,40,ITGAV
4.6369851990043084e-73,0.3351568528991462,0.313,0.087,1.4075104873057678e-68,40,CSRP1
1.4165855257288749e-72,0.5137771757526324,0.518,0.206,4.2999037047974265e-68,40,ACTN4
2.105025541804455e-71,0.3742625622906133,0.387,0.125,6.389594529593243e-67,40,SEC31A
1.2210790176867017e-70,0.5619434628457968,0.532,0.201,3.7064632502862144e-66,40,ATF3
2.507581301207462e-69,0.3347221552490368,0.421,0.137,7.61151228168513e-65,40,KLF4
8.750680286972603e-69,0.4455952335885776,0.442,0.16,2.656181494307664e-64,40,SPAG9
1.1948608291875818e-68,0.36740510602269705,0.341,0.102,3.626880560915986e-64,40,ETS2
1.5563690649137483e-68,0.3385655027673777,0.329,0.098,4.724202659639192e-64,40,ANKRD10
1.3677158903678559e-67,0.31565721500262583,0.254,0.064,4.1515648136225896e-63,40,TSHZ2
1.7709665644176534e-67,0.5350947136447313,0.558,0.242,5.375591909633345e-63,40,RTN4
4.990100487933975e-67,0.5718274840106594,0.863,0.553,1.5146951021074788e-62,40,CD63
8.568984570781267e-67,0.3074665632349336,0.254,0.065,2.6010295766149457e-62,40,CSNK1E
9.897930431369434e-67,0.2879038971327759,0.274,0.072,3.004417803137878e-62,40,RAB13
3.6404540464461513e-66,1.440608130357514,0.742,0.479,1.1050234212582648e-61,40,MT2A
1.0153072957275166e-65,0.3061004197453209,0.274,0.074,3.0818637654513038e-61,40,TCF12
3.2826273944290525e-65,0.3972009524488794,0.399,0.138,9.964087193049945e-61,40,LPP
4.78756826556759e-65,0.3866946866576133,0.333,0.104,1.4532184713303863e-60,40,MED13L
5.693703423172419e-65,0.49516924143030505,0.486,0.194,1.7282667370697562e-60,40,BHLHE40
8.311880216332473e-65,0.3716657148295655,0.341,0.109,2.5229881208655587e-60,40,IPO7
1.2874803386978464e-64,0.3504729569731782,0.323,0.096,3.908017820083443e-60,40,NR2F2
1.9722014916818483e-64,0.54307030775943,0.738,0.375,5.986420407851083e-60,40,MYADM
2.4624290449299667e-64,0.39184271871043513,0.389,0.134,7.474457122980421e-60,40,LMAN1
3.0998359842548825e-64,0.41660159073399383,0.446,0.167,9.40924214660727e-60,40,IRF2BP2
3.412020707615449e-64,0.4326512963028081,0.391,0.135,1.0356847655895934e-59,40,SYNE1
6.200862968801641e-64,0.40354433041870486,0.371,0.125,1.8822099455500501e-59,40,LUZP1
1.4844144156306407e-63,0.37579715674460346,0.286,0.082,4.5057915172052465e-59,40,NFATC2
2.0680434237300464e-63,0.6273903306507017,0.639,0.309,6.277339008390183e-59,40,TUBA1A
2.446296693154126e-63,0.3445956160358279,0.341,0.109,7.425488982400034e-59,40,ATP2B4
3.210048254134843e-63,0.32710952681033123,0.298,0.086,9.743780470600903e-59,40,IFI6
8.852570723730633e-63,0.3757145451366572,0.383,0.133,2.6871093174811963e-58,40,KDELR1
1.2100301874833748e-61,0.35061997603443396,0.304,0.09,3.672925631087036e-57,40,ICAM1
1.2206430749746176e-61,0.2996870323886081,0.3,0.087,3.705139989777954e-57,40,LRP1
5.704378606930888e-61,0.5592309220845195,0.556,0.262,1.7315070823478017e-56,40,DDX21
3.73831975164248e-60,0.5304953918068516,0.992,0.913,1.1347295774135583e-55,40,VIM
1.7047363806029427e-59,0.8174152365635794,0.931,0.808,5.174556809682172e-55,40,S100A6
2.5603984041077597e-59,0.2862365457044213,0.27,0.077,7.771833315828694e-55,40,SNTB2
6.278457781733075e-59,0.31607433418230185,0.298,0.09,1.9057630750672576e-54,40,PMP22
1.1122375059763201e-58,0.6038509556564207,0.698,0.368,3.376085725640522e-54,40,GADD45B
3.007661082660201e-58,0.669331602634885,0.849,0.598,9.129454450306774e-54,40,XIST
4.492892210626162e-58,0.3741181266854579,0.399,0.145,1.3637725016134652e-53,40,PTMS
1.4009816670236023e-57,0.2944863276970283,0.282,0.084,4.252539752083442e-53,40,ADAM17
2.5862575659966576e-57,0.31594033620491757,0.282,0.085,7.8503262158262545e-53,40,RHOQ
7.389461739318954e-57,0.5793668985047372,0.738,0.432,2.2429972163528752e-52,40,PPIB
3.9866257654758924e-56,0.3281211664321467,0.306,0.097,1.2101003848525524e-51,40,BEX3
1.52718320395685e-55,0.2934074957308451,0.284,0.085,4.635611897290622e-51,40,TNFAIP2
4.5436575849654804e-55,0.3408332001690004,0.363,0.125,1.379181823340422e-50,40,MYL9
8.912014946586102e-55,0.33667572790896605,0.347,0.122,2.7051530168867455e-50,40,ARFGAP3
1.2492338874500757e-54,0.42324807308208146,0.625,0.3,3.7919245419659596e-50,40,LGALS3
3.67148843848204e-54,0.3752336353972809,0.367,0.135,1.1144436006168384e-49,40,NFAT5
8.249344389903023e-54,0.4486332754290775,0.552,0.261,2.504005996111164e-49,40,YWHAE
1.0328799456186366e-53,0.2851536168323674,0.413,0.151,3.1352037869308096e-49,40,SELENOP
6.572778209638466e-53,0.32707339637892097,0.333,0.116,1.99510109775366e-48,40,MAP4
9.117078300382188e-53,0.2630387372431935,0.254,0.074,2.767397947298009e-48,40,MEF2A
5.042049845806727e-52,0.3989087650129333,0.472,0.202,1.5304638101961738e-47,40,ZBTB20
7.743242984555883e-52,0.4955818076662258,0.528,0.25,2.350383975532093e-47,40,TOP1
4.022360106674587e-51,0.4617736899987168,0.429,0.182,1.2209471867800041e-46,40,HIF1A
6.341872053147317e-51,0.3524133945941255,0.502,0.215,1.9250118430123367e-46,40,NPC2
2.293446568863156e-50,0.39090297470386526,0.29,0.094,6.961527715127223e-46,40,IGFBP3
3.6128872632115724e-50,0.42557613029034047,0.442,0.19,1.0966557998752407e-45,40,GOLGA4
3.6819228203799364e-50,0.36823187089396253,0.393,0.155,1.1176108528981259e-45,40,IL6ST
5.325970829846941e-50,0.44499323152777626,0.986,0.974,1.6166451856917404e-45,40,RPL6
9.655622346883484e-49,0.253902550321514,0.252,0.077,2.930867607173013e-44,40,JAZF1
1.666232598346185e-48,0.4534966491584763,0.456,0.202,5.05768242902001e-44,40,TLE4
2.0455697831290118e-48,0.4345500270679107,0.472,0.214,6.209122519709802e-44,40,TUBB
3.761324132874194e-48,0.3936405957233302,0.405,0.165,1.141712327292633e-43,40,GADD45A
6.025419956013477e-48,0.42473602744298106,0.397,0.165,1.828955973448331e-43,40,LRPAP1
6.20721425432016e-48,0.38813553434836356,0.468,0.209,1.884137814756341e-43,40,CANX
2.488197799904586e-47,0.34553830141160363,0.407,0.164,7.55267560183038e-43,40,MAF
7.097504781024787e-47,0.30094919907230866,0.28,0.094,2.154376601232264e-42,40,ATP2A2
2.341154663442974e-46,0.3351353547645447,0.365,0.143,7.106340865414804e-42,40,ATXN1
3.722064074673309e-46,0.48223575694575116,0.597,0.317,1.1297953292263361e-41,40,ANXA2
4.650921493876227e-46,0.27600734158275086,0.268,0.088,1.41174071025119e-41,40,NPEPPS
3.685583871723262e-45,0.4098255492707583,0.47,0.213,1.1187221284228789e-40,40,PHLDA1
1.2522957677678518e-44,0.46871894380067136,0.734,0.464,3.8012185734825375e-40,40,COX6C
2.4820848613827146e-44,0.3557402124885422,0.458,0.204,7.534120388241092e-40,40,CDKN1A
3.455478030130863e-44,0.36165739480930476,0.317,0.119,1.0488758012659222e-39,40,SLC25A37
3.5041037736894404e-44,0.3645764213068086,0.383,0.16,1.0636356594656928e-39,40,KMT2A
7.227871042125849e-44,0.4461251453168673,0.554,0.291,2.1939479761268802e-39,40,NSA2
7.807974206931174e-44,0.28971182864581657,0.296,0.106,2.3700324907718885e-39,40,BACH1
9.917656145556277e-44,0.5185558306333216,0.903,0.738,3.0104053464221524e-39,40,HMGB1
1.4372314725140215e-43,0.3690385461550766,0.456,0.206,4.3625724116690605e-39,40,MORF4L2
6.573514145813189e-42,0.3453900676195022,0.381,0.162,1.9953244838201354e-37,40,BTG3
9.565786807464939e-42,0.2827743418544738,0.552,0.268,2.9035989275379076e-37,40,PSAP
2.2358283694606681e-41,0.27837013071708594,0.29,0.106,6.786633432660912e-37,40,ETNK1
2.6597616079033636e-41,0.3962195446753545,0.976,0.972,8.07344038462987e-37,40,RPS11
3.6719144042913e-40,0.3389196906701106,0.339,0.138,1.1145728982785812e-35,40,RB1CC1
1.1623835286201686e-39,0.29535090337875286,0.385,0.164,3.52829896277366e-35,40,PIM3
2.7237184173209764e-39,0.2942695902705737,0.304,0.117,8.267574883936092e-35,40,PTEN
1.0016230113369722e-38,0.329737566988408,0.361,0.155,3.0403264886122457e-34,40,TSC22D2
1.0618994866225913e-38,0.3537791605532582,0.526,0.265,3.223289701694214e-34,40,SLC38A2
1.469998116281296e-38,0.26173525933581576,0.28,0.103,4.462032282160246e-34,40,ELMSAN1
3.0282482377881363e-38,0.3392064827530421,0.389,0.174,9.19194470098211e-34,40,RBMS1
1.1778848713449943e-37,0.2649711909422968,0.278,0.105,3.575351738480596e-33,40,CAMTA1
1.3430857778351195e-37,0.2583051687004013,0.278,0.103,4.076802570040722e-33,40,PTTG1IP
5.934196032314828e-37,0.5137704696469487,0.53,0.29,1.801265863648843e-32,40,VMP1
6.111275823187272e-37,0.3406683765493296,0.373,0.164,1.8550166633702645e-32,40,MT-ATP8
1.4126101311094923e-36,0.25458590456839214,0.258,0.094,4.287836791969753e-32,40,DUSP5
1.7614668745699726e-36,0.27037193298451956,0.298,0.117,5.346756551069694e-32,40,ZYX
2.4455977326230767e-35,0.4320002901282014,0.631,0.373,7.423367357604087e-31,40,TIMP1
3.3980740701497993e-35,0.38333070249615214,0.492,0.257,1.03145140325327e-30,40,ARF4
4.192002464425905e-34,0.2846284382529998,0.304,0.125,1.272440428051839e-29,40,CD59
4.9444279851406245e-34,0.38151390224866294,0.383,0.179,1.5008316706095852e-29,40,SLC5A3
8.226550507311969e-34,0.26284095253054895,0.48,0.234,2.497087140989475e-29,40,CEBPB
3.377128766513625e-33,0.36213100789725683,0.978,0.971,1.0250936657875457e-28,40,RPL10A
3.41009524598362e-33,0.2715169609846836,0.304,0.126,1.035100310965868e-28,40,SMAD7
8.558118687401007e-32,0.2999442416007797,0.361,0.161,2.5977313463737016e-27,40,RHOB
1.0547432998945512e-31,0.289665217229292,0.387,0.184,3.2015678124999205e-27,40,TTC3
2.8482535417234233e-31,0.3112672546838448,0.409,0.199,8.64558880054728e-27,40,SELENOM
9.975624796730772e-31,0.2928439776999589,0.327,0.147,3.028001150799659e-26,40,EIF4E
2.3140111166119076e-30,0.3822884666662605,0.54,0.296,7.023949343363784e-26,40,NR4A1
2.432624072685575e-30,0.3135948036882814,0.998,0.991,7.383987110229794e-26,40,RPL37
1.937423505158632e-29,0.2866173905568895,0.292,0.126,5.880855307558511e-25,40,REV3L
2.3430382398946404e-29,0.5815206123480066,0.431,0.239,7.112058273376191e-25,40,PLIN2
3.428500412677849e-29,0.32239665200970924,0.78,0.512,1.0406870152642342e-24,40,PPP1R15A
8.805578960272005e-29,0.3264887444768456,0.855,0.639,2.6728454376009645e-24,40,KLF6
1.8311862408350084e-28,0.2961656525113563,0.994,0.99,5.558382715430585e-24,40,RPS6
1.1009970319478448e-27,0.2968721847528859,0.992,0.993,3.341966390774488e-23,40,RPL26
1.8582913647209157e-26,0.277514518301497,0.379,0.194,5.640657608473868e-22,40,PDIA6
2.940206000175291e-26,0.3291360173797834,0.496,0.29,8.924701292932077e-22,40,SEC62
1.0539080434774097e-25,0.2722889168502961,0.417,0.223,3.199032475171329e-21,40,UBXN4
2.516835766151265e-25,0.3826833671636052,0.752,0.595,7.639603284575551e-21,40,ZFAS1
3.445422417249651e-25,0.3837122170152516,0.478,0.282,1.0458235205319591e-20,40,JMJD1C
1.031519365585616e-24,0.27903980340117635,0.417,0.224,3.1310738822985786e-20,40,MACF1
1.0903724385439513e-24,0.3006329411010865,0.496,0.29,3.3097164999563096e-20,40,ST13
2.0272776582639876e-24,0.30113161801394456,0.383,0.197,6.153598603894508e-20,40,AC020916.1
2.2305135413590967e-24,0.3038612272842487,0.589,0.375,6.770500803441402e-20,40,MORF4L1
2.4587012768079563e-24,0.2677416434453922,0.419,0.228,7.46314185562287e-20,40,CSRNP1
5.7208657439832415e-24,0.336531496810098,0.494,0.299,1.7365115879286732e-19,40,ARGLU1
5.96889179088042e-24,0.25756158972528387,0.298,0.143,1.8117974142038427e-19,40,PTPN1
2.215622715771257e-23,0.2824617401363161,0.643,0.416,6.725301191452074e-19,40,IFITM2
4.03657946269797e-23,0.31403198756378314,0.567,0.368,1.2252633301073417e-18,40,SEC61B
4.1980565988319236e-23,0.2663883899666688,0.355,0.184,1.274278100009442e-18,40,SOCS3
2.1507891629513154e-22,0.2589910381628431,0.998,0.995,6.528505425222423e-18,40,RPS24
4.731877855832691e-22,0.3218490220796202,0.812,0.663,1.436314204359455e-17,40,EEF2
1.5121900839349603e-21,0.26163576623799106,0.415,0.236,4.5901017807761786e-17,40,SEM1
2.654790006690523e-21,0.2555163387581434,0.992,0.988,8.058349586308414e-17,40,RPL37A
9.49800096614072e-21,0.3684545970020703,0.845,0.763,2.883023213262354e-16,40,FOS
1.1719977109085121e-20,0.27794067799403843,0.522,0.327,3.557481851691698e-16,40,C12orf57
3.7187475127905756e-20,0.2784627059293021,0.94,0.903,1.1287886200324514e-15,40,RPLP0
7.171621075123937e-20,0.2917556292633686,0.496,0.313,2.1768738611431197e-15,40,RBM25
1.6914441414508886e-19,0.26721491523700713,0.488,0.31,5.134209546960027e-15,40,PCBP2
3.2564863130683383e-18,0.260623131090129,0.496,0.319,9.884738554687635e-14,40,SEC61G
5.0003491048074854e-18,0.2512880001666008,0.476,0.301,1.517805967273264e-13,40,BRD2
9.002109946988874e-18,0.3557039440074101,0.698,0.545,2.7325004533090027e-13,40,MT-ND4L
2.6410163266731116e-17,0.2523808110597697,0.498,0.318,8.016540957983562e-13,40,LITAF
3.0352943856840865e-17,0.2686121139023415,0.597,0.414,9.213332578305476e-13,40,PRRC2C
6.59141703364138e-17,0.3309417220871653,1,0.994,2.0007587263915045e-12,40,MALAT1
6.80310149144018e-17,0.3505151660652126,0.659,0.471,2.065013426711752e-12,40,HNRNPU
1.8238009383882096e-16,0.28558067670579923,0.625,0.458,5.535965368383571e-12,40,HNRNPC
3.5698237377926245e-16,0.2582412708997448,0.577,0.407,1.0835842973695732e-11,40,EMP3
7.668628784656675e-16,0.2565214252973975,0.494,0.323,2.327735581294687e-11,40,SQSTM1
0,3.8884852607898637,0.992,0.134,0,41,SFRP4
0,2.585549004071593,0.995,0.311,0,41,COL3A1
0,2.163721092072526,0.944,0.117,0,41,IGF1
0,2.0278823942875728,0.891,0.031,0,41,MMP11
0,1.9051504026019117,0.719,0.092,0,41,SERPINE1
0,1.6894533072831026,0.91,0.131,0,41,MDK
0,1.5384785057638546,0.769,0.03,0,41,DIO2
0,1.5338278621045882,0.95,0.152,0,41,SNHG29
0,1.475549379876651,0.878,0.117,0,41,RND3
0,1.4089135515545699,0.846,0.054,0,41,PGR
0,1.3716509532405923,0.748,0.12,0,41,SOX4
0,1.340509499862353,0.825,0.085,0,41,PGRMC1
0,1.2838541080275947,0.793,0.069,0,41,THY1
0,1.2529651009473335,0.658,0.078,0,41,ERRFI1
0,1.2517299656319592,0.809,0.133,0,41,VCAN
0,1.2387113039185778,0.748,0.047,0,41,CD24
0,1.2339542829190395,0.857,0.112,0,41,RAMP1
0,1.2269188105814757,0.708,0.076,0,41,CCN1
0,1.226328577690785,0.838,0.143,0,41,GAS5
0,1.196150944687938,0.687,0.092,0,41,OGN
0,1.1245398495727892,0.846,0.15,0,41,COL6A1
0,1.0657033205202695,0.679,0.068,0,41,SFRP1
0,1.053227014715943,0.658,0.07,0,41,GJA1
0,1.046445240988538,0.806,0.122,0,41,NME2
0,1.0086510809310911,0.666,0.088,0,41,LIMA1
0,0.9993929756815041,0.602,0.04,0,41,CRABP2
0,0.9667237581771638,0.623,0.034,0,41,ECM1
0,0.9536349296705635,0.655,0.043,0,41,ESR1
0,0.9256474857948582,0.629,0.051,0,41,TBX3
0,0.9154809351248139,0.7,0.078,0,41,PALLD
0,0.9035514664130427,0.594,0.026,0,41,HELLPAR
0,0.9023744906479753,0.703,0.103,0,41,TCF4
0,0.8963604550511302,0.631,0.071,0,41,ALDH1A1
0,0.8814420364296793,0.631,0.075,0,41,PRSS23
0,0.8778091833156172,0.592,0.068,0,41,CKB
0,0.8585012621024947,0.581,0.074,0,41,MICOS10
0,0.8378447670642387,0.536,0.05,0,41,TCEAL7
0,0.8354865820427076,0.517,0.06,0,41,TNFRSF12A
0,0.8351685232736032,0.663,0.067,0,41,SNHG32
0,0.8204656920336824,0.621,0.066,0,41,RORB
0,0.806458603207726,0.613,0.069,0,41,COL14A1
0,0.8047815172813589,0.554,0.027,0,41,NREP
0,0.7873311021167354,0.472,0.03,0,41,EDNRA
0,0.7842608040112691,0.554,0.036,0,41,ZNF704
0,0.7456831967359768,0.602,0.071,0,41,COL4A2
0,0.6989435668919882,0.584,0.061,0,41,COL5A1
0,0.6754803779020709,0.469,0.021,0,41,LTBP1
0,0.6701306922348349,0.504,0.053,0,41,SDC2
0,0.6657459663533672,0.454,0.03,0,41,LONRF2
0,0.6645133809589453,0.525,0.057,0,41,COL5A2
0,0.6576961294452668,0.499,0.054,0,41,CDH11
0,0.642430121323933,0.512,0.055,0,41,SEPTIN2
0,0.6392668803093083,0.454,0.021,0,41,ADAM12
0,0.6194346784726887,0.446,0.042,0,41,ZNF516
0,0.6051458846960504,0.419,0.03,0,41,PTCH1
0,0.6033160599753802,0.459,0.036,0,41,AOPEP
0,0.586866425287452,0.369,0.03,0,41,TUBB3
0,0.5852928779296922,0.369,0.009,0,41,KCNIP4-IT1
0,0.5841783849523308,0.424,0.023,0,41,COL27A1
0,0.5766250074943939,0.408,0.021,0,41,WNT2
0,0.5496938958902625,0.416,0.036,0,41,AR
0,0.5387562319661156,0.398,0.022,0,41,TPBG
0,0.5283177016340967,0.387,0.025,0,41,GASK1B
0,0.5262277393832815,0.31,0.011,0,41,TNC
0,0.5119421755002832,0.406,0.032,0,41,PAMR1
0,0.49219170380332905,0.366,0.02,0,41,LSAMP
0,0.4864694454525138,0.361,0.019,0,41,RAI14
0,0.4745645760160506,0.334,0.018,0,41,GUCY1A2
0,0.47174807693999726,0.332,0.017,0,41,MIR100HG
0,0.46070022544458106,0.324,0.016,0,41,COL7A1
0,0.4464403219951806,0.332,0.025,0,41,RBP7
0,0.44539968169786526,0.31,0.019,0,41,PCSK5
0,0.42647479443069786,0.284,0.01,0,41,LAMP5
0,0.4001687679882102,0.294,0.01,0,41,DPP6
0,0.386808284414193,0.286,0.016,0,41,CDCA7
0,0.38523291178304364,0.279,0.017,0,41,MIR503HG
0,0.36629117825587293,0.265,0.007,0,41,HPSE2
0,0.3553645254138474,0.26,0.012,0,41,SRPX2
0,0.35174984558540073,0.255,0.012,0,41,TFAP2C
4.876487729318166e-308,0.4905640436613109,0.363,0.03,1.480209085357236e-303,41,WNT5A
2.890640800246624e-307,0.40255175451195263,0.31,0.022,8.774251085068602e-303,41,PRICKLE2
2.8157303620604692e-303,0.7151367427424726,0.586,0.075,8.546867940998348e-299,41,ISLR
6.154534382358158e-303,0.9869389397520323,0.759,0.127,1.8681473664209951e-298,41,SERPINH1
9.28658126967622e-303,0.3633558474899218,0.292,0.02,2.81884887859752e-298,41,SEZ6L2
1.8016344137815393e-301,1.4003391879205425,0.952,0.218,5.468681099592484e-297,41,SPARC
3.975871413311908e-298,0.39062660493482126,0.305,0.022,1.2068360087966966e-293,41,MFAP2
3.186853807477662e-293,1.8732821635060735,0.851,0.177,9.673376047217697e-289,41,IGFBP5
4.097679616586257e-293,0.7249548324337356,0.387,0.036,1.2438096708185925e-288,41,KRT19
2.9223562586952717e-292,0.9454798600834243,0.557,0.073,8.870520187643628e-288,41,GBP1
1.4623232615736303e-282,0.531259529184509,0.422,0.043,4.4387360281805974e-278,41,SPON1
1.9831542911734824e-281,1.284599418027025,0.912,0.2,6.019666535427989e-277,41,EEF1G
3.848609579882823e-278,0.4272597782347507,0.324,0.026,1.168206951877632e-273,41,WLS
1.656264881039736e-268,0.5586571726144539,0.438,0.048,5.027426419908014e-264,41,PPIC
1.9188368495706188e-267,1.4926372560059393,0.966,0.295,5.8244373731866565e-263,41,LAPTM4A
3.0655159811654896e-265,0.7559442822904103,0.637,0.1,9.305067209229726e-261,41,CALU
1.5074168797655726e-264,1.1498946257495881,0.626,0.098,4.575613196840419e-260,41,CAV1
1.0242201922447085e-263,0.6668555484891096,0.355,0.033,3.1089179715395884e-259,41,CCN2
7.099777576902896e-263,0.3614087685555632,0.271,0.019,2.155066485693105e-258,41,PRXL2A
1.1745253277477156e-261,0.450840091436929,0.363,0.034,3.565154179845416e-257,41,PTK7
2.1489036446961915e-261,0.6828808800134685,0.491,0.062,6.52278212311082e-257,41,TGFBI
1.0028321374633297e-260,0.5255590607897684,0.398,0.041,3.043996670056191e-256,41,TEAD1
8.374105730100118e-250,1.873895522312988,0.992,0.366,2.5418760533145897e-245,41,COL1A1
3.4006115881384755e-247,1.304572488714875,0.639,0.111,1.0322216414635528e-242,41,EMP1
5.52159698997264e-245,1.5741156170566388,0.958,0.309,1.6760255503362953e-240,41,COL1A2
2.9357146143087036e-243,0.5242939559084407,0.382,0.041,8.911068140272639e-239,41,EMX2
1.1197431748842303e-241,0.4913884966258359,0.345,0.034,3.398868433043593e-237,41,SAMD4A
1.0146376470993467e-240,0.5687962380655465,0.419,0.049,3.079831114005357e-236,41,PKIG
2.2001594040111686e-240,0.6293923968019108,0.491,0.066,6.678363854935501e-236,41,MAP3K20
1.3668351146784634e-239,0.35709656900741443,0.289,0.024,4.148891307095008e-235,41,TUSC3
8.707017137239036e-239,1.721737113804144,0.971,0.35,2.642927981837537e-234,41,IFITM3
1.28319942380101e-238,0.7609026994469699,0.517,0.074,3.8950235310055857e-234,41,IL1R1
6.44543551708273e-238,0.4934761284505687,0.401,0.045,1.9564474968552918e-233,41,SOCS2
5.987375551387149e-236,1.3345386741412253,0.907,0.243,1.817407974868055e-231,41,SPARCL1
1.6470122700574386e-235,0.4841764171458597,0.382,0.041,4.999341044532349e-231,41,ADAMTS9
2.8195558822797137e-235,0.5343514500957167,0.361,0.038,8.558479925071843e-231,41,CREB5
2.495905828578993e-232,0.8258191946641764,0.748,0.149,7.576072552068675e-228,41,RNASEK
1.6470331493181575e-230,0.7428503575919212,0.66,0.114,4.9994044214403355e-226,41,PCOLCE
4.353079583515078e-227,0.6465422086440515,0.554,0.085,1.3213337767801667e-222,41,FSTL1
3.675682722013248e-224,0.5099562869318472,0.443,0.057,1.1157167334399012e-219,41,TAX1BP3
5.337671647763581e-224,0.3850830583658675,0.318,0.031,1.6201968519621575e-219,41,TUG1
4.10495786171874e-222,0.6400827043207916,0.507,0.075,1.2460189093461063e-217,41,VCL
1.70361004591747e-221,0.4786194402733603,0.387,0.045,5.1711379333778885e-217,41,NRP1
5.279316454054906e-221,0.6772481923313687,0.515,0.077,1.6024837164638265e-216,41,WEE1
5.906779078304653e-221,0.5639765252862046,0.499,0.071,1.7929437214285943e-216,41,NID1
3.440272001811237e-219,0.6415906687712023,0.504,0.072,1.0442601634297828e-214,41,MRPS24
1.2386055979628914e-218,0.6800526519735599,0.578,0.096,3.759663432056561e-214,41,BEX3
1.1849001234167468e-212,0.897735151311757,0.65,0.123,3.5966458346191933e-208,41,TSC22D1
3.613616459671835e-211,0.5875001210651473,0.491,0.073,1.0968771401687888e-206,41,TCF12
8.017271493090475e-211,0.7368230761706778,0.586,0.102,2.4335625890126827e-206,41,TCEAL9
2.8410677104929715e-210,0.5357722410071883,0.39,0.048,8.623776928430365e-206,41,SEPTIN11
5.397884488137737e-209,1.0776745171379623,0.732,0.15,1.638473857529329e-204,41,MEG3
3.8909276060524553e-208,0.3559367308694585,0.257,0.022,1.1810521655411623e-203,41,FOXL2
7.757525537928912e-208,0.7668181074401017,0.66,0.128,2.354719301782942e-203,41,S100A13
2.55061226421451e-206,0.5994962925577996,0.501,0.077,7.742128466796724e-202,41,PLPP1
1.565762003793036e-202,0.49817329525809534,0.398,0.051,4.752713986313381e-198,41,SH3PXD2A
5.690900990616389e-201,0.38003398570436486,0.294,0.029,1.7274160866916988e-196,41,QPRT
1.5381275497900454e-195,0.8036807503188195,0.719,0.15,4.668832364632704e-191,41,RBP1
1.6848988489678092e-194,0.4931825236246263,0.355,0.043,5.114341966156888e-190,41,MMP19
3.4914255007473287e-194,0.6554870285219005,0.531,0.089,1.0597872964968442e-189,41,DST
4.95250637300984e-193,0.411582134133755,0.334,0.038,1.5032837844634066e-188,41,GNG10
3.5399837111088684e-192,0.3845197936446588,0.281,0.028,1.074526655669986e-187,41,SNAI1
1.545230326852506e-191,0.4204568687333927,0.35,0.042,4.690392134128097e-187,41,WWTR1
2.521498408880947e-190,1.0078022922343295,0.944,0.297,7.653756270317226e-186,41,LUM
7.9948380413783825e-188,0.3462828932109815,0.292,0.03,2.426753139079994e-183,41,GPX8
2.340930771463362e-187,0.4023420371297163,0.318,0.036,7.105661263699889e-183,41,ALDH1A2
6.145669813067786e-187,1.8248248640119347,0.992,0.701,1.8654566150585955e-182,41,LGALS1
8.384619325045037e-187,0.5558334611962478,0.488,0.079,2.5450673499241708e-182,41,CNN3
9.41949727944484e-186,0.840498982161989,0.61,0.125,2.8591942042026867e-181,41,REV3L
8.934533440321162e-184,0.6606348261466112,0.586,0.109,2.7119882804750856e-179,41,SEPTIN7
4.769762169524792e-182,0.3771128192730649,0.294,0.032,1.4478136089375555e-177,41,LHFPL2
4.0734603925931944e-181,0.6898492730598247,0.57,0.109,1.2364581675677382e-176,41,KLF10
6.040001774446209e-179,0.6996644572253174,0.546,0.102,1.8333821386154021e-174,41,ETS2
1.638145839775564e-177,0.5194133224225262,0.329,0.04,4.972427882054747e-173,41,MAP1B
1.10958079586561e-176,0.4969081405906145,0.446,0.069,3.3680215477704725e-172,41,CPXM1
7.416258481291494e-175,0.44254473291109764,0.347,0.045,2.25113109941122e-170,41,MITF
2.7229624423232544e-174,0.536327371254977,0.472,0.077,8.265280197428006e-170,41,SNHG16
5.310639723080568e-174,0.38285443931764157,0.318,0.038,1.6119915815438758e-169,41,MAGED1
1.8070506052863202e-173,1.2943437734986327,0.886,0.309,5.485121407286096e-169,41,TUBA1A
4.991762725001437e-172,0.46538203689409186,0.427,0.065,1.5151996575469363e-167,41,OLFML3
1.1082036047013588e-170,0.5031982376830877,0.408,0.061,3.363841221710505e-166,41,COL4A1
3.121684742474871e-169,0.4695496627326806,0.403,0.06,9.475561867308224e-165,41,DAB2
5.771725982963779e-165,0.44177763771120726,0.374,0.053,1.7519497048688254e-160,41,FBN1
2.0260712781792226e-164,0.6035929785571306,0.517,0.096,6.149936757785212e-160,41,NR2F2
2.464752820174547e-163,0.45102623002051634,0.34,0.046,7.48151071035782e-159,41,HSPA2
3.3448420091304685e-162,0.3491703863654742,0.284,0.033,1.0152933434514624e-157,41,FKBP7
1.355050997223772e-161,1.0583772096622155,0.698,0.174,4.1131217969730377e-157,41,KCNQ1OT1
2.2392982519018726e-161,0.6482142462890881,0.615,0.135,6.797165913822944e-157,41,PMEPA1
5.250127183476739e-160,0.5874290701584548,0.43,0.072,1.5936236052725293e-155,41,KDM5B
2.26611534253002e-158,0.3298499533393805,0.26,0.028,6.878566510715623e-154,41,P4HA2
9.038505527682526e-158,0.3188411204961551,0.255,0.027,2.743547967872754e-153,41,GREB1
6.086272012921127e-157,0.3204026764582928,0.273,0.031,1.847427006802079e-152,41,RBFOX2
2.5720311180213765e-153,0.3405071529843993,0.255,0.028,7.807143255642086e-149,41,GATA2
1.4339319476119742e-152,1.4129108642599018,0.984,0.607,4.3525570337813865e-148,41,RPL17
3.045686399067722e-150,1.0637977907909966,0.793,0.256,9.244876495730164e-146,41,NUCKS1
6.500157788129866e-150,1.1367768440283388,0.902,0.355,1.9730578950089392e-145,41,TXN
1.554566547860947e-148,0.5805309374356633,0.647,0.148,4.718731299377119e-144,41,SERPINF1
6.271304991369867e-148,0.37023285799331274,0.31,0.041,1.9035919170804094e-143,41,RBIS
1.9820140215592492e-147,1.3638209530565908,0.947,0.429,6.0162053610409455e-143,41,EGR1
2.264477509176054e-147,0.8174073885273035,0.501,0.099,6.873595031352995e-143,41,GADD45G
5.861015456145405e-147,0.4311985716827377,0.363,0.056,1.7790526315583763e-142,41,S100A16
4.831457893080944e-146,0.6668522145549618,0.629,0.154,1.46654072886579e-141,41,GABARAP
1.2301995636060291e-145,0.9708714004240449,0.775,0.25,3.7341477553697406e-141,41,TPM4
2.4118050185769583e-144,0.5766196188040151,0.581,0.133,7.3207929533885e-140,41,KDELR1
3.656928198809296e-143,0.6264853754062506,0.578,0.134,1.1100239854665736e-138,41,LMAN1
1.0326792379455043e-142,1.2928225533562125,0.912,0.37,3.1345945588597833e-138,41,HSPB1
1.525039021364803e-142,0.5715436796558121,0.39,0.065,4.6291034454507234e-138,41,PLAT
4.587459102001236e-141,0.3934783583485084,0.324,0.047,1.3924773358214551e-136,41,NECTIN2
4.65923078266182e-140,0.4550640614412347,0.374,0.061,1.4142629117691688e-135,41,SLC39A6
2.817879241698813e-139,0.40951623179577323,0.35,0.054,8.553390650252576e-135,41,FHL2
6.330242813008758e-139,0.539083016750886,0.504,0.101,1.9214819034606783e-134,41,COL6A3
1.7593766601325818e-138,0.4326629748246553,0.385,0.064,5.340411914166439e-134,41,TOMM6
4.0658055621364884e-138,0.5539524848131674,0.294,0.04,1.2341346203309097e-133,41,TCIM
3.353565826842727e-137,0.4035090331358472,0.361,0.058,1.0179413710798414e-132,41,CBX1
4.580328175715959e-137,0.309482308470956,0.263,0.032,1.3903128144568223e-132,41,CLMP
1.1296240100508796e-136,0.3978671168517799,0.347,0.054,3.4288607201084397e-132,41,KANK2
3.1001289925494792e-136,0.4291184235349162,0.374,0.062,9.410131543984689e-132,41,RCN1
1.9857231442859988e-135,0.5166820956917917,0.554,0.12,6.027464032165721e-131,41,SNHG6
2.1227943383483327e-135,0.40435847119245144,0.363,0.059,6.443529934622529e-131,41,MLF1
3.900306040831591e-135,0.38522239271792286,0.326,0.049,1.183898895634021e-130,41,GCSH
3.943544307356068e-135,0.36785737469800284,0.271,0.035,1.197023439054861e-130,41,ALCAM
4.635064946026589e-135,0.32670227310389777,0.263,0.033,1.4069276137169107e-130,41,SNHG14
5.884813459946407e-134,0.3591527427667267,0.3,0.042,1.7862762776321323e-129,41,PDLIM4
1.08997329151168e-133,0.4949951267409868,0.462,0.091,3.308504929054554e-129,41,APP
1.4052780459105286e-133,0.4336885023586692,0.422,0.077,4.265580980556819e-129,41,PBX1
1.4974233247083407e-133,0.39551383910031673,0.324,0.049,4.5452787598196976e-129,41,CHSY1
7.13388101425583e-133,0.5262607737159812,0.48,0.1,2.1654182430672146e-128,41,MAGED2
8.00357306760582e-132,0.7462694769637926,0.623,0.16,2.4294045689410706e-127,41,RHOB
2.358392724088076e-131,0.5715639811037758,0.562,0.13,7.1586652746969455e-127,41,MARCKS
3.332934838587616e-131,0.5732897904470282,0.538,0.125,1.011679040904885e-126,41,SEC31A
5.995011064923126e-131,0.8378972586525795,0.809,0.281,1.8197256586467656e-126,41,ANXA5
1.0353399230941407e-129,0.6409683495727332,0.629,0.167,3.1426708025599544e-125,41,IRF2BP2
1.1353914699380234e-129,0.4368071463644636,0.618,0.145,3.446367267849876e-125,41,FBLN1
1.2243964020076091e-129,0.5301194256705217,0.483,0.103,3.7165328386538964e-125,41,MBNL2
1.820548752438786e-129,0.31708710357382963,0.257,0.033,5.526093683152691e-125,41,PDPN
2.4416567719377877e-129,0.8769366202786884,0.849,0.304,7.41140496553996e-125,41,MIF
1.7564168503258712e-128,0.3276458302701738,0.271,0.036,5.33142770747915e-124,41,CTNND1
5.927153357829277e-128,0.40144113377152135,0.281,0.039,1.7991281302354988e-123,41,LAMA4
8.168914689627756e-128,0.3432242427157446,0.279,0.038,2.479592364889609e-123,41,HOXA10
2.2341634226221913e-127,0.32332121800391345,0.265,0.035,6.7815796530274e-123,41,CKAP4
2.344000028180109e-127,0.39976739943091916,0.358,0.06,7.114977685537903e-123,41,PRRX1
1.5403377737735182e-126,0.35053361273667494,0.292,0.042,4.675541278512137e-122,41,MMP14
1.818117671223934e-126,0.3700637862953855,0.321,0.05,5.518714379233129e-122,41,DDR2
9.393622815459903e-126,0.996133136535533,0.973,0.553,2.851340269404699e-121,41,CD63
3.2016346119868424e-125,0.42246900207690163,0.416,0.079,9.71824170122486e-121,41,CAVIN1
4.546158926895663e-125,0.32454280820410886,0.273,0.038,1.3799410806699094e-120,41,PARVA
3.379505205001425e-122,0.42848219475635585,0.371,0.067,1.0258150099261326e-117,41,CLIC4
1.0845916160499446e-120,0.46904307494227804,0.422,0.085,3.292169391358002e-116,41,PDS5B
1.554850920239577e-120,0.3188026197253627,0.26,0.035,4.719594483295212e-116,41,PEMT
3.0246735286099694e-120,0.5359258208217401,0.642,0.167,9.181094028742701e-116,41,COL6A2
7.057697830178785e-120,0.46269343735419977,0.438,0.09,2.1422935993724683e-115,41,PMP22
2.4772669742232664e-119,0.9751364284245441,0.984,0.748,7.519496173557303e-115,41,ITM2B
3.453124613421727e-119,0.41994441667040305,0.379,0.069,1.048161445158031e-114,41,FN1
1.1056354561623992e-116,0.4260638187346425,0.435,0.088,3.3560458636353463e-112,41,PDGFRA
2.2166494935951268e-116,0.3527562372468645,0.326,0.055,6.728417872858648e-112,41,SPIN1
2.2481597614384592e-116,0.5611469624508746,0.554,0.137,6.824064139870299e-112,41,SPON2
3.203394384752853e-116,0.3609147760294078,0.305,0.048,9.72358331547881e-112,41,FERMT2
1.42375645598852e-115,1.0694176217284816,0.525,0.134,4.3216703465075535e-111,41,STMN1
2.2266752923313378e-115,0.46619355182325745,0.395,0.078,6.758850182342542e-111,41,NRIP1
3.0918689685407433e-114,0.8360550523038208,0.912,0.381,9.385059067108572e-110,41,RPS17
1.0369337176160311e-113,0.4281389651648972,0.385,0.075,3.147508606451701e-109,41,BCAP29
1.939555570781228e-113,0.33863228493817993,0.265,0.039,5.887326979549339e-109,41,HAND2-AS1
3.592559855367173e-113,0.4366419015935698,0.35,0.064,1.0904856184981517e-108,41,PLEKHA5
6.209173730187273e-113,0.4625472014278206,0.446,0.095,1.8847325940610447e-108,41,ATP6V0C
2.66047323268288e-112,0.5545852753953767,0.528,0.134,8.075600450485613e-108,41,RRBP1
9.571076389739271e-112,0.9075209119146684,0.859,0.374,2.9052045273414583e-107,41,HSP90B1
2.2379561199033446e-111,0.4105526606337334,0.292,0.047,6.793092006354612e-107,41,PLK2
3.728697493802632e-111,0.756140853917251,0.828,0.307,1.1318088372688508e-106,41,EIF4A1
2.918928964755411e-110,0.3085988269895377,0.26,0.038,8.860116979618573e-106,41,ITPRIPL2
4.928802913716526e-110,0.33921801751486236,0.271,0.041,1.4960888364295142e-105,41,MME
4.809041188676211e-109,0.869177848567132,0.899,0.432,1.4597363624107772e-104,41,PPIB
1.997821899084326e-108,0.3324205606129408,0.255,0.037,6.064188592480563e-104,41,PSD3
1.7051568438051988e-106,0.5524864492001066,0.3,0.051,5.1758330836863005e-102,41,ADM
1.8093887463958128e-106,0.5226163688116725,0.448,0.1,5.49221860080985e-102,41,GEM
2.3855737163905157e-106,0.8775258203276474,0.775,0.29,7.24117045873177e-102,41,VMP1
4.22506602902496e-105,0.5357481292087445,0.35,0.067,1.2824765424502363e-100,41,PTN
1.7420915740925255e-101,0.5788404877441568,0.515,0.132,5.287944764000452e-97,41,THBS1
1.4442618406530974e-100,0.31552656452690325,0.268,0.043,4.383912391118412e-96,41,ANTXR1
1.9330304055085112e-100,0.2862688455804809,0.255,0.039,5.867520492880535e-96,41,TMEM9
3.732263976182059e-100,0.39638255004545797,0.34,0.066,1.1328914073303022e-95,41,RAB31
8.798581232732444e-100,0.4155106111268986,0.337,0.065,2.6707213473836058e-95,41,RASD1
9.089398519556637e-100,0.6071303235422096,0.504,0.135,2.7589960266262215e-95,41,SYNE1
1.810008697078577e-99,0.3233904511591803,0.268,0.043,5.494100399112313e-95,41,SSPN
2.6321627161453426e-99,0.4782455949775673,0.557,0.152,7.989666708587573e-95,41,FCGRT
3.1913004102340335e-99,0.3929452725264527,0.294,0.051,9.686873265224385e-95,41,ARC
6.052632255876347e-98,0.3800339225750823,0.467,0.11,1.8372159949487063e-93,41,MMP2
1.438797316713666e-97,1.0309953993181376,0.875,0.454,4.367325375152662e-93,41,ZFP36L1
9.270401432003242e-97,0.5384818457957361,0.504,0.132,2.813937650670264e-92,41,MYC
4.065488656057448e-96,0.5338289787589696,0.504,0.138,1.2340384266596777e-91,41,ZBTB38
1.1651361796648149e-95,0.31481173998441137,0.268,0.044,3.536654359754579e-91,41,APCDD1
2.1413278003056633e-95,0.3797412521027195,0.345,0.07,6.49978640504781e-91,41,TMEM106B
5.855554953063438e-95,0.3475776870991667,0.34,0.068,1.777395150452876e-90,41,SARNP
5.8890359350769066e-95,0.5370245911500549,0.485,0.13,1.7875579677332442e-90,41,ARMCX3
8.909418726475136e-95,0.4904835516298567,0.363,0.078,2.7043649602342626e-90,41,MIR222HG
1.1939389845058866e-94,0.46251928352851174,0.485,0.121,3.6240823935691682e-90,41,SNHG5
1.7510315638411093e-94,0.35837670862369647,0.316,0.06,5.315081208883303e-90,41,SMAD5
2.5935108369056166e-94,0.49568436281314177,0.408,0.097,7.87234279434331e-90,41,UGCG
2.7174236715726993e-93,0.3271359609402411,0.289,0.052,8.248467812691772e-89,41,MIB1
1.158769618682215e-92,0.3003294314487216,0.289,0.052,3.5173293005479953e-88,41,CD248
4.552484711181242e-92,0.35316992634299754,0.324,0.063,1.3818612092319542e-87,41,CTSK
1.268545843270155e-91,0.2949619946178884,0.271,0.047,3.850544052662229e-87,41,CIAO2B
1.8211410641613332e-91,0.6251595320190368,0.69,0.25,5.527891586155311e-87,41,LY6E
1.4788092471702003e-90,0.4754205868675162,0.424,0.106,4.488777588860426e-86,41,BACH1
1.5670171503185039e-90,0.40300095712492945,0.422,0.099,4.756523858076786e-86,41,LINC-PINT
1.0382017778469647e-89,0.37758056534433415,0.334,0.069,3.1513576764766763e-85,41,PPP1R14A
2.6697781942205665e-89,0.32256252132259977,0.297,0.057,8.103844730737107e-85,41,ABI2
7.577458308074757e-89,0.2962965204914799,0.252,0.042,2.3000616948330114e-84,41,PEG3
9.095105719921022e-88,0.3604081728702131,0.294,0.057,2.7607283902248273e-83,41,ISOC1
2.0210535540097859e-85,0.6182526970078343,0.793,0.326,6.134705957841304e-81,41,C12orf57
6.776755686538059e-85,0.7632368441782658,0.984,0.827,2.0570164210917623e-80,41,H3F3A
1.0431475012411785e-84,0.31359515598880777,0.3,0.06,3.1663699252674734e-80,41,CDK4
1.1531187344728075e-83,0.465964896795384,0.507,0.148,3.50017660661876e-79,41,NORAD
2.1966730936171363e-83,0.3616686612787485,0.324,0.069,6.667781508365456e-79,41,SULF2
5.5712224542584026e-83,0.9164259977793197,0.812,0.368,1.6910888637655955e-78,41,GADD45B
1.0955990972179939e-82,0.30955371989387487,0.271,0.051,3.325581499695499e-78,41,RTL8C
1.706447483980952e-82,0.4429924545254995,0.485,0.14,5.179750692875781e-78,41,HSBP1
4.576366480348037e-82,0.41141788387072137,0.374,0.088,1.3891102814448431e-77,41,EGR3
9.013091438654238e-82,0.40403553078808974,0.345,0.079,2.7358337752891075e-77,41,DAAM1
1.3802826665800775e-81,0.5835743760124287,0.724,0.279,4.1897100061371675e-77,41,ITGB1
1.5670511562391806e-80,0.43147427809874617,0.549,0.164,4.756627079648409e-76,41,IGFBP4
6.285517481665142e-80,0.3001474518415266,0.289,0.056,1.9079059763846373e-75,41,H19
3.465995210465599e-78,0.2807735925542684,0.268,0.051,1.052068186184728e-73,41,TLE5
2.3363470345375808e-77,0.3267678132848705,0.363,0.085,7.091747788635373e-73,41,TGM2
2.7048552546314105e-77,0.8752254813777303,0.594,0.214,8.210317639908183e-73,41,TUBB
3.1341717703189998e-77,0.3437223487361303,0.334,0.077,9.513464991626292e-73,41,JAZF1
4.7109797203717174e-77,0.8569125174336818,0.92,0.598,1.4299707843216312e-72,41,XIST
2.482907588632921e-76,1.0419644564708428,0.95,0.738,7.536617694536368e-72,41,HMGB1
1.5716649806256005e-74,0.2994053143455882,0.279,0.058,4.7706318821909473e-70,41,GOLGA2
4.44013342768708e-74,0.32487551503441703,0.318,0.071,1.3477581006401362e-69,41,VEGFA
4.4599188688708795e-74,0.5856763698618604,0.668,0.267,1.3537637734570666e-69,41,CSNK1A1
7.200322018479689e-74,0.8105759604797516,0.905,0.512,2.1855857454893246e-69,41,PPP1R15A
8.21210796121601e-74,0.47216323329065807,0.515,0.169,2.492703250547508e-69,41,MTPN
1.1030369434784426e-73,0.3143739141268496,0.353,0.085,3.3481583382344645e-69,41,LGALS3BP
2.8211070596101293e-73,0.5372328220764585,0.589,0.211,8.563188368740587e-69,41,CCND2
3.645369705284636e-73,0.3092577091623483,0.316,0.072,1.1065155203420984e-68,41,C18orf32
7.397939836504833e-73,0.4815330288679345,0.456,0.132,2.245570657972677e-68,41,TPM1
1.4805390033340957e-72,0.6445196178440105,0.488,0.147,4.494028090720314e-68,41,PTGDS
3.579794819736259e-72,0.49718294001456315,0.605,0.221,1.086610919582744e-67,41,OSTC
3.725641732511161e-72,0.5639352071799952,0.592,0.202,1.1308812914864378e-67,41,ATF3
5.038936029370109e-72,0.6120173390698027,0.989,0.972,1.529518642355003e-67,41,RPS11
5.861523681505477e-72,0.40229768911572394,0.355,0.088,1.7792068982841726e-67,41,ADAMTS1
9.789198268847475e-72,0.3385890343314814,0.324,0.077,2.971413242525963e-67,41,TMEM263
2.757399936118703e-71,0.5473920594657182,0.653,0.257,8.369811766094711e-67,41,ARF4
6.195243991567746e-71,0.7594722648582068,0.95,0.66,1.8805043612004737e-66,41,FOSB
6.7446854340592765e-71,0.85397540544718,0.727,0.329,2.047281816654353e-66,41,HMGN2
2.0733280519175326e-70,0.4207906872972281,0.401,0.111,6.293379968790478e-66,41,TWISTNB
2.717250327312816e-70,0.2957449184331765,0.281,0.061,8.247941643525322e-66,41,RAB34
5.926878793282934e-70,0.7674000415708662,0.992,0.913,1.7990447889131016e-65,41,VIM
1.1705872351130153e-69,0.3293304415220565,0.31,0.072,3.5532004934620467e-65,41,OSR2
1.227367413946587e-69,0.422364655797838,0.523,0.165,3.7255510482934703e-65,41,TCEAL4
2.1409545394366542e-69,0.6604782022900968,0.82,0.389,6.49865340900602e-65,41,LMNA
2.4952062206118275e-69,0.27775597209358976,0.263,0.054,7.573948962045141e-65,41,TCF7L2
5.800539375617867e-69,0.35743784165586223,0.313,0.075,1.7606957220750474e-64,41,TUBB2A
8.971709468994663e-69,0.2879863454246885,0.265,0.056,2.72327269221864e-64,41,ARHGAP21
1.3771408153441138e-68,0.38758909632251215,0.294,0.068,4.180173230895523e-64,41,USP53
9.808357690742383e-68,0.2986227291186375,0.271,0.059,2.9772288934479425e-63,41,SUN1
1.4704449278394661e-67,0.26657391670172303,0.263,0.055,4.4633885339639156e-63,41,RUFY3
2.9051167411042626e-67,0.4434126905626211,0.485,0.161,8.818191355947879e-63,41,BANF1
4.641750555335974e-67,0.2929212259460746,0.286,0.065,1.4089569635666815e-62,41,CSNK1E
6.206149507468593e-67,0.48837674003813575,0.488,0.163,1.8838146214970168e-62,41,PIM1
3.147498520830713e-66,0.3806943295140035,0.401,0.115,9.553917010129547e-62,41,DDAH2
4.5638222224056774e-66,0.3004921874696479,0.345,0.087,1.3853025973890194e-61,41,LRP1
4.7217885281861566e-66,0.490483577269129,0.584,0.218,1.433251689845626e-61,41,SSR3
6.90184626769601e-65,0.3310077275217479,0.345,0.09,2.094986416096447e-60,41,NFIC
7.665309383459658e-65,0.44084896122324513,0.528,0.184,2.3267280102553443e-60,41,TTC3
2.609768554559604e-64,0.3200707427259415,0.987,0.575,7.921691470510222e-60,41,HSPA1B
5.5049479941194304e-64,0.28027830349019317,0.26,0.057,1.6709719141350118e-59,41,GPATCH2
8.230575667770429e-64,0.4697931513094204,0.56,0.206,2.498308938195036e-59,41,MORF4L2
9.533847982693916e-64,0.8694160460570077,0.963,0.763,2.8939042166669113e-59,41,FOS
3.361174420303838e-63,0.3455107201385874,0.308,0.077,1.020250883539027e-58,41,SNTB2
3.4717683041619565e-63,0.5003466213428525,0.549,0.202,1.0538205510453203e-58,41,ZBTB20
1.0051129939699925e-62,0.4916764126107255,0.533,0.199,3.0509199818965152e-58,41,PRDX2
1.5039139599930722e-62,0.4773063224386721,0.56,0.209,4.564980434162972e-58,41,CANX
2.3153031735397563e-62,0.5507898290253643,0.992,0.993,7.027871252962577e-58,41,RPS8
2.8116055787894587e-62,0.6311679669886798,0.992,0.92,8.534347573857523e-58,41,ACTG1
4.1947575320166165e-62,0.46335349212663407,0.377,0.111,1.2732767012683237e-57,41,TUBA1C
5.53359236034496e-62,0.3499678095385018,0.366,0.103,1.6796666250591091e-57,41,PTTG1IP
6.795987001804352e-62,0.6156268835323333,0.825,0.448,2.0628538945276932e-57,41,NAP1L1
7.331993514266582e-62,0.34404809409184717,0.324,0.085,2.225553311320478e-57,41,SMARCE1
1.1310021083444364e-61,0.33233805259168386,0.316,0.081,3.433043799668702e-57,41,AHCYL1
2.0218570950420297e-61,0.3390209626935732,0.408,0.119,6.137145026290577e-57,41,RARRES2
2.458780899473794e-60,0.6254891015655271,0.958,0.689,7.463383542262754e-56,41,DNAJB1
6.326854943214953e-59,0.2828250176014091,0.292,0.072,1.920453549463467e-54,41,RAB13
7.846945816982588e-59,0.348321787750844,0.316,0.084,2.3818619332868948e-54,41,MAPK6
2.892276326762692e-58,0.25200244511479636,0.252,0.057,8.779215562255475e-54,41,BDH2
6.283742348439687e-58,0.4890483127111943,0.793,0.39,1.9073671524453826e-53,41,SSR2
1.2328781743389458e-57,0.2729892740292778,0.297,0.076,3.742278410388436e-53,41,TMEM30A
1.3895416254467954e-57,0.29965224982245786,0.279,0.069,4.217814649881203e-53,41,GOPC
1.6040921280513973e-57,0.3511325339103658,0.382,0.116,4.869061245487211e-53,41,MAP4
1.7934367118351014e-57,0.3236186040930095,0.324,0.089,5.443797795104267e-53,41,PPP2R1A
2.673598744576526e-57,0.29291845622767,0.281,0.07,8.1154416292875865e-53,41,HDAC2
5.470040240644419e-57,0.3023667921806922,0.342,0.096,1.6603760146452068e-52,41,ZFYVE16
1.0490205272978162e-56,0.4390957495912371,0.499,0.179,3.1841969085597914e-52,41,SLC5A3
1.0564552642472135e-56,0.3402680666886844,0.294,0.077,3.206764309095992e-52,41,ZNF217
1.1542655364004278e-56,0.3378594893500618,0.382,0.117,3.503657609189858e-52,41,ZYX
3.648492037882454e-56,0.5156459928281958,0.995,0.989,1.1074632731788401e-51,41,RPL13A
4.176893530849592e-56,0.35537159189044254,0.576,0.215,1.2678542623540852e-51,41,NPC2
1.2349513228800992e-55,0.2791649903213773,0.257,0.062,3.7485712454702534e-51,41,ACTN1
1.2697014441418603e-55,0.3842941165328736,0.334,0.093,3.8540517635482025e-51,41,ID1
3.57264128987082e-55,0.36469468521869164,0.43,0.137,1.0844395371273886e-50,41,KLF4
8.580729653796866e-55,0.3741359144793269,0.427,0.143,2.6045946791135007e-50,41,ATXN1
1.1847596044907506e-54,0.39461293090776317,0.517,0.193,3.5962193034712244e-50,41,PDIA6
2.5240206028876308e-54,0.26336231906051816,0.265,0.066,7.661412138005114e-50,41,SPTLC1
3.004963510654936e-54,0.328459847087481,0.366,0.111,9.121266240241993e-50,41,HDLBP
4.494969986586746e-54,0.266737198725211,0.257,0.063,1.3644031897285408e-49,41,ZBTB10
4.570875899040727e-54,0.4723535014503934,0.597,0.253,1.3874436703948222e-49,41,EID1
4.606191151907859e-54,0.4419370401368029,0.509,0.197,1.3981632622501116e-49,41,HNRNPR
5.1295263533276154e-54,0.531090773063717,0.637,0.282,1.5570164292890644e-49,41,JMJD1C
7.841779742548081e-54,0.5369627065987601,0.984,0.903,2.3802938230530446e-49,41,RPLP0
1.037648645884498e-53,0.4328171927389155,0.703,0.315,3.149678699717805e-49,41,CD81
1.5675449716092192e-53,0.7300168836779058,0.541,0.221,4.758126006822624e-49,41,ARL6IP1
2.670300055610419e-53,0.3628817894076054,0.416,0.139,8.105428788799866e-49,41,AFF4
4.023902685421847e-53,0.32641538837523454,0.454,0.151,1.2214154211329475e-48,41,SELENOP
4.1245493432683644e-53,0.4169277209722555,0.549,0.217,1.2519657076556793e-48,41,KRTCAP2
1.1375817857094634e-52,0.2739132882762977,0.316,0.088,3.453015752342505e-48,41,CD151
1.2184713149334323e-52,0.3326466260913219,0.382,0.122,3.6985478293489406e-48,41,TMEM14C
1.5207658227437447e-52,0.2705433393640904,0.265,0.067,4.6161325783563627e-48,41,TMEM120B
2.6101230676360355e-52,0.31093299339656155,0.318,0.091,7.922767559502423e-48,41,SUPT16H
4.693443849516839e-52,0.5231576422801225,0.313,0.088,1.4246479460823413e-47,41,CRYAB
2.100583520656673e-51,0.3119682240873667,0.332,0.098,6.376111218601266e-47,41,LEPROT
2.5164763414733388e-51,0.26119646191491364,0.252,0.063,7.6385122869081725e-47,41,ITPR2
3.7612605975296785e-51,0.4019006201447322,0.435,0.15,1.1416930417741586e-46,41,BAG3
8.910473528770558e-51,0.3518402363017856,0.398,0.132,2.704685134923015e-46,41,KLF9
1.1184543168171677e-50,0.4211073115272518,0.451,0.164,3.3949562332668307e-46,41,GABPB1-AS1
3.339137226518878e-50,0.4380059062795805,0.613,0.271,1.0135617137375403e-45,41,NDUFA13
1.1325150995222418e-49,0.3064035710548104,0.326,0.098,3.437636333089813e-45,41,ANKRD10
2.043142627337401e-49,0.2524167756658262,0.265,0.069,6.201755131019946e-45,41,CREB3L2
2.652876672015288e-49,0.27660936540417036,0.284,0.077,8.052541850235205e-45,41,TRIB1
3.890360605419318e-49,0.5299345227739596,0.947,0.726,1.1808800581689796e-44,41,JUN
5.241848798709322e-49,0.3018587126509076,0.286,0.08,1.5911107843602278e-44,41,CBX5
6.255888550413462e-49,0.49765914953544765,0.79,0.416,1.8989124105925023e-44,41,IFITM2
1.0568171622697308e-48,0.4482044202803126,0.65,0.299,3.207862814353541e-44,41,ARGLU1
2.8888630480360886e-48,0.2788620413306,0.257,0.068,8.768854896008743e-44,41,KIF21A
1.2513126013082814e-47,0.2952554106645836,0.459,0.167,3.798234270011158e-43,41,CTSB
2.691651543325737e-47,0.3567489741823311,0.43,0.155,8.170239094610941e-43,41,TSC22D2
5.466533758833912e-46,0.29110037806231337,0.316,0.095,1.6593116571564458e-41,41,NBL1
8.593310508980962e-46,0.35336215025052337,0.424,0.155,2.608413471896081e-41,41,IL6ST
1.6665408362913817e-45,0.3758635504912515,0.549,0.236,5.05861805447886e-41,41,SEM1
2.4169270108374962e-45,0.4137577048327633,0.658,0.296,7.336340248696136e-41,41,NR4A1
5.305131593615444e-45,0.48777560317232244,0.541,0.242,1.6103196439260318e-40,41,RTN4
1.3130769876690506e-44,0.3116097973779445,0.329,0.106,3.985713888370636e-40,41,YWHAG
1.5475678103778962e-44,0.4257008634293169,0.735,0.373,4.697487331621066e-40,41,TIMP1
1.9290913175550545e-44,0.2799315393630808,0.292,0.087,5.8555637853066126e-40,41,CSRP1
3.3937839649296083e-44,0.566477266027047,0.451,0.18,1.0301491847147334e-39,41,ZFAND2A
3.8060217872946154e-44,0.3128066375981115,0.408,0.145,1.1552798533154076e-39,41,PTMS
5.831558938454083e-44,0.48051178308573295,0.568,0.257,1.770111400178352e-39,41,ZFAND5
9.302948415203301e-44,0.39144287907617836,0.451,0.179,2.82381696195081e-39,41,CCDC85B
1.156126125388054e-43,0.45809892040733247,0.96,0.764,3.509305241002899e-39,41,RPL36A
1.8901516915598465e-43,0.2983594898899131,0.355,0.119,5.737366444560758e-39,41,SLC25A37
1.910759264080842e-43,0.4946989452027625,0.589,0.272,5.7999186701909873e-39,41,ARID5B
2.0948767574119904e-43,0.41880448475824944,0.432,0.165,6.358788909448356e-39,41,GADD45A
4.111346768494992e-43,0.34843268345877815,0.485,0.198,1.2479581981089697e-38,41,CLTA
2.5419800267541366e-42,0.30064886533966917,0.358,0.124,7.715926173209506e-38,41,JPX
2.8911098330449435e-42,0.3332803612942997,0.501,0.206,8.775674787224622e-38,41,BSG
6.031710558839782e-42,0.4166772342071966,0.544,0.247,1.8308654230302273e-37,41,CUTA
1.192631645953839e-41,0.3140599658439119,0.43,0.165,3.620114098128283e-37,41,LRPAP1
1.5898726875161588e-41,0.33741104943022443,0.483,0.2,4.8258995556865484e-37,41,TMED10
1.7475785616581181e-41,0.43035134565287136,0.517,0.222,5.304599966057052e-37,41,PRDM1
3.0528968419774647e-41,0.252812037044765,0.252,0.072,9.266763074138397e-37,41,GANAB
4.2431591022652364e-41,0.3831486604728802,0.623,0.297,1.2879685139015898e-36,41,SPCS2
5.064775400487678e-41,0.29928600751244894,0.398,0.143,1.5373619250640296e-36,41,TIMP2
9.977288651722488e-41,0.2551738432924555,0.538,0.223,3.028506197343844e-36,41,IER3
1.1033440074053436e-40,0.3397202309212472,0.345,0.117,3.34909040007818e-36,41,NUPR1
2.982835542309543e-40,0.39975177913067017,0.562,0.261,9.054099005126387e-36,41,YWHAE
3.2145903569704117e-40,0.2926086427969625,0.313,0.103,9.757567569547988e-36,41,ELMSAN1
7.557415170078355e-40,0.35297636099728324,0.512,0.223,2.293977800725584e-35,41,HNRNPH3
1.0530828336562314e-39,0.39231350856590613,0.536,0.246,3.1965276332801246e-35,41,YWHAQ
1.2548355874034489e-39,0.25386769183459,0.294,0.094,3.808927942004429e-35,41,CUX1
2.018282275887291e-39,0.34918643708285524,0.419,0.166,6.126294020228283e-35,41,PHPT1
6.112974077987762e-39,0.5488716198165317,0.78,0.471,1.8555321516324054e-34,41,HNRNPU
8.854821067958383e-39,0.3963864772928799,0.615,0.305,2.6877923869680875e-34,41,TMEM59
1.2165873858835195e-38,0.28044975358682944,0.334,0.116,3.692829351110835e-34,41,BLOC1S6
1.5456395509739715e-38,0.5502345980570729,0.708,0.403,4.691634293026393e-34,41,HSPA5
2.2556503339872895e-38,0.34985515076680085,0.504,0.223,6.846801023785018e-34,41,UBXN4
2.4814209592913407e-38,0.3301664108806392,0.411,0.162,7.532105179832935e-34,41,BTG3
4.0159263674805723e-38,0.2686531477847022,0.313,0.106,1.218994289585053e-33,41,LAMP2
9.412689749073877e-38,0.38380231031872303,0.621,0.3,2.8571278464338847e-33,41,LGALS3
1.3326428880449834e-37,0.47536014269000093,0.96,0.879,4.045104222371743e-33,41,RPL23
3.0051537993586696e-37,0.3643742122119947,0.451,0.19,9.121843842573306e-33,41,CTNNB1
5.5132512902764516e-37,0.486919637409732,0.814,0.503,1.6734922966505142e-32,41,DYNLL1
6.957284455617493e-37,0.27712621897122425,0.332,0.118,2.1118141236581338e-32,41,QKI
7.0426057982439885e-37,0.4135930210731015,0.721,0.375,2.1377125639989804e-32,41,MYADM
1.1992239757635236e-36,0.39114728727847553,0.501,0.227,3.6401244560325994e-32,41,HP1BP3
1.2847273150016307e-36,0.3651970126140753,0.512,0.231,3.89966129195595e-32,41,NASP
1.911217349728846e-36,0.25873211666617535,0.276,0.09,5.80130914336694e-32,41,ARCN1
4.634582842700533e-36,0.33527860480330585,0.509,0.231,1.4067812760733197e-31,41,SF3B6
4.8599509726255786e-36,0.4479225974641986,0.605,0.316,1.475189518230768e-31,41,TRA2B
1.4397609064666773e-35,0.25211748915559395,0.31,0.107,4.370250255488952e-31,41,FTX
3.6261300752511874e-35,0.2578036383340815,0.35,0.13,1.1006755230417454e-30,41,MARCKSL1
3.840482111661452e-35,0.3437343096360735,0.525,0.243,1.1657399401737171e-30,41,TCP1
8.219054472161702e-35,0.2685772965405946,0.302,0.106,2.494811794479963e-30,41,ETNK1
8.52269397131772e-35,0.27285557108171266,0.369,0.143,2.5869785280537805e-30,41,SYNCRIP
9.385279685983539e-35,0.33552187692475866,0.645,0.317,2.8488077958834436e-30,41,ANXA2
1.949086925653822e-34,0.2519387250026772,0.308,0.108,5.9162584541296115e-30,41,ATP13A3
6.139571688511741e-34,0.32581411713968905,0.52,0.241,1.863605590330854e-29,41,DAD1
9.196816337990757e-34,0.32120486754195976,0.56,0.267,2.7916016312337144e-29,41,PEBP1
9.674493905365293e-34,0.3691701567746818,0.698,0.385,2.9365958800345814e-29,41,UQCRH
1.1047297928698033e-33,0.3194168816451653,0.443,0.194,3.3532968132770007e-29,41,RAB2A
1.1365462437979834e-33,0.392617179585077,0.947,0.82,3.449872468424399e-29,41,NEAT1
1.8502765236202908e-33,0.40144892295690116,0.767,0.464,5.616329359797031e-29,41,COX6C
2.4379909432226224e-33,0.29375264095556547,0.385,0.157,7.400277709057948e-29,41,CAMLG
5.566220570546997e-33,0.38336880574024645,0.687,0.379,1.6895705919838356e-28,41,MZT2B
6.355523355028753e-33,0.35067108313979145,0.618,0.319,1.9291555591854276e-28,41,SEC61G
9.61769385995736e-33,0.26522023389656446,0.329,0.124,2.9193547942514572e-28,41,SAT2
1.0670111646442063e-32,0.27151712083776625,0.379,0.153,3.238805689161024e-28,41,RHOC
1.8020342502989435e-32,0.2781199292241424,0.363,0.145,5.469894763357413e-28,41,RYBP
1.9242760908074682e-32,0.31220776146105716,0.52,0.246,5.840947646036989e-28,41,MRFAP1
3.12935184376447e-32,0.33394154068180526,0.56,0.273,9.498834586562672e-28,41,SRSF11
4.246804753406051e-32,0.38301623379946526,0.66,0.368,1.2890751148488726e-27,41,SEC61B
9.04248317026116e-32,0.2596476473063957,0.281,0.099,2.7447553415010723e-27,41,PSME4
1.1055845704460877e-31,0.3082353650266582,0.419,0.184,3.3558914051320544e-27,41,TMED2
1.245565993263015e-31,0.2797024573132682,0.387,0.16,3.780791015950556e-27,41,KMT2A
1.3065905281091557e-31,0.2582557389804384,0.355,0.141,3.966024889022531e-27,41,ATRAID
2.042276252916005e-31,0.28160206552039513,0.416,0.18,6.1991253381012414e-27,41,MRPS21
4.495145891446579e-31,0.30525207676286276,0.454,0.209,1.3644565838896945e-26,41,ERH
8.088957650613977e-31,0.36768603158078955,0.454,0.208,2.4553222052673664e-26,41,CYTOR
1.0204799706019921e-30,0.27264387786808436,0.398,0.17,3.097564902765287e-26,41,SNRPE
1.1295295700709269e-30,0.39736020983250686,0.737,0.456,3.4285740569932914e-26,41,IER2
1.9544296897459107e-30,0.30122574996995677,0.448,0.199,5.932475880254737e-26,41,SELENOM
2.215682407115571e-30,0.3586261521747597,0.459,0.213,6.725482378558604e-26,41,PHLDA1
4.400563773209658e-30,0.2545192385419503,0.403,0.172,1.3357471277200595e-25,41,WASF2
4.904573983430359e-30,0.30566078130277796,0.544,0.266,1.4887343869304512e-25,41,SLC38A2
5.460262825453891e-30,0.30051978087989084,0.501,0.243,1.657408178038274e-25,41,WDR83OS
5.665090490033143e-30,0.2953669821654392,0.313,0.118,1.7195815673446602e-25,41,SGK1
1.315908333142157e-29,0.2727687336202175,0.714,0.403,3.9943081544197034e-25,41,GSTP1
1.4185982759554118e-29,0.3828628018669189,0.777,0.481,4.306013206835057e-25,41,CIRBP
2.401917773510931e-29,0.34994769318986324,0.427,0.195,7.29078120971508e-25,41,SERTAD1
4.504856522311668e-29,0.33072611357881554,0.56,0.292,1.3674041487824836e-24,41,WSB1
1.2273244281409243e-28,0.2690396275253756,0.34,0.14,3.7254205691789614e-24,41,HMGN3
3.104768263266338e-28,0.26983877984395066,0.475,0.226,9.424213586318642e-24,41,NDUFA11
7.603173918127237e-28,0.27169811375578035,0.369,0.16,2.3078674111083415e-23,41,NONO
7.7053201363872235e-28,0.312204980629989,0.546,0.284,2.3388728741989778e-23,41,SEC11A
8.563252023198954e-28,0.31865411492383616,0.544,0.282,2.5992895191218105e-23,41,PDIA3
1.4173260812361756e-27,0.2533046851238175,0.329,0.135,4.3021515869842874e-23,41,NME3
1.9854958641248043e-27,0.36658155867575437,0.947,0.824,6.026774145964431e-23,41,MYL6
3.450702385552902e-27,0.44418556408460397,0.87,0.696,1.0474262021107278e-22,41,HNRNPA2B1
4.134946786568928e-27,0.3840648080314212,0.735,0.483,1.2551217475951325e-22,41,SUMO2
7.284089187101538e-27,0.3046982543669651,0.499,0.248,2.211012431852801e-22,41,IFRD1
1.0616216419589712e-26,0.34139806225480496,0.666,0.382,3.2224463320022613e-22,41,DDX17
1.426659977327695e-26,0.30898000291388117,0.509,0.263,4.330483695180485e-22,41,ATP5PF
1.7809055569784686e-26,0.463493236558674,0.592,0.347,5.405760727652444e-22,41,MAP1LC3B
3.2337196483935656e-26,0.337902967473753,0.337,0.143,9.81563262073383e-22,41,ID3
1.2824417127832256e-25,0.3003331510511356,0.512,0.27,3.892723574982203e-21,41,RABAC1
1.9548007382897505e-25,0.27531932626776306,0.34,0.149,5.933602161004709e-21,41,SNHG15
8.77645828000041e-25,0.2728399047726951,0.377,0.174,2.6640061463113245e-20,41,RBMS1
1.4125101789069573e-24,0.2675106862400338,0.546,0.292,4.2875333970541785e-20,41,TMEM258
1.7950168421622234e-24,0.3011406250648442,0.639,0.371,5.448594122699213e-20,41,EIF4G2
2.482029461312597e-24,0.256881106470752,0.294,0.121,7.533952226868257e-20,41,DNAJB4
2.5044728308154014e-24,0.25523583202225303,0.387,0.181,7.602076830657069e-20,41,NDUFC2
2.7969862875672152e-24,0.2652439866035281,0.406,0.194,8.489972177281524e-20,41,P4HB
4.03312027809993e-24,0.3292673885689723,0.987,0.971,1.2242133292144528e-19,41,RPL10A
5.008847281900043e-24,0.2520067379248641,0.467,0.233,1.520385503947939e-19,41,SLC3A2
8.379775880387195e-24,0.2517610818227945,0.419,0.204,2.543597170732729e-19,41,HSPA9
1.0856517743216386e-23,0.3162865318320027,0.729,0.468,3.295387395775902e-19,41,SSR4
1.1639864059584149e-22,0.3085551979415291,0.997,0.993,3.533164336646172e-18,41,RPL26
1.6904619233791787e-22,0.2860376298219307,0.65,0.39,5.131228122225159e-18,41,HNRNPA3
2.3380673185297447e-22,0.26943950457290333,0.533,0.294,7.096969538665187e-18,41,NDUFB2
1.8464876411068332e-21,0.3143416863005797,1,0.989,5.604828585815682e-17,41,MT-ATP6
3.2583454835699897e-21,0.263795131506253,0.581,0.335,9.890381880828346e-17,41,SNRPD2
4.818111965103304e-20,0.3107736516645823,0.477,0.266,1.462489705887457e-15,41,STAT3
5.496172392989253e-20,0.26781297418432004,0.989,0.989,1.6683081681679577e-15,41,RPL12
1.1733338577789816e-19,0.2650805136979668,0.618,0.375,3.561537591902321e-15,41,MORF4L1
1.6195451806977457e-19,0.741250502559944,0.512,0.31,4.915967441489937e-15,41,TUBA1B
3.1752161600783977e-19,0.3000966789062882,0.525,0.305,9.638051132301968e-15,41,TUBB4B
5.036972906199546e-19,0.2631883619530031,0.997,0.988,1.5289227559478103e-14,41,PTMA
8.967184121698094e-19,0.26874601902669315,0.525,0.309,2.7218990683002394e-14,41,TOMM20
4.220134538894521e-18,0.254773481185622,0.398,0.216,1.280979637936043e-13,41,XRCC5
1.988386588588707e-17,0.5177714366263807,0.562,0.373,6.035548651002162e-13,41,H2AFZ
6.110216554197198e-17,0.259052228464683,0.854,0.656,1.8546951328610174e-12,41,SRP14
1.0550639293009212e-14,0.3187564387985158,0.507,0.319,3.2025410510000163e-10,41,IFI16
2.5094886028949353e-14,0.2675579203296241,0.828,0.639,7.617301705227287e-10,41,KLF6
5.041047395642754e-14,0.2500929078545653,0.875,0.72,1.5301595264734015e-9,41,HNRNPA1
7.787843442332958e-10,0.47355438700956987,0.491,0.349,2.363921998485746e-5,41,CLEC2B
0,1.4873605092830757,0.858,0.042,0,42,PEG3
0,1.1811965836731877,0.716,0.015,0,42,COLEC11
0,1.0069198177225727,0.611,0.027,0,42,GREB1
0,1.0011124553127848,0.642,0.02,0,42,TCF21
0,0.96071161302358,0.574,0.024,0,42,PEG10
0,0.8215889289034788,0.37,0.006,0,42,SPRR2F
0,0.8067222577637055,0.556,0.009,0,42,AC006115.2
0,0.7786249752558414,0.494,0.02,0,42,STAR
0,0.7252299433281577,0.438,0.013,0,42,HS3ST1
0,0.707166871315136,0.494,0.007,0,42,KLHDC8A
0,0.7063236143237138,0.432,0.019,0,42,LRRC17
0,0.49151107629291796,0.377,0.014,0,42,ACSM3
0,0.421304706246834,0.259,0.004,0,42,DHRS2
0,0.42093770656917023,0.309,0.004,0,42,SIGLEC11
0,0.3943748829946594,0.259,0.004,0,42,MGARP
0,0.3505881554600451,0.265,0.006,0,42,GATA4
0,0.3495089645960334,0.265,0.006,0,42,NFASC
2.618965711586129e-296,0.4408954721664352,0.333,0.012,7.949608520948537e-292,42,NID2
6.633212546330512e-284,0.7088094803983678,0.426,0.021,2.0134453363131635e-279,42,HTRA3
1.9427980223908086e-273,0.4935039798014985,0.327,0.013,5.89716911716506e-269,42,ANGPTL4
4.462232148517378e-266,0.6029151300399141,0.463,0.026,1.354465946360965e-261,42,GASK1B
2.1521662293594374e-264,0.589775483782486,0.451,0.025,6.532685372597637e-260,42,OBSL1
1.5542229581702158e-259,0.4522078678473983,0.315,0.012,4.717688367229873e-255,42,WIPF3
2.5444977546354355e-252,0.38710168971046627,0.253,0.008,7.723568484420401e-248,42,ADAMTS16
3.465590818430181e-248,1.0043093043945777,0.648,0.054,1.0519454370262972e-243,42,FHL2
1.827225870409504e-231,0.3829181820446773,0.272,0.01,5.546361407041008e-227,42,LAMP5
9.416772863980609e-226,0.44126620720207116,0.321,0.015,2.858367235132674e-221,42,GATA6
4.574350041556989e-225,0.41603370893762043,0.315,0.014,1.3884982116142085e-220,42,PWWP3B
4.121394685223516e-217,0.5116119328027497,0.389,0.022,1.251008142752746e-212,42,FOXL2
6.69634064447429e-216,0.4498768102720979,0.309,0.014,2.0326072392237258e-211,42,PTCH2
2.244964629759746e-207,0.8684605099339066,0.679,0.068,6.814365637172733e-203,42,SNHG32
5.0065883869366634e-207,1.8619099723668011,0.963,0.153,1.5196998389707547e-202,42,SNHG29
2.2830873148731636e-199,0.5746279244277899,0.438,0.03,6.930083235566e-195,42,PXDN
3.9218874159844646e-196,0.9937197145264649,0.784,0.097,1.1904497062479244e-191,42,BEX3
2.862661425783978e-191,0.6089412086355914,0.407,0.027,8.689322491824686e-187,42,ZNF275
2.402130324483647e-189,0.3650378360285486,0.29,0.014,7.291426386937663e-185,42,SCD5
1.4930462862444627e-188,0.52823338528761965,0.426,0.03,4.531992697266442e-184,42,NRP2
1.6584433017076547e-188,0.6738141619692817,0.488,0.039,5.034038798003415e-184,42,LAMA4
2.0896670183319812e-187,0.6784856674732501,0.469,0.037,6.342975267444896e-183,42,LAMC1
5.613421847423418e-185,0.5415060114744372,0.42,0.03,1.7038980675669041e-180,42,DPYSL3
8.570614012623418e-184,1.57029041604336,0.914,0.151,2.6015241773917123e-179,42,COL6A1
2.299278451580444e-181,1.4414449187696998,0.907,0.144,6.97922981192728e-177,42,GAS5
3.7606210519311317e-177,0.4574795374928333,0.315,0.018,1.1414989141031758e-172,42,UBXN8
6.419596885424281e-177,0.46520669804000986,0.315,0.018,1.9486044386016863e-172,42,MIR503HG
3.918206213087573e-176,0.527847391528981,0.37,0.024,1.189332313920602e-171,42,MATN2
4.635469987389465e-174,0.7646763007705799,0.556,0.055,1.4070505599721983e-169,42,CDH11
1.5584286059363619e-171,0.5323209789972375,0.426,0.033,4.730454190459233e-167,42,DANCR
2.9360737664517784e-168,1.2029238889335985,0.833,0.123,8.912158310687727e-164,42,NME2
1.3388933895164689e-166,0.44370598748557144,0.352,0.023,4.0640769945382894e-162,42,RBMS3
3.4951481020237407e-166,0.5977506382391315,0.377,0.027,1.0609172548882863e-161,42,FXYD6
4.595265446579083e-163,1.2648672671920398,0.414,0.033,1.3948468736546148e-158,42,CCN2
1.7282670967259437e-160,0.6897795482734348,0.525,0.051,5.24598194540193e-156,42,RESF1
5.668738214449069e-160,0.5745649102536318,0.438,0.037,1.7206887976138704e-155,42,ZNF704
1.1914225643933875e-157,1.6553648791181774,0.877,0.151,3.6164440519596884e-153,42,RBP1
5.257493939645031e-157,0.6884713140477051,0.481,0.046,1.5958597104398528e-152,42,RHOBTB3
5.7625120553540304e-157,0.7269934193342927,0.556,0.06,1.7491529092821624e-152,42,EPS8
9.936794654296664e-157,0.3992675700409253,0.296,0.018,3.0162146493652094e-152,42,C1QTNF4
5.539886640073086e-152,0.5512282998875278,0.395,0.032,1.6815771907277844e-147,42,BNC2
7.050881342421452e-152,0.9856606045342504,0.642,0.084,2.1402245226786074e-147,42,ABLIM1
4.462432699514937e-150,0.47757063642515707,0.377,0.029,1.354526821610764e-145,42,LAPTM4B
9.55240776191644e-146,0.8662032010683419,0.451,0.043,2.8995378520521166e-141,42,ENC1
2.063802869391134e-145,0.8216525886777244,0.667,0.088,6.264467229749848e-141,42,PDGFRA
1.6165913590650474e-143,1.5967869609882537,0.858,0.165,4.907001411306045e-139,42,TCEAL4
4.885831999938257e-143,0.4367160874199622,0.315,0.022,1.4830454452612585e-138,42,SYTL4
1.2665326076718042e-141,0.6441335489742839,0.407,0.036,3.8444330773269943e-137,42,TCAF1
1.2755381713737112e-139,0.47679364977407,0.37,0.03,3.871768565387763e-135,42,PPFIBP1
1.2874914960393407e-139,1.4954359352672277,0.932,0.201,3.9080516870778145e-135,42,EEF1G
1.4070287922898923e-135,0.3155279903465739,0.253,0.015,4.270895196116739e-131,42,VSTM4
1.8234333017435815e-134,0.8905313276942606,0.722,0.11,5.534849444112467e-130,42,SEPTIN7
4.91850920293416e-134,0.7718966886052724,0.525,0.061,1.492964283458635e-129,42,COL4A1
4.359785683459469e-133,0.3615934754171823,0.265,0.017,1.3233693463572874e-128,42,NSG1
8.896879865180984e-133,1.185027514586951,0.772,0.133,2.700558914277036e-128,42,MDK
1.442959046314725e-131,0.504278357659334,0.377,0.033,4.379957889183716e-127,42,EMILIN1
3.1524509463666815e-131,0.3685319636108372,0.259,0.016,9.568949602601426e-127,42,SCN7A
6.543236600528438e-130,1.3764313373071086,0.586,0.077,1.9861340377244022e-125,42,CCN1
1.5741301374205734e-127,0.4006572660936494,0.278,0.019,4.7781146191264085e-123,42,PLAAT3
1.8931939935672564e-126,0.5032116932324527,0.42,0.042,5.74660104807405e-122,42,TRAPPC5
7.292983134063239e-125,0.9676022467291854,0.556,0.071,2.2137121005135555e-120,42,C7
1.2064965358901492e-123,0.344368300704293,0.265,0.018,3.662199585040959e-119,42,PKDCC
1.2370160347784148e-122,0.5591245427241883,0.389,0.037,3.7548384719664006e-118,42,EMP2
4.6908726625020226e-122,0.567483022126341,0.525,0.064,1.423867487975864e-117,42,TOMM6
1.31709430062802e-121,0.39156386798555687,0.296,0.022,3.9979080401262916e-117,42,IRS1
1.568633842299904e-119,0.6202355094661076,0.395,0.04,4.761431164917129e-115,42,COL15A1
1.3628313081805766e-116,0.7384693026224616,0.636,0.096,4.1367381528513223e-112,42,NR2F2
1.4258613956007085e-116,0.48023128557243455,0.389,0.039,4.3280596802063905e-112,42,NDRG2
3.326849593820654e-116,0.4032414096417018,0.34,0.03,1.0098319257083214e-111,42,RNASE1
2.5663501007532626e-114,0.425315718547267,0.327,0.028,7.789899095826453e-110,42,ENAH
3.744575005924348e-114,0.48217315589610715,0.395,0.04,1.1366282972982766e-109,42,MRC2
1.229009717405427e-113,1.601400917242427,0.969,0.31,3.7305360962124334e-109,42,COL1A2
2.34861023210291e-113,0.7120280954080046,0.531,0.072,7.128971498525172e-109,42,COL4A2
2.8708837526885247e-113,0.4885102124251326,0.352,0.033,8.714280542910747e-109,42,SNHG14
7.579291002078075e-113,1.580674656776814,0.944,0.262,2.300617990770779e-108,42,CALD1
3.7440613226207545e-112,0.4531622728554538,0.426,0.047,1.1364723738683038e-107,42,CIAO2B
1.1821615301922036e-111,0.3764305746219912,0.321,0.028,3.588333108745415e-107,42,EHD2
1.5832564414544301e-111,0.8982672216156029,0.698,0.118,4.805816602390777e-107,42,APOE
2.767105663995323e-110,0.7241312590331659,0.519,0.07,8.399272532491404e-106,42,FN1
3.05912482344218e-109,0.6302058170122646,0.444,0.053,9.285667489076394e-105,42,BGN
6.493675974002944e-109,0.40539926671880216,0.302,0.026,1.9710904051488536e-104,42,ALDH7A1
1.1066109241550838e-108,0.6544214112843791,0.543,0.077,3.359006799180342e-104,42,PBX1
5.822525109818712e-107,0.31356550439290837,0.265,0.02,1.767369271834372e-102,42,SEZ6L2
1.3748606552797854e-106,0.7870614765145332,0.63,0.102,4.1732520330362605e-102,42,COL6A3
1.4783203417611799e-106,0.9823762045030816,0.426,0.051,4.4872935653818854e-102,42,SERPINE2
1.3612932664412797e-105,0.48672021204858923,0.389,0.042,4.1320695809558604e-101,42,WWTR1
1.0059809476781584e-104,0.9239761639290853,0.809,0.168,3.053554568582282e-100,42,COL6A2
2.5796137584868647e-104,0.48233858676576424,0.42,0.049,7.830159602511029e-100,42,TSPAN5
6.596736694975735e-104,0.4865382598894576,0.451,0.055,2.0023734563929346e-99,42,SEPTIN2
1.1743343829439633e-103,0.6206844716217746,0.5,0.069,3.5645745859881063e-99,42,SULF2
2.8717174459681198e-102,1.8216047708657574,0.969,0.367,8.716811135491631e-98,42,COL1A1
3.5689965970507997e-102,0.6075713509944367,0.537,0.078,1.0833332270687998e-97,42,SNHG16
3.7238607377661764e-102,0.4122279794103256,0.309,0.028,1.1303406883415452e-97,42,MMP23B
1.448759321588416e-101,0.40163477117892793,0.309,0.028,4.397564044749478e-97,42,BICD1
2.7828829731762124e-101,0.5578519701371654,0.451,0.058,8.447162976779075e-97,42,CD302
1.0391664986067297e-100,0.5738863067588931,0.463,0.061,3.1542859898708676e-96,42,GSTM3
3.6163498716639836e-100,0.3415295940806832,0.272,0.022,1.0977068400448856e-95,42,DIPK2A
3.0019959247533336e-99,0.5201147769786818,0.352,0.037,9.112258429996269e-95,42,ADAMTS5
3.729835102380796e-98,0.39283043511986515,0.296,0.027,1.1321541469766668e-93,42,ELK1
4.832169491206883e-98,1.0814075604012403,0.815,0.203,1.4667567273609374e-93,42,BST2
6.730103090700082e-98,0.8859634988187886,0.759,0.159,2.0428554921511027e-93,42,TPM2
7.845234289172336e-98,0.35471993028786125,0.309,0.029,2.381342416135371e-93,42,FBLIM1
8.263597152367022e-98,1.090217203272355,0.889,0.219,2.508332279629486e-93,42,SPARC
1.5332417454286059e-96,0.42402778334796715,0.327,0.033,4.65400199407399e-92,42,SMOC2
1.441175698190139e-94,0.7608071897411273,0.568,0.093,4.374544714286348e-90,42,OGN
1.5703634974164133e-94,0.5457035979316305,0.34,0.036,4.766681360057781e-90,42,KRT19
2.34687280880701e-94,0.7214421379078284,0.66,0.12,7.123697723852798e-90,42,SNHG6
9.828100155893592e-94,0.39493535453964684,0.321,0.032,2.983221521319941e-89,42,ABCA8
1.8522111955239857e-91,0.4349677084975841,0.327,0.035,5.622201862893506e-87,42,ING2
6.319753925511603e-91,0.37025606253791343,0.265,0.023,1.918298106549792e-86,42,CLDN11
9.958453613013537e-91,0.36069001711664916,0.309,0.031,3.0227890096941292e-86,42,TUG1
1.1077693533750367e-88,0.38045871616560734,0.309,0.032,3.362523095234586e-84,42,SMARCA1
6.509942148478925e-88,0.7960166422851593,0.574,0.105,1.976027839749293e-83,42,SPTBN1
6.693433387001024e-88,0.5956784069457437,0.469,0.069,2.0317247702902907e-83,42,NFIA
8.574422294310021e-88,0.38094482145259795,0.29,0.028,2.6026801432148637e-83,42,COL16A1
1.311080881424912e-87,0.340066715916478,0.265,0.024,3.979654907477178e-83,42,PAPSS2
2.982427021967745e-87,1.3009219396287244,1,0.984,9.052858982480892e-83,42,RPS7
8.605562956708022e-87,0.565647396643139,0.438,0.063,2.612132579879153e-82,42,RCN1
1.2197072491657515e-86,1.7545317797801356,0.994,0.607,3.702299384117722e-82,42,RPL17
1.261702436737779e-86,0.6512907008964604,0.426,0.059,3.829771576473854e-82,42,COL18A1
1.404940977349952e-85,0.5586285891344516,0.407,0.055,4.264557842648044e-81,42,FILIP1L
2.1319339351981478e-85,0.7461056310973271,0.685,0.143,6.471272266900458e-81,42,TIMP2
5.2634565659946264e-83,1.2604791375310693,1,0.993,1.5976696060420089e-78,42,RPS8
5.892261827754426e-83,0.4400164226095598,0.389,0.052,1.7885371551965783e-78,42,IRF9
7.125925801968758e-83,0.4932806201439672,0.414,0.058,2.163003517929597e-78,42,ITPR1
1.0796918945885937e-81,0.3193600804199699,0.253,0.023,3.2772967768342175e-77,42,COL27A1
2.241322190060682e-81,0.44432853235606173,0.364,0.046,6.803309375710194e-77,42,CLEC11A
3.2342245963412015e-80,0.7899976221647964,0.599,0.118,9.817165339734083e-76,42,SGK1
5.207982967796201e-79,0.9363464489692622,0.698,0.151,1.5808311500448589e-74,42,MEG3
2.133463518383865e-78,0.3732858665823729,0.34,0.042,6.475915163702384e-74,42,RBIS
8.666327565005136e-78,0.33521425794923,0.253,0.025,2.630577069081659e-73,42,IFI27L1
1.62969771222705e-77,0.4849799638237343,0.352,0.046,4.946784435693988e-73,42,LAMB1
2.0063264444078164e-77,0.4139450012622842,0.352,0.045,6.090003289355485e-73,42,NRP1
2.241292152097492e-77,0.46294656459937267,0.457,0.072,6.803218198476728e-73,42,KDM5B
8.416328223139893e-77,0.3799274954973547,0.315,0.037,2.554692268851883e-72,42,SNHG3
9.833029305188197e-77,0.5385358629013175,0.426,0.065,2.9847177152968257e-72,42,MIR99AHG
1.5650390913418633e-76,0.6422487707014062,0.494,0.087,4.750519657859092e-72,42,IFI6
1.902522340897874e-76,0.4908814716832289,0.364,0.048,5.774916313561407e-72,42,PDK4
2.885253463569801e-76,0.3378036125205257,0.309,0.036,8.757898363319774e-72,42,SGCE
7.941178756493682e-76,0.3267188167815635,0.272,0.029,2.410465399746092e-71,42,TJP1
8.576438080681388e-76,0.47305788622288325,0.37,0.051,2.6032920150100284e-71,42,QSOX1
9.250161427582083e-76,0.9813641627470473,0.84,0.257,2.8077939997282655e-71,42,NUCKS1
2.623200396410898e-75,0.6988350230247882,0.599,0.122,7.962462483265641e-71,42,SNHG5
5.688975812179564e-75,1.1740032921606292,1,0.879,1.726831718028985e-70,42,RPL23
7.067442296553953e-75,1.2947282551956676,0.938,0.351,2.145251434695987e-70,42,IFITM3
1.3094159874950981e-74,0.44673210086513415,0.309,0.037,3.9746012884426206e-70,42,MYLK
1.6114722789868452e-74,0.4168890595542907,0.383,0.054,4.89146295563667e-70,42,SDC2
8.642395927185746e-74,0.6788315291942832,0.673,0.155,2.6233128597379615e-69,42,GABARAP
3.290468522100578e-73,0.43289293527236095,0.37,0.052,9.987888151984094e-69,42,EPB41L2
3.8885971006512355e-73,0.6797015413361439,0.623,0.132,1.180344763931676e-68,42,TPM1
1.638420675859419e-72,0.4300716227213448,0.364,0.051,4.973262119503681e-68,42,SYNGR1
3.9808825467816403e-72,0.3422375757596956,0.302,0.036,1.2083570882500992e-67,42,POLR2J3
1.8035508270498897e-71,0.5905269331783719,0.426,0.07,5.474498180427235e-67,42,TCEAL3
2.276502595602796e-71,0.3970331166581302,0.451,0.073,6.910095978692727e-67,42,MRPS24
5.773193903963568e-70,0.3577112572968489,0.272,0.031,1.7523952776091013e-65,42,SEPTIN9
1.3782100651647125e-69,1.1266107588645262,0.944,0.382,4.183418831800968e-65,42,RPS17
1.9492239895796133e-69,0.660201692586153,0.574,0.119,5.9166744979699585e-65,42,RARRES2
3.3035241496032192e-68,0.6505837421872609,0.648,0.15,1.0027517203705612e-63,42,RNASEK
5.446664533920095e-68,0.36246397860200286,0.29,0.036,1.6532805526261057e-63,42,MCC
6.285363356051161e-68,0.48702495934358986,0.395,0.062,1.9078591930957694e-63,42,COL5A1
6.830120743096646e-68,0.30593208457130594,0.259,0.029,2.073214850359556e-63,42,CHPF
3.2152991454778925e-67,0.3323334380350403,0.265,0.03,9.759719026183595e-63,42,FAM210B
9.42760029860051e-67,1.0626839846163874,0.864,0.305,2.8616537946371985e-62,42,MIF
1.754762487191058e-66,0.47247072122980044,0.438,0.075,5.326406053619738e-62,42,MICOS10
5.417812035197234e-66,0.9590347558297665,0.833,0.29,1.6445226651637686e-61,42,ST13
5.553441881360157e-66,0.38654128055066916,0.333,0.047,1.6856917486680622e-61,42,RWDD4
6.140189669012504e-66,0.33989612855018597,0.259,0.03,1.8637931721320555e-61,42,NCALD
8.896861097334841e-66,0.7640240644109653,0.92,0.312,2.7005532174850175e-61,42,COL3A1
1.108676620296661e-64,0.394676767139303,0.358,0.054,3.3652770132484846e-60,42,APOC1
6.610159503692846e-64,0.7391155594299526,0.556,0.121,2.0064478157509265e-59,42,SOX4
6.801468840067859e-64,0.3449139634495203,0.309,0.042,2.064517851714198e-59,42,TMEM98
4.8084187333557297e-63,0.3796867917327953,0.302,0.041,1.4595474223227981e-58,42,TCEAL1
5.334678882812488e-63,0.3464902213408234,0.278,0.035,1.6192884280889025e-58,42,AASS
1.309404143338424e-62,0.29477288231315096,0.259,0.031,3.974565336689452e-58,42,RAD50
2.8672746246038393e-62,0.40528733593538024,0.377,0.061,8.703325395522494e-58,42,RAB34
2.9377532208094513e-62,0.32692039868486905,0.259,0.031,8.917256126445008e-58,42,FLRT2
4.111986767875081e-62,0.3660643754081866,0.278,0.036,1.2481524635208022e-57,42,HSDL2
2.284215893940726e-61,0.6978807695228696,0.414,0.075,6.93350892446768e-57,42,HTRA1
2.4653961751835637e-61,0.6949112344274614,0.457,0.088,7.48346355015219e-57,42,ADAMTS1
1.0943866572520521e-60,1.3514649334968445,0.914,0.429,3.321901259422879e-56,42,EGR1
9.034693413005278e-59,0.460975458557942,0.438,0.082,2.742390838583622e-54,42,AEBP1
2.8664930134933865e-58,0.9089408027359736,1,0.99,8.700952893157825e-54,42,RPL18
4.4483964928397824e-58,0.48256437070165015,0.401,0.072,1.3502662714365876e-53,42,GJA1
1.5501661479629337e-57,0.5354351298356994,0.537,0.124,4.705374325526689e-53,42,SAT2
7.963224963319436e-57,0.40871384364688823,0.34,0.054,2.4171573053659813e-52,42,KANK2
1.9732027386862022e-56,0.305622496641087,0.284,0.039,5.989459593008098e-52,42,MICOS13
3.590057430202466e-56,0.42445114475882134,0.358,0.061,1.0897260323636565e-51,42,SMAD5
4.375478806067978e-56,0.9032824387218112,1,0.972,1.3281328367938741e-51,42,RPS11
9.659548954590847e-56,0.7915190998805612,1,0.997,2.932059489676506e-51,42,RPS18
1.0635671062899136e-55,0.45314671534308093,0.407,0.077,3.2283515944324037e-51,42,USP22
1.4359776484076438e-55,0.5269246706597233,0.537,0.125,4.358766553976562e-51,42,GTF2I
5.859769572942958e-55,0.6888666179057524,0.531,0.13,1.7786744561711053e-50,42,MARCKSL1
6.096571109285736e-55,0.4602023727679314,0.451,0.092,1.8505531945125924e-50,42,APP
1.0304897652596364e-54,0.4005410881594355,0.352,0.06,3.1279486334691e-50,42,ARL3
1.4394164838744387e-54,0.3064285232852675,0.253,0.033,4.369204795152471e-50,42,SNHG1
2.2992330502518963e-54,0.3453654868175324,0.272,0.038,6.979092000734606e-50,42,PARVA
2.4938859464134986e-54,0.34142598787947553,0.315,0.049,7.569941401743534e-50,42,FERMT2
9.167414446822399e-54,0.4663971141918769,0.506,0.11,2.782676981188471e-49,42,MMP2
1.5038814102430648e-53,0.3345979895361815,0.265,0.037,4.564881632651799e-49,42,SPECC1
3.1400234721093036e-53,0.5528807833306577,0.599,0.153,9.53122724724058e-49,42,FCGRT
4.49674091874842e-53,0.3712109714540266,0.296,0.045,1.3649407384768955e-48,42,COL12A1
4.936329339978537e-53,0.4595485999439046,0.407,0.079,1.498373407857085e-48,42,CNN3
5.073126628163056e-53,0.47765618138688193,0.475,0.102,1.539896856712614e-48,42,TCEAL9
8.10076468917001e-53,0.46784152221640873,0.395,0.076,2.458906113750665e-48,42,XAF1
9.676962275971577e-53,0.3052288154900708,0.272,0.039,2.9373451292484126e-48,42,MAGED1
2.1739337042907864e-52,0.3238677496313548,0.321,0.052,6.598758366004253e-48,42,TLE5
3.813058130798459e-52,0.6834835682386845,0.654,0.199,1.1574156650225643e-47,42,PRDX2
4.831521482947611e-52,0.6029771598909163,0.543,0.14,1.466560030933918e-47,42,SNHG7
7.244859689508452e-52,0.3324430235344332,0.302,0.048,2.1991047101533956e-47,42,TSPAN3
8.828339426328485e-52,0.8665632037928745,1,0.903,2.6797541494677487e-47,42,RPLP0
1.522513548158641e-50,0.3191607323881168,0.315,0.052,4.621437624080739e-46,42,SH3PXD2A
1.8447213382130787e-50,0.3629586832941071,0.302,0.048,5.5994671500119795e-46,42,PDGFRB
2.189653520057161e-50,0.44926466776852475,0.352,0.064,6.646474294781506e-46,42,TSHZ2
5.736750169704203e-50,0.3835661253216185,0.333,0.058,1.741333146512014e-45,42,CBX1
1.8838285534951224e-49,0.32579973970773857,0.278,0.043,5.718173191279095e-45,42,TSHZ1
2.8803447883456938e-49,0.6683330958034761,0.519,0.129,8.742998570544518e-45,42,S100A13
4.200062610560776e-49,0.35837780570997557,0.327,0.057,1.274887004809618e-44,42,NME4
1.6841357840811518e-48,0.4001696389773333,0.327,0.057,5.112025758999928e-44,42,CFH
5.4467062768985513e-48,0.2826956910584217,0.253,0.037,1.6532932232897862e-43,42,PAFAH1B3
1.1326966399023174e-47,0.5579699984281641,0.531,0.133,3.438187380759494e-43,42,C1S
1.1990488538495633e-47,0.320135780721354,0.309,0.052,3.639592890974964e-43,42,LHFPL6
1.3894272050489272e-47,0.46378119191459677,0.438,0.099,4.217467338205514e-43,42,IMPDH2
5.077306838940715e-47,0.4647794292606058,0.457,0.104,1.541165717892065e-42,42,TCF4
5.140616317027693e-47,0.4670145085755245,0.457,0.107,1.560382676870586e-42,42,SMS
8.594883856442542e-47,0.3812370004830129,0.352,0.067,2.6088910457845692e-42,42,GNG11
3.2544826503424904e-46,0.5734734240080728,0.432,0.101,9.878656636849595e-42,42,MAGED2
3.7889293253449706e-46,0.7402978680063316,0.735,0.267,1.1500916074152123e-41,42,PEBP1
3.8898021858484555e-46,0.7447034830280872,0.815,0.307,1.1807105554924402e-41,42,EIF4A1
2.108160911660736e-45,0.32027726087696995,0.265,0.042,6.399111631254998e-41,42,TEAD1
6.098121632065769e-45,0.3169451917580107,0.315,0.057,1.8510238401972435e-40,42,WDR6
8.232654798305984e-45,0.33396178166995516,0.364,0.072,2.4989400374777983e-40,42,NID1
1.123567810232202e-44,0.36221192785922396,0.302,0.054,3.4104777311788264e-40,42,SVIL
1.3269155306920265e-44,0.47003832807278834,0.352,0.069,4.0277194018625775e-40,42,AKAP12
2.683417359626281e-44,0.4180229854822098,0.395,0.085,8.145245053409613e-40,42,LGALS3BP
6.515169476227633e-44,0.7120101729912025,1,0.989,1.9776145428141358e-39,42,RPL12
2.610644492778416e-43,1.0939567871541445,0.957,0.727,7.924350293379603e-39,42,JUN
2.870819824650215e-43,0.6359509543957289,1,0.991,8.714086495743262e-39,42,RPL13
4.492236156985417e-43,0.3586671749452494,0.321,0.06,1.3635733630913535e-38,42,PLPP3
3.1276570776236736e-42,0.7184979395343141,0.79,0.327,9.493690293418898e-38,42,C12orf57
3.4711200598217306e-42,0.728970316026504,1,0.993,1.053623782958288e-37,42,RPL18A
6.021165510781431e-42,0.4337212491673894,0.34,0.069,1.8276645791425957e-37,42,PPP1R14A
1.276590934865048e-41,0.30054842227960904,0.296,0.053,3.874964123689366e-37,42,FBN1
1.4358102427849788e-41,0.3330140851479054,0.278,0.049,4.358258410949524e-37,42,BOD1
1.9286600873181677e-41,0.7117990719481164,1,0.971,5.854254829045566e-37,42,RPL10A
3.9123058346168676e-41,0.41983439226553926,0.395,0.09,1.187541313039604e-36,42,PMP22
3.93529889634454e-41,0.4811762854987799,0.383,0.087,1.1945206269964216e-36,42,CYB5A
5.208962597912933e-41,0.3545246288895198,0.296,0.055,1.5811285069704916e-36,42,ENG
6.684312056839944e-41,0.32640295619680865,0.296,0.055,2.0289560817331966e-36,42,HACD3
6.774220647644978e-41,0.3445731817185856,0.284,0.051,2.0562469353861565e-36,42,RTL8C
2.060895242884148e-40,0.41871115178631096,0.494,0.128,6.255641420250543e-36,42,SERPINH1
2.5219220592591126e-40,0.5828485050945589,1,0.993,7.65504221867511e-36,42,RPL26
3.89448178992063e-40,0.30060475563864286,0.284,0.051,1.1821310025125081e-35,42,EFEMP2
4.45023324102917e-40,0.4665498905480322,0.488,0.134,1.350823797981994e-35,42,KDELR1
5.017189530688195e-40,0.7665280889721882,0.981,0.764,1.5229177101450946e-35,42,RPL36A
5.1521229367755544e-40,0.3712679942979037,0.358,0.077,1.563875396228852e-35,42,FNDC3B
8.229555473599631e-40,0.3808480055414786,0.315,0.063,2.4979992684564317e-35,42,TGFBR3
1.6694294067893527e-39,0.6811289462333451,0.722,0.28,5.067386021368401e-35,42,ITGB1
3.712620034312273e-39,0.3698165649905919,0.302,0.059,1.1269286852151475e-34,42,VGLL4
4.521266487455591e-39,0.3825737813953257,0.389,0.09,1.37238522960227e-34,42,NFIC
9.297533968761529e-39,0.2629845494864364,0.265,0.047,2.8221734608778744e-34,42,NGRN
1.9855609401600376e-38,0.31835050363228723,0.278,0.052,6.026971677761778e-34,42,SSBP3
2.475595368158022e-38,0.4129709064470599,0.926,0.506,7.514422180506859e-34,42,DCN
2.8961496191065506e-38,0.4666627456143545,0.451,0.118,8.790972553836024e-34,42,NUPR1
3.770004601065715e-38,0.33069031459990667,0.278,0.052,1.1443471966074872e-33,42,ECE1
2.696273659207807e-37,0.28256062430939993,0.272,0.05,8.184269065159379e-33,42,DDR2
4.046173435230859e-37,0.34558499421798966,0.352,0.079,1.228175484529975e-32,42,MLXIP
4.822390978003418e-37,0.2513636063697264,0.278,0.051,1.4637885574631575e-32,42,MEG8
4.90781935826373e-37,0.6294350745980779,1,0.985,1.4897194880073727e-32,42,RPL7A
9.977690879319219e-37,0.2980217743893998,0.253,0.045,3.028628289508556e-32,42,SLC40A1
1.7500637450672938e-36,0.369401189371828,0.346,0.078,5.312143491777264e-32,42,SPART
2.085808060628072e-36,0.40225288591172914,0.383,0.093,6.331261787230449e-32,42,ZBTB16
2.401773104453779e-36,0.31990938541502034,0.284,0.056,7.290342081259001e-32,42,CTNNAL1
5.4021412879473434e-36,0.296980788610766,0.278,0.054,1.6397659665435367e-31,42,INSR
5.9442263031596316e-36,0.6103342033022154,1,0.964,1.8043104520610747e-31,42,RPL5
7.688013594698704e-36,0.3259371709948175,0.29,0.059,2.3336196465348444e-31,42,ZNF431
1.0693172770653862e-35,0.31623298886110296,0.315,0.068,3.2458056628042735e-31,42,CCNB1IP1
2.99846451848601e-35,0.31098270944627904,0.309,0.065,9.101539199412435e-31,42,COX16
4.934080132657056e-35,0.25039669748271076,0.253,0.047,1.4976906834667227e-30,42,C8orf33
7.508121081224647e-35,0.5700709147602683,1,0.989,2.2790150729949292e-30,42,RPL13A
1.6150670082115485e-34,0.9132993407141233,0.698,0.297,4.902374396725334e-30,42,NR4A1
1.8993256241891061e-34,0.2870851275010615,0.272,0.054,5.7652129996636126e-30,42,RPP21
2.4790430290758293e-34,0.4505371951235754,0.519,0.159,7.524887210456772e-30,42,APLP2
3.130724266784886e-34,0.5260635544623606,1,0.99,9.503000439398843e-30,42,RPL15
5.26506080026591e-34,0.40599433342571795,0.364,0.09,1.598156555312714e-29,42,FOXO3
6.095983249965167e-34,0.2963995090000556,0.284,0.059,1.8503747556944268e-29,42,MPST
7.893674053866433e-34,0.401874522875898,0.358,0.088,2.396045822310617e-29,42,LRP1
1.3336764666273857e-33,0.2733380439781965,0.272,0.054,4.0482415468007664e-29,42,MEF2C
2.12486216015389e-33,0.6476699876819283,1,0.959,6.449806600931118e-29,42,RPS5
2.5122044014442813e-33,0.5212639961766913,0.642,0.243,7.625545240143972e-29,42,WDR83OS
4.7439553865988255e-33,0.3795451065107136,0.37,0.095,1.4399802180482076e-28,42,MSI2
5.8465514319791624e-33,0.47279097488276567,0.463,0.135,1.774662221662955e-28,42,STMN1
1.0057369769067537e-32,0.3381783190484088,0.352,0.086,3.05281401970276e-28,42,SFT2D2
2.417439705541311e-32,0.3783891107569586,0.414,0.114,7.337896482200096e-28,42,ADH5
3.04863220671192e-32,0.5514631951219846,0.574,0.207,9.253818200253361e-28,42,MORF4L2
4.093305827633726e-32,0.6082767387042378,1,0.984,1.2424820509199412e-27,42,RPL36
5.479930329729582e-32,0.29464259465744375,0.272,0.057,1.6633780522861176e-27,42,ECHDC2
5.590565272940614e-32,0.31229499556565865,0.309,0.07,1.696960182948394e-27,42,ZKSCAN1
1.274101100469174e-31,0.32891672706240743,0.377,0.095,3.867406480364131e-27,42,ATP6V0C
1.2760681543372463e-31,0.3211040780142081,0.259,0.053,3.8733772756752776e-27,42,SYNPO2
1.3883675440806908e-31,0.37808326912162216,0.364,0.094,4.214250843302529e-27,42,ZNF106
1.8607447562574795e-31,0.31557881332112614,0.309,0.071,5.648104633143953e-27,42,RDX
3.3068685440145577e-31,0.34653132248428964,0.34,0.084,1.0037668778501788e-26,42,AC007952.4
3.4403385803330517e-31,0.5215068106841134,0.457,0.138,1.0442803726742944e-26,42,SPON2
4.831051542212405e-31,0.3056985235355183,0.272,0.058,1.4664173851231534e-26,42,GATAD1
1.3075115036925257e-30,0.8474125125266867,0.951,0.763,3.9688204183082927e-26,42,FOS
1.4369456703579194e-30,0.39389913286199896,0.414,0.119,4.361704887804428e-26,42,CFDP1
1.857729106909086e-30,0.3279252563325977,0.302,0.07,5.63895093111184e-26,42,CPXM1
2.1864418774893953e-30,0.5556539523901156,0.994,0.974,6.63672567493131e-26,42,RPL6
2.981175307154627e-30,0.6778767486360763,0.716,0.329,9.049059527337154e-26,42,HMGN2
5.000564678878301e-30,0.2599925637108209,0.278,0.061,1.5178714026267194e-25,42,PHACTR4
5.8200137799614e-30,0.40296149037638596,0.383,0.107,1.7666069827694833e-25,42,POLR2I
7.237431995741891e-30,0.28339518165875766,0.296,0.069,2.1968501079874936e-25,42,SARNP
1.4223271540315286e-29,0.28188062893017446,0.29,0.067,4.317331843347302e-25,42,TMEM18
2.220235540158457e-29,0.3858790179833423,0.401,0.118,6.739302958596981e-25,42,TIMM13
3.575348480745496e-29,0.30702485229935006,0.327,0.082,1.0852612778454878e-24,42,PLD3
4.233995401066234e-29,0.2818265248227786,0.284,0.065,1.2851869640396447e-24,42,CSNK1E
5.508859120517937e-29,0.2931546071371528,0.272,0.06,1.672159097442015e-24,42,DAB2
6.977862773937184e-29,0.41431017648242424,0.414,0.125,2.1180604664008927e-24,42,SEC31A
1.0155718417064916e-28,0.5267536658984473,1,0.993,3.0826667683158848e-24,42,RPL3
1.6543176902599114e-28,0.8728522958217793,0.506,0.178,5.021515917014935e-24,42,IGFBP5
1.8105376150816268e-28,0.5438780320121904,0.278,0.065,5.49570587681877e-24,42,RASD1
1.9002378951375083e-28,0.28044918531602675,0.265,0.059,5.767982106900392e-24,42,FBXO21
2.2741812928663415e-28,0.32697969989045,0.302,0.074,6.903049896366492e-24,42,GINM1
2.6109431226993943e-28,0.3506275391680553,0.481,0.149,7.925256754641741e-24,42,C1R
3.8415813279388207e-28,0.6125982926871808,0.346,0.093,1.1660735962825496e-23,42,SERPINE1
6.245079352708659e-28,0.3868123377083918,0.395,0.117,1.8956313867211863e-23,42,NDUFC1
6.495718659367603e-28,0.31261336739861434,0.333,0.086,1.971710441864442e-23,42,FSTL1
7.634455212060137e-28,0.2860302055510577,0.259,0.058,2.317362535068734e-23,42,TAX1BP3
7.728278251563154e-28,0.3187376478047686,0.34,0.09,2.3458415804794797e-23,42,EIF2AK2
9.79342964674618e-28,0.4290712037118778,0.543,0.197,2.972697634973335e-23,42,MGST3
1.2674704348040339e-27,0.2934626794379952,0.278,0.065,3.8472797578041646e-23,42,CCDC50
1.3520804308009424e-27,0.44856637137018507,0.593,0.226,4.1041049396531806e-23,42,NDUFA11
2.9414599915810254e-27,0.34335504073871426,0.444,0.142,8.928507658445044e-23,42,ECH1
3.043888188390522e-27,0.2755103095594833,0.265,0.061,9.23941820704059e-23,42,RERE
3.5752806678892475e-27,0.5171421823881114,0.623,0.251,1.0852406939311022e-22,42,TPM4
4.554788137037001e-27,0.5990036372305869,0.944,0.663,1.3825603911162113e-22,42,EEF2
5.654878999156616e-27,0.40832962968389197,0.253,0.058,1.7164819714039991e-22,42,F3
6.52491385715583e-27,0.3476316101052761,0.377,0.111,1.9805723522010805e-22,42,CNPY2
7.246636553802354e-27,0.3194865368975828,0.321,0.085,2.1996440595411668e-22,42,IP6K2
9.877551947628073e-27,0.3574026999619556,0.364,0.106,2.998232118183025e-22,42,FAAP20
1.0414634083027952e-26,0.2750973902883711,0.29,0.072,3.1612580295623045e-22,42,RCN2
1.0804805059875564e-26,0.3082522350515233,0.321,0.085,3.279690527874629e-22,42,SMARCE1
1.4037191963457902e-26,0.32327124341342894,0.321,0.086,4.260849248588012e-22,42,CRTAP
1.9821853370163775e-26,0.43393692909303494,0.37,0.11,6.016725371979513e-22,42,KLF10
2.4673925666865055e-26,0.444284206555369,0.426,0.142,7.489523396920219e-22,42,BNIP3L
3.2329036532827005e-26,0.5329932876053332,1,0.981,9.81315574917431e-22,42,RPS2
3.64142254841684e-26,0.3519440368012947,0.395,0.121,1.1053174003464476e-21,42,TBL1XR1
4.244559410987378e-26,0.3289587440894305,0.346,0.098,1.2883935636111089e-21,42,HUWE1
4.4795593925351813e-26,0.2510672621490439,0.265,0.062,1.359725458010129e-21,42,TSPAN4
4.6804625759804256e-26,0.3253587932159505,0.34,0.095,1.4207076103130984e-21,42,SERPINB6
6.37978026929018e-26,0.4821540287082611,1,0.98,1.9365185029403412e-21,42,RPL24
6.908118192735437e-26,0.46302276732459674,0.259,0.062,2.0968901962229144e-21,42,IFI27
9.028570787568107e-26,0.5237597108930754,0.772,0.374,2.740532376858423e-21,42,TIMP1
1.3191359589481448e-25,0.533204389991007,1,0.986,4.004105289791199e-21,42,RPL29
1.454274100953301e-25,0.2847962321424531,0.272,0.067,4.41430360603365e-21,42,C1orf122
1.8306842769662904e-25,0.31852343541577743,0.315,0.086,5.556859054303478e-21,42,PNKD
1.9979464253700064e-25,0.34620048566898104,0.389,0.121,6.064566579568117e-21,42,RBM4
6.475134084153703e-25,0.4118629770134623,1,0.999,1.965462199904015e-20,42,RPLP1
6.588650813954402e-25,0.5526930316040697,0.846,0.482,1.999919068067719e-20,42,CIRBP
6.778333561277062e-25,0.46671049986364266,0.494,0.185,2.0574953691900394e-20,42,TTC3
6.803633563953189e-25,0.35760819232672103,0.432,0.145,2.065174932002351e-20,42,MRPL51
8.350535313282713e-25,0.5133717277166397,0.66,0.291,2.5347214889938346e-20,42,NSA2
9.31466840908138e-25,0.40101200674407333,0.407,0.135,2.827374448892562e-20,42,NME3
1.5084316865763652e-24,0.26742410574448416,0.302,0.08,4.578693541433899e-20,42,SESN1
1.616429933725258e-24,0.5174254812378252,0.525,0.204,4.9065114208296485e-20,42,GLUL
1.7019701778240246e-24,0.2724329174114718,0.296,0.078,5.1661602777670445e-20,42,UBE2V1
2.084099448506223e-24,0.4902149196504434,0.679,0.297,6.32607546599579e-20,42,LAPTM4A
2.105293003437077e-24,0.5213252029032289,0.988,0.715,6.390406382632904e-20,42,RPS26
2.3416149581520736e-24,0.4065522996421027,0.494,0.175,7.107738043974804e-20,42,KCNQ1OT1
3.0061963696216277e-24,0.2587975570473727,0.395,0.119,9.125008460349489e-20,42,IGF1
3.357050854189314e-24,0.3229558942134747,0.272,0.069,1.0189992162806243e-19,42,LRRC75A
5.543869044273541e-24,0.4049688963807141,0.519,0.201,1.6827860096987907e-19,42,CCT3
7.482646052091775e-24,0.5466310274514004,0.537,0.215,2.2712823826519373e-19,42,TUBB
8.382365576602697e-24,0.601377389720277,0.79,0.449,2.5443832471219827e-19,42,NAP1L1
1.014272199781118e-23,0.2741194226990353,0.278,0.072,3.0787218352156055e-19,42,GANAB
1.1912017492556523e-23,0.30709711658093297,0.278,0.073,3.615773789690607e-19,42,RAB13
1.2298093364240176e-23,0.30934884523892925,0.309,0.086,3.732963259781463e-19,42,PHACTR2
1.2592796252810632e-23,0.2507266325393963,0.278,0.072,3.822417374578139e-19,42,POLD4
1.4425515472197154e-23,0.35295170368133144,0.34,0.101,4.378720966430724e-19,42,CALU
1.7403685338002375e-23,0.4488433838486743,1,0.993,5.282714647497241e-19,42,RPS15
2.5623148155408436e-23,0.34071381038439397,0.302,0.085,7.777650391092677e-19,42,LTBP4
3.549141357369583e-23,0.34784831665196225,0.426,0.146,1.0773063676159632e-18,42,IFI27L2
4.054417924196654e-23,0.6865956389663519,0.778,0.456,1.2306780167106523e-18,42,IER2
4.295422133180332e-23,0.2655728227088301,0.259,0.066,1.303832434305558e-18,42,MRPL4
6.549863822600594e-23,0.3022237568653715,0.34,0.102,1.9881456647121844e-18,42,NDUFS4
1.1954999619798516e-22,0.27142357953490714,0.284,0.077,3.628820584593641e-18,42,EIF4EBP2
1.5534274758385655e-22,0.3127846824025431,0.346,0.107,4.715273760160381e-18,42,TOMM5
1.7734570507402516e-22,0.36593756581548365,0.395,0.133,5.3831515318169595e-18,42,KLF9
1.9155621265401357e-22,0.4550715668183076,1,0.953,5.814497278899928e-18,42,NACA
2.8044923911872837e-22,0.45999983895541824,0.574,0.25,8.512756204209882e-18,42,SELENOW
3.5471288576512177e-22,0.38154965185211903,0.432,0.156,1.0766954934514506e-17,42,EPB41L4A-AS1
4.451383113416136e-22,0.36607025831868295,0.451,0.166,1.3511728302463339e-17,42,PHPT1
1.378805964639214e-21,0.4602639307494404,0.679,0.326,4.18522762506587e-17,42,SRRM2
1.716480850742682e-21,0.32100493264175367,0.364,0.12,5.210205974344337e-17,42,ACAP2
2.085929431972965e-21,0.2991685922294275,0.315,0.095,6.331630197810739e-17,42,UPF3A
2.5716624909487874e-21,0.38511306519411825,0.494,0.199,7.806024325025949e-17,42,CLTA
3.8834662543521706e-21,0.3286548682708928,0.259,0.07,1.1787873468460578e-16,42,FBXO32
1.091440088576354e-20,0.4076620760262433,0.574,0.251,3.3129572448646645e-16,42,LY6E
1.5902873773608415e-20,0.3714037824441819,0.426,0.16,4.827158305241099e-16,42,NONO
1.6601516254846608e-20,0.3643343488726272,0.549,0.234,5.039224243996139e-16,42,LSM7
1.91669708280654e-20,0.46591048182489425,1,0.989,5.817942325150971e-16,42,RPS9
2.868689114519788e-20,0.2522815192410832,0.284,0.083,8.707618938213365e-16,42,GRHPR
3.026512737987416e-20,0.258676787222703,0.284,0.083,9.186676764887003e-16,42,PSMB5
5.448776175902387e-20,0.3632881799640158,0.414,0.155,1.6539215204334106e-15,42,RTF1
5.908039946553963e-20,0.2544148650723294,0.284,0.083,1.79332644537699e-15,42,LARP1
6.465470886596648e-20,0.3031339437788324,0.364,0.125,1.9625290329175466e-15,42,BTF3L4
6.639101395817786e-20,0.4474691875246464,1,0.945,2.015232837686531e-15,42,RACK1
6.892875382292938e-20,0.26496628063757677,0.309,0.096,2.092263393541198e-15,42,MLF2
7.365228283790585e-20,0.34545337673011045,0.389,0.14,2.2356413932617942e-15,42,HMGN3
8.377382100375225e-20,0.26398759247249914,0.315,0.098,2.5428705627478957e-15,42,UBE2G2
1.4201058648809558e-19,0.2517469684224485,0.302,0.093,4.310589342259653e-15,42,LARS
1.4846600999779138e-19,0.342023157656673,0.401,0.148,4.5065372674729596e-15,42,ALKBH7
2.5717665592786756e-19,0.46992304410119246,0.71,0.386,7.806340214034492e-15,42,UQCRH
3.57830917800052e-19,0.5134400888413615,0.549,0.244,1.086159967890278e-14,42,SPARCL1
4.391317721964179e-19,0.3711678713137414,1,0.99,1.3329405813250067e-14,42,RPS6
5.00050695792451e-19,0.27882025241040753,0.383,0.134,1.5178538820084057e-14,42,RRBP1
5.073067111976988e-19,0.5577324506914367,0.907,0.778,1.5398787911694948e-14,42,JUNB
7.628341927320644e-19,0.4999993126034845,0.765,0.445,2.315506908618908e-14,42,NDUFA4
8.303742296937111e-19,0.31458442848241835,0.377,0.135,2.5205179368122908e-14,42,LMAN1
8.4378212370189255e-19,0.2894777621201994,0.309,0.1,2.5612162582847248e-14,42,MPG
9.967770953751275e-19,0.43123453295997705,0.611,0.299,3.025617195301662e-14,42,LDHB
1.1153514227865587e-18,0.2548831093008399,0.284,0.087,3.38553770872632e-14,42,TARDBP
1.5253049460936262e-18,0.30133833362396867,0.414,0.152,4.629910633372593e-14,42,SELENOP
1.7907393295111724e-18,0.5130668662747158,0.685,0.375,5.4356101607982127e-14,42,HSP90B1
2.5729148439145546e-18,0.37286580916940526,1,0.996,7.809825717218239e-14,42,RPL32
2.6411289542168895e-18,0.3851649627008056,0.506,0.223,8.016882827629946e-14,42,UBXN4
3.2553990430757934e-18,0.26965517972377495,0.309,0.101,9.881438255352264e-14,42,ECHS1
3.4800630673942376e-18,0.3216578605684348,0.401,0.154,1.0563383434768469e-13,42,PHB2
6.1857535014686605e-18,0.44379695889632065,0.79,0.433,1.8776236178357973e-13,42,PPIB
6.32558876371439e-18,0.3253580229760709,0.444,0.18,1.9200692133378659e-13,42,MRPS21
6.886199374680442e-18,0.2787780233933945,0.315,0.106,2.0902369581905012e-13,42,COMT
8.973642892067703e-18,0.3608672586948831,1,0.999,2.7238595634582305e-13,42,RPL41
1.1440321962860888e-17,0.3118617877311665,0.389,0.145,3.472595328606794e-13,42,PTMS
1.355012051188889e-17,0.3533398703385098,1,0.995,4.113003580178754e-13,42,RPS24
1.5656619426231416e-17,0.3341645581298079,0.463,0.195,4.752410260638284e-13,42,SNRNP70
2.078401938297839e-17,0.3612315658308467,1,0.995,6.308781243509261e-13,42,RPL39
2.122817840154879e-17,0.3797741610106309,1,0.995,6.443601272006119e-13,42,RPS4X
2.6509088803680018e-17,0.46660888920407473,0.988,0.921,8.046568815469033e-13,42,ACTG1
3.489661465355014e-17,0.2615435026718136,0.284,0.09,1.059251841193861e-12,42,DST
3.879150128516954e-17,0.266161999277989,0.309,0.104,1.1774772300100362e-12,42,MBNL2
6.658077089349885e-17,0.26360479243287016,0.296,0.099,2.020992719701264e-12,42,FAM162A
7.147266434310945e-17,0.2501037473379508,0.278,0.09,2.1694812534707445e-12,42,SUCLG1
7.438557686976709e-17,0.30118629159424376,0.346,0.124,2.25789980030491e-12,42,TSC22D1
8.792266410262955e-17,0.3883772272220667,1,0.985,2.668804546171217e-12,42,RPS16
9.026038036711983e-17,0.39755095994358114,0.556,0.266,2.7397635856635553e-12,42,SLC38A2
1.5119736367314698e-16,0.3440907262982123,0.407,0.168,4.589444776934703e-12,42,ATP5F1A
1.7885070500071785e-16,0.2972669369935306,0.302,0.105,5.42883429959179e-12,42,ZNF428
2.5792078289539717e-16,0.2743362335931756,0.302,0.104,7.828927444006886e-12,42,MED13L
2.6753807054607792e-16,0.2608304528297869,0.333,0.121,8.120850593355649e-12,42,DCXR
3.014353365713712e-16,0.3183127243636993,0.488,0.216,9.149768206287402e-12,42,SMDT1
3.2191573870407394e-16,0.27964569384338034,0.315,0.112,9.77143033262346e-12,42,HDLBP
3.5147696919293504e-16,0.373969247453936,0.926,0.701,1.0668731922882351e-11,42,LGALS1
3.571829147581462e-16,0.5617809134179286,0.926,0.913,1.0841930194568769e-11,42,VIM
3.6518249517828754e-16,0.34071953404474886,1,0.993,1.108474945864174e-11,42,RPS23
4.238405284627791e-16,0.5724974331815229,0.364,0.143,1.2865255400959196e-11,42,ID3
5.162279019575119e-16,0.3505155666528307,0.654,0.336,1.5669581736018317e-11,42,SNRPD2
5.386948017819454e-16,0.37049068596138834,1,0.983,1.635154201328917e-11,42,RPS13
5.892747744449484e-16,0.2919219602891361,0.352,0.134,1.7886846503501964e-11,42,ATP5MC1
6.923143943340189e-16,0.4169899908236088,0.488,0.238,2.1014511125614808e-11,42,VPS28
8.463285186652052e-16,0.4471589954308355,0.87,0.595,2.5689455855563638e-11,42,ZFAS1
8.630863270721079e-16,0.27107028780964026,0.284,0.097,2.6198122371946763e-11,42,TXN2
8.81810033449942e-16,0.32731818795823886,0.617,0.31,2.6766461755339538e-11,42,PCBP2
1.0016863132939905e-15,0.459328501490774,0.87,0.661,3.0405186353725786e-11,42,FOSB
1.2513715967663566e-15,0.28426497318232763,0.549,0.253,3.798413344824599e-11,42,EID1
1.3927013437782385e-15,0.34606537803568527,1,0.996,4.2274056589044654e-11,42,RPL28
1.6912142148645072e-15,0.354043660518067,0.438,0.195,5.133511627799725e-11,42,HNRNPD
3.5351363384233396e-15,0.5007089378217522,1,0.979,1.0730552841650205e-10,42,TMSB10
4.361238530299712e-15,0.37844732298910505,0.537,0.272,1.3238103434871745e-10,42,UQCR10
4.738402794816613e-15,0.266303430133785,0.383,0.155,1.4382947843386347e-10,42,PSMB4
5.1046945861700406e-15,0.3761872881644758,0.537,0.267,1.5494789946860542e-10,42,STAT3
8.411364611098955e-15,0.2570971753576413,0.278,0.096,2.553185614052977e-10,42,NBL1
1.2808893336709552e-14,0.2862354859140417,0.481,0.222,3.8880114834248173e-10,42,NDUFB4
1.3214478904510979e-14,0.3222338755581576,0.512,0.246,4.0111229266752625e-10,42,MTDH
1.436230098601296e-14,0.2585592365606957,0.296,0.109,4.359532841294374e-10,42,ETFB
1.572524369112208e-14,0.31612365573371726,1,0.984,4.773240470003197e-10,42,RPL8
1.7848634140107147e-14,0.3614185216281367,1,0.925,5.417774406888124e-10,42,RPSA
1.920741309933084e-14,0.2616256082261519,0.302,0.112,5.830218172170883e-10,42,GLG1
2.1547811571844055e-14,0.25080642210946946,0.309,0.115,6.540622724517544e-10,42,NHP2
2.4011633035764706e-14,0.37887442011152506,0.426,0.184,7.288491091676019e-10,42,TAGLN
3.4028803460121723e-14,0.25110040831770947,0.272,0.093,1.0329103002285347e-9,42,ACTA2
4.5289228761533036e-14,0.2755501279250944,0.401,0.172,1.3747092498275739e-9,42,WASF2
5.5114783331368913e-14,0.3604580490109819,0.969,0.827,1.672954133240372e-9,42,H3F3A
7.9628888683934e-14,0.3211093586751105,0.531,0.258,2.4170552871121324e-9,42,DSTN
7.974325033784361e-14,0.3108402013911231,1,0.993,2.420526620754905e-9,42,RPS3A
8.276990174027643e-14,0.30730273710306955,0.698,0.382,2.512397597424351e-9,42,DDX17
1.0052095397567356e-13,0.2980825246321762,0.549,0.277,3.0512130369775955e-9,42,TBCA
1.0405946923033797e-13,0.2896342979456402,0.494,0.237,3.1586211290176786e-9,42,SEM1
1.0523017362357553e-13,0.4227909859025689,0.765,0.497,3.1941566901700117e-9,42,ATP5MC2
1.3200680754624491e-13,0.27124460513608323,0.346,0.141,4.006934636258718e-9,42,ATRAID
1.3258249986990988e-13,0.26781107401915877,0.37,0.156,4.024409201051245e-9,42,SIVA1
1.964806569049341e-13,0.30577597446785765,0.593,0.312,5.963973859692369e-9,42,COX5B
2.5105074698869215e-13,0.2500766309660344,0.278,0.103,7.620394374094761e-9,42,RBM22
2.5673759325399566e-13,0.31532362917166756,0.543,0.273,7.793012905631785e-9,42,ATP5IF1
4.2617978812554295e-13,0.3190564127522282,0.975,0.805,1.2936261288762731e-8,42,RPL31
5.418666343581554e-13,0.26432170649804976,0.457,0.212,1.6447819819307446e-8,42,CEBPD
6.21420307675768e-13,0.29491100007561966,0.488,0.237,1.8862592019190263e-8,42,PNN
6.716193505388992e-13,0.31363862776764245,0.451,0.221,2.0386333766257746e-8,42,BRK1
7.467672606311063e-13,0.32498644312818437,0.512,0.264,2.26673734291966e-8,42,ATP5PF
8.268702259576209e-13,0.3136921093309084,0.519,0.267,2.5098818838717625e-8,42,ARL6IP4
9.324235598989108e-13,0.27753447395034125,0.395,0.178,2.830278473717154e-8,42,AP2M1
1.1112646616536946e-12,0.2869725863327459,1,0.994,3.373132753983625e-8,42,RPS28
1.6349869381897296e-12,0.36303242119588963,0.5,0.261,4.9628393521811056e-8,42,YWHAE
1.7256468179174157e-12,0.2997762897409818,0.438,0.212,5.2380283511065234e-8,42,EIF3D
1.7718056770188591e-12,0.33167980850969714,0.481,0.247,5.378138952023045e-8,42,MRFAP1
2.7985208321192254e-12,0.25057690206453237,0.469,0.224,8.494630133814697e-8,42,FOXP1
3.2346428087707487e-12,0.33867862512751623,0.889,0.656,9.818434781742731e-8,42,SRP14
3.978602375704698e-12,0.3236004133718726,0.988,0.938,1.207664965121404e-7,42,RPL22
4.123026986067584e-12,0.3070756573072714,0.481,0.248,1.2515036113509545e-7,42,CUTA
4.52669776803643e-12,0.25730951100685917,0.358,0.156,1.374033840509778e-7,42,ANXA6
5.148928880173237e-12,0.28155002440161964,0.414,0.197,1.5629058722877843e-7,42,SELENOH
5.280895946207533e-12,0.335312934639711,0.778,0.503,1.6029631555118345e-7,42,DYNLL1
6.237276692842556e-12,0.29461951127173747,0.506,0.262,1.8932629673454295e-7,42,ATP5MC3
9.731685088106277e-12,0.3010869450244744,1,0.979,2.9539556916437795e-7,42,RPL27A
1.5852045376547737e-11,0.29438579596438863,0.747,0.458,4.8117298535973e-7,42,HNRNPC
1.6965379810584076e-11,0.25783866082579243,0.37,0.17,5.149671387704691e-7,42,SNRPE
1.711253076335372e-11,0.30158846571331743,1,0.993,5.194337587908389e-7,42,RPL30
2.1757742562570145e-11,0.26136075006358633,0.389,0.181,6.604345177442542e-7,42,NDUFC2
2.186977997094483e-11,0.29635173469403925,0.414,0.202,6.638353012380593e-7,42,COX7A2L
2.405198444890113e-11,0.2579252373386808,0.364,0.164,7.300739359619449e-7,42,GABPB1-AS1
2.5885294338059247e-11,0.2643046350656431,0.519,0.271,7.857222243374504e-7,42,NDUFA13
3.127367639545096e-11,0.2679867545352641,1,0.995,9.492811733075184e-7,42,RPL11
3.272221199142772e-11,0.2526480799693378,0.296,0.125,9.93250022787797e-7,42,PRKDC
3.4664435248253065e-11,0.2542471714187611,0.827,0.554,1.0522042675254736e-6,42,CD63
3.919792820483235e-11,0.320740301066069,0.444,0.231,1.1898139127294812e-6,42,SF3B6
4.5637289521030685e-11,0.2995022550753078,0.827,0.553,1.3852742861213654e-6,42,CHCHD2
5.175197442797555e-11,0.25550478396637766,0.562,0.3,1.5708794317867698e-6,42,TPI1
5.907614093746677e-11,0.265558718691025,0.296,0.125,1.7931971820158662e-6,42,IRS2
6.71066464537935e-11,0.27537961734294186,0.333,0.152,2.036955146458448e-6,42,DDX39B
7.985884010935647e-11,0.26932103391858053,0.549,0.304,2.4240352326794063e-6,42,PARK7
9.939464698899432e-11,0.25197371973542193,1,0.999,3.0170251147039334e-6,42,RPL10
1.1911267678767256e-10,0.2558820693339419,0.315,0.14,3.615546191213013e-6,42,HSBP1
1.5108558774790935e-10,0.2652926816220824,0.512,0.274,4.58605193050004e-6,42,GYPC
1.8934122581218398e-10,0.27189297271446566,0.352,0.165,5.747263568303032e-6,42,CNN2
2.1176066288949924e-10,0.2753908253480555,0.265,0.113,6.42778316134786e-6,42,VKORC1
2.436913091504779e-10,0.33187428176416955,0.846,0.653,7.397005997953607e-6,42,COX4I1
2.6594176835505673e-10,0.26243316084036733,0.407,0.206,8.072396436649392e-6,42,MZT2A
3.074161551966293e-10,0.32323699075843615,0.611,0.38,9.331309974838485e-6,42,MZT2B
3.2407479497135996e-10,0.30215849018567176,0.92,0.724,9.83696632656066e-6,42,RPL4
3.360214103883887e-10,0.28672102659016263,0.586,0.344,1.0199593890929151e-5,42,EIF3F
3.902040125401261e-10,0.2569149658475202,0.469,0.249,1.1844252596642988e-5,42,ANP32B
4.739579960456522e-10,0.2788650018307157,1,0.988,1.4386521011969727e-5,42,RPL37A
6.254463285820435e-10,0.2876637217149797,0.333,0.161,1.898479785777935e-5,42,BANF1
7.319161216268462e-10,0.26188489203827503,1,0.971,2.221658195586129e-5,42,UBA52
9.389975506450658e-10,0.27857375409954444,0.611,0.366,2.8502331652280328e-5,42,SERBP1
9.841424828192095e-10,0.2782919977796079,0.79,0.519,2.9872660923494286e-5,42,SLC25A6
1.3870287256337435e-9,0.25811965426633143,0.58,0.331,4.210186993788665e-5,42,SF1
1.6974247233338696e-9,0.27916926544461323,0.389,0.2,5.152363005207628e-5,42,MPHOSPH8
2.75514172896998e-9,0.37081304950260136,0.364,0.19,8.362957204115477e-5,42,ISG15
5.780888989923711e-9,0.3482519318261692,0.821,0.619,1.754731044001443e-4,42,PPIA
7.945415720248132e-9,0.264921634345747,0.698,0.446,2.4117514877241178e-4,42,NDUFS5
4.130692731782345e-8,0.26224080583241477,0.395,0.216,0.001253830471805213,42,XRCC5
2.580362646116446e-7,0.2601965225287049,0.401,0.233,0.00783243277602186,42,ATRX
3.7697773327607963e-4,0.33072462376794076,0.389,0.284,1,42,IRF1
